pair_id,timestamp,label1,label2,same_zone,mdrac,distance,closing_speed,closing_accel,speed_diff,ttc,yaw_diff,yaw_rate,min_safe_dist,ttc_min_dist,ttc_severity_score,traj_min_dist,traj_time_horizon,traj_severity_score,env_min_dist,env_max_overlap_prob,env_time_horizon,env_severity_score,decel_initial_speed,decel_final_speed,decel_speed_change,decel_avg_deceleration,decel_max_deceleration,decel_observation_time,decel_num_frames_observed,decel_alignment,decel_severity,decel_model,link,near_miss_probability,prediction
14080552_14080781,2025-06-05 03:58:59.874731064,4,4,1,13.87608814239502,9.791590690612791,6.1311540603637695,-4.071394626355188,8.042265892028809,1.5970224142074585,0.6714348793029785,2.0562237592721635,3.094970703125,0.186879548093294,0.0112831893356633,0.5454235202173159,1.68,0.2791246592,0.8646669879999996,0.4146030045999999,1.1424000000000007,0.5447137350000001,13.661349296569824,9.346017837524414,4.31533145904541,2.8668441772460938,7.167702577840002,1.505255,16.0,0.9979123039066,4,1.0,https://di-india-collab.flow-analytics.io/tools/replay/2025-06-05T03:58:59Z,0.9462235738602089,1
14102125_14102751,2025-06-05 04:39:07.833400011,6,4,1,32.15465087890625,8.285552978515625,13.733028411865234,-2.177736002058564,9.589865684509276,0.6033303737640381,173.4530029296875,2.352319725922217,4.00830078125,1.871512756483583,0.2051302829658289,2.281396083721613,0.48,0.00643050062,2.080908693999999,0.3066860177999999,0.8255999999999999,1.3350134999999992,11.343992233276367,11.48466968536377,-0.1406774520874023,-0.0741851925849914,3.5131457012748517,1.896301,21.0,0.9774360737265708,2,1.0,https://di-india-collab.flow-analytics.io/tools/replay/2025-06-05T04:39:07Z,0.9954006585031745,1
14116704_14117019,2025-06-05 05:02:09.859385967,4,4,1,18.53882090250651,9.470605850219728,7.461674690246582,-0.2215776252253141,0.1919188499450683,1.269233226776123,173.7047882080078,17.21446894507345,3.16552734375,2.0730424366931186,0.1459675393327678,2.074042050868779,1.2,0.00392194212,1.9637499819999988,0.2871683374,1.152000000000001,0.5466968863999999,3.919698476791382,5.564383029937744,-1.6446845531463623,-0.548258364200592,3.4673231507556395,2.999835,31.0,0.982006185424779,2,1.0,https://di-india-collab.flow-analytics.io/tools/replay/2025-06-05T05:02:09Z,0.7486894497121883,1
14119498_14119540,2025-06-05 05:05:40.347320080,8,4,1,14.000998814900717,9.957919120788574,6.02379846572876,-0.8616989602566522,3.1315760612487797,1.653096318244934,11.945945739746094,-18.671092970673755,5.53564453125,0.4274739175139959,0.0254309636453444,0.4640503207576869,1.68,0.331904172,0.9712130837999996,0.4365508415999998,1.1376000000000008,0.4895908972,7.379659175872803,5.818702697753906,1.5609564781188965,0.521578311920166,3.2244998144629773,2.992756,31.0,0.993020960447076,2,1.0,https://di-india-collab.flow-analytics.io/tools/replay/2025-06-05T05:05:40Z,0.6752526178288666,1
14138714_14139217,2025-06-05 05:26:42.062431097,4,4,1,16.206336975097656,7.485206604003906,6.31456995010376,2.8773190206391352,3.3870410919189453,1.1853866577148438,163.04676818847656,6.132902869372304,3.257080078125,0.2882776738847898,0.0208521882245776,0.306279659781265,1.2,0.3915453978,0.3671711548000001,0.4329779213999999,1.1280000000000008,0.5337692338000001,4.992054462432861,9.873461723327637,-4.881407260894775,-1.6696056127548218,5.656562177349676,2.923689,29.0,0.9567769001808984,3,1.0,https://di-india-collab.flow-analytics.io/tools/replay/2025-06-05T05:26:42Z,0.9949419863024893,1
14141174_14141588,2025-06-05 05:29:35.144072056,4,7,1,9.609694753374372,4.960980415344238,3.716097354888916,-0.7731066811463387,2.9387130737304688,1.3349974155426023,178.5457305908203,7.101180275097465,4.45068359375,1.8684190115770565,0.1275647832225205,1.88110342880536,1.2,0.0013333788,1.909287943999999,0.3003981602,1.1520000000000008,0.3423881931999999,3.5859060287475586,6.646418571472168,-3.0605125427246094,-1.05415141582489,0.5593661522225627,2.903295,30.0,0.75978037116076,1,1.0,https://di-india-collab.flow-analytics.io/tools/replay/2025-06-05T05:29:35Z,0.7629418509053518,1
14145920_14146002,2025-06-05 05:34:52.942528963,4,4,1,15.456650161743164,9.480345726013184,6.363086223602295,-2.121526176187312,3.129455089569092,1.48989737033844,169.25753784179688,2.936044264663498,3.17529296875,0.1421348742106339,0.0089271102484589,0.3459526046308642,1.44,0.3992487073999999,0.4037883636,0.4331749405999999,1.1520000000000008,0.5635568870000001,4.592134952545166,6.394775867462158,-1.802640914916992,-0.6207994818687439,1.1787584977799168,2.903741,30.0,0.9691911568121776,1,1.0,https://di-india-collab.flow-analytics.io/tools/replay/2025-06-05T05:34:52Z,0.7004630670752583,1
14149680_14149809,2025-06-05 05:38:41.777189970,4,4,1,17.428798993428547,9.86472225189209,7.312758922576904,-1.5502923246660103,5.361171245574951,1.348974108695984,63.21178436279297,16.994117856450718,2.92626953125,0.46364973577897,0.031153993408973,0.8298161130600804,1.44,0.1338504886599999,0.9531201519999994,0.3915183591999998,1.180800000000001,0.5345811507999999,6.291130065917969,3.704766988754273,2.5863630771636963,0.8639517426490784,3.109375748710822,2.993643,31.0,0.9660744652918328,2,1.0,https://di-india-collab.flow-analytics.io/tools/replay/2025-06-05T05:38:41Z,0.5296068116603734,1
14150154_14150306,2025-06-05 05:39:24.839050055,6,4,1,22.07669993809291,8.854854583740234,8.679433822631836,-0.399592064720756,7.861473560333252,1.020211100578308,15.21919059753418,-532.6225200620928,3.17822265625,1.084236374028798,0.0865631606192621,1.1531936147067794,0.96,0.0045625805399999,1.2438323496,0.3374402502,0.9072000000000005,0.6571745520000002,8.564858436584473,9.222143173217772,-0.6572847366333008,-0.4699049592018127,1.4844485509337086,1.398761,15.0,0.9974740108746272,1,1.0,https://di-india-collab.flow-analytics.io/tools/replay/2025-06-05T05:39:24Z,0.9844439325287327,1
14150306_14150496,2025-06-05 05:39:39.035274982,4,4,1,27.998909759521485,7.463059902191162,11.319896697998049,-0.2004750183954972,11.1087007522583,0.6592869162559509,157.33956909179688,68.63857991732151,2.99072265625,0.6126437691179943,0.0631964425345822,0.960735932337744,0.72,0.0285524484799999,1.0487359780000003,0.3536643398,0.7008,1.0464735155999991,11.573908805847168,11.308231353759766,0.2656774520874023,0.2655569016933441,1.7916744571467198,1.000454,11.0,0.9926407334728824,1,1.0,https://di-india-collab.flow-analytics.io/tools/replay/2025-06-05T05:39:39Z,0.9965693045606583,1
14151661_14151700,2025-06-05 05:41:30.545202017,4,4,1,27.78443260192871,9.282788276672363,11.465250015258787,-0.7741318027539489,10.689530372619627,0.8096455335617065,81.35552978515625,-20.675978805497635,2.726318359375,1.2530756249941928,0.1149375350798874,1.5235402541969305,0.72,0.0061657097599999,1.6973176859999992,0.2915656752,0.8880000000000002,1.0270574147999996,11.150846481323242,0.9925143718719482,10.158331871032717,3.4783172607421875,24.884940293844995,2.920473,27.0,0.9916755996244702,4,1.0,https://di-india-collab.flow-analytics.io/tools/replay/2025-06-05T05:41:30Z,0.9790758698271684,1
14167220_14167221,2025-06-05 05:58:38.166671038,4,4,1,29.63355573018392,9.313928604125977,11.966425895690918,-0.8765314367647419,1.9398751258850095,0.7783383727073669,172.96340942382812,3.0870170869215543,3.190673828125,2.068614934335039,0.19493757216599,2.083046828118553,0.72,0.0062061979799999,2.0676144699999988,0.294243273,0.8256000000000001,1.1809374799999997,7.023374080657959,8.225966453552246,-1.202592372894287,-0.4162720143795013,0.9221709221082828,2.888958,30.0,0.9874576913443222,1,1.0,https://di-india-collab.flow-analytics.io/tools/replay/2025-06-05T05:58:38Z,0.8255726072729299,1
14170077_14170188,2025-06-05 06:00:01.915590048,4,4,1,1.7271111183475256,8.708046913146973,3.503905773162842,-0.6004246039721934,1.7615337371826172,2.4852399826049805,4.70004415512085,-28.03662632945398,3.17236328125,1.1852500634694338,0.0556967254066659,1.193330797018698,2.4,0.00154724756,1.5182106599999992,0.3342712722000001,1.1520000000000008,0.3110357024000001,2.325197696685791,0.5269455313682556,1.7982521057128906,0.6196422576904297,12.924510499545503,2.902081,21.0,0.9998268497707484,4,1.0,https://di-india-collab.flow-analytics.io/tools/replay/2025-06-05T06:00:01Z,0.5944303515870433,1
14170940_14170988,2025-06-05 06:00:58.872231960,4,4,1,6.6102019191609935,6.049400806427002,3.98621129989624,-0.7456163087790575,1.001323699951172,1.517581582069397,2.350022077560425,-25.6242077333546,3.072021484375,0.331834883791398,0.0207369272471718,0.4416814476754744,1.44,0.2357884620000001,0.8637409645999999,0.3859070265999999,1.108800000000001,0.3860274823999998,3.1312077045440674,2.314082622528076,0.8171250820159912,0.281518280506134,2.2574619695829923,2.902565,29.0,0.999286483232672,2,1.0,https://di-india-collab.flow-analytics.io/tools/replay/2025-06-05T06:00:58Z,0.7379159228434387,1
14173204_14173321,2025-06-05 06:03:14.997467041,7,4,1,9.648462166674076,6.331287860870361,2.7383594512939453,5.2701474866414175,-3.245065927505493,2.312073230743408,5.371479034423828,8.167540213491835,3.819580078125,0.6850178383137006,0.0334772195262353,0.7547052922333326,2.4,0.0776265761599999,1.0314399402000003,0.4252817053999998,1.166400000000001,0.2774150746,0.5526551604270935,1.8574752807617188,-1.3048200607299805,-0.4473942816257477,12.94679373826239,2.916488,26.0,0.9950194477878278,4,1.0,https://di-india-collab.flow-analytics.io/tools/replay/2025-06-05T06:03:14Z,0.846334836443811,1
14174800_14174853,2025-06-05 06:04:31.212966919,8,4,1,10.89025910695394,7.152428150177002,4.462580680847168,-1.068621357538435,1.3809829950332642,1.6027560234069824,168.75396728515625,3.215990782067633,5.26171875,1.7563189416494105,0.1074873012455547,1.7824951120446,1.44,0.00148073912,1.8605458039999996,0.309721917,1.1472000000000009,0.408806122,3.069939374923706,3.1372299194335938,-0.0672905445098877,-0.023059245198965,1.822279117908473,2.918159,30.0,0.8736771489295483,1,1.0,https://di-india-collab.flow-analytics.io/tools/replay/2025-06-05T06:04:31Z,0.6974300272988152,1
14178273_14178502,2025-06-05 06:06:56.395747900,4,4,1,24.32786254882813,7.691564083099365,12.774964332580566,-29.708646032319983,3.181868553161621,0.6020810604095459,174.4601593017578,-43.08173828290798,3.022705078125,0.2816198489209305,0.0304985418026746,1.543646253551478,0.72,0.02674382678,1.3367407183999995,0.3364702589999999,0.7295999999999998,1.4008993394,9.222037315368652,10.607810020446776,-1.385772705078125,-0.6317649483680725,9.755790574854434,2.193494,21.0,0.9953357736754852,4,1.0,https://di-india-collab.flow-analytics.io/tools/replay/2025-06-05T06:06:56Z,0.996517407096747,1
14183000_14184255,2025-06-05 06:10:19.476465940,4,4,1,12.460091272989908,6.827266693115234,5.021143436431885,-0.3555965537816701,3.596567392349243,1.359703540802002,99.79100036621094,491.5939945208602,3.01025390625,1.497130529914875,0.1009476597416543,1.5738555599518882,1.2,0.0015557156399999,1.80618254,0.3161679986000001,1.152000000000001,0.4232208252000001,4.597143650054932,3.446031332015991,1.1511123180389404,0.3940838575363159,1.967955651683828,2.920983,30.0,0.950200646581102,1,1.0,https://di-india-collab.flow-analytics.io/tools/replay/2025-06-05T06:10:19Z,0.7558018324501437,1
14183957_14185756,2025-06-05 06:11:32.171888113,4,4,1,13.50534210205078,9.54104232788086,5.782186985015869,-1.44592413555691,4.768598556518555,1.650075078010559,102.673583984375,-7.494162879709386,3.16064453125,1.0755836017200622,0.0644727217295937,1.1156155571204007,1.68,0.0030812747,1.2175458292000003,0.367134291,1.1520000000000008,0.4399753176000001,5.816684722900391,1.9185782670974727,3.898106575012207,1.34194016456604,3.550452339017392,2.904829,30.0,0.9909969704489184,2,1.0,https://di-india-collab.flow-analytics.io/tools/replay/2025-06-05T06:11:32Z,0.8414421054163009,1
14190305_14191401,2025-06-05 06:15:35.499161959,4,4,1,9.214829049353236,6.881552696228027,6.554364204406738,7.331520837176223,2.254689931869507,1.0499191284179688,15.331096649169922,10.724897909031178,3.13427734375,0.9999667781549634,0.078436664331033,1.096071654963735,0.96,0.0017425218,1.18222976,0.3518854631999999,1.0752000000000008,0.4594552154000001,3.173611879348755,1.8507226705551147,1.32288920879364,0.4562657475471496,5.576493201608609,2.8993830000000003,29.0,0.9928373547255008,3,1.0,https://di-india-collab.flow-analytics.io/tools/replay/2025-06-05T06:15:35Z,0.9958541786406029,1
14199058_14200189,2025-06-05 06:21:10.647653103,4,4,1,7.761983513832092,2.6418960094451904,3.781284093856812,-1.9864848489357736,2.5538220405578613,0.6986769437789917,96.44781494140624,-25.53368880258765,3.0947265625,1.145698118046773,0.1146667439743666,1.2028187167214397,0.48,0.00117828502,1.5427535557999996,0.3049869443999999,0.7439999999999999,0.3747197234,3.635741949081421,8.108278274536133,-4.472536087036133,-1.5446256399154663,0.0,2.895547,30.0,0.6837465126261983,0,1.0,https://di-india-collab.flow-analytics.io/tools/replay/2025-06-05T06:21:10Z,0.9700196997598205,1
14209466_14209534,2025-06-05 06:26:44.110902071,4,4,1,6.749432022758002,7.456989288330078,4.244932651519775,11.415528490936856,-0.6358890533447266,1.756680250167847,8.728652954101562,14.083676488135126,3.0859375,1.3536152288874932,0.0782927177870338,1.3560448073464424,1.68,0.00145514532,1.5344196859999994,0.3279929694000001,1.1472000000000009,0.3814096772000002,3.129271984100342,3.5982213020324707,-0.4689493179321289,-0.157006487250328,11.389990542660438,2.986815,29.0,0.9907062053910728,4,1.0,https://di-india-collab.flow-analytics.io/tools/replay/2025-06-05T06:26:44Z,0.8591740396968739,1
14209534_14210566,2025-06-05 06:27:32.085581064,4,4,1,17.33920192718506,8.970257759094238,6.618512153625488,-8.339018695990179,-1.1972532272338867,1.3553284406661987,5.595290660858154,-5.137596862728676,3.0107421875,0.1761432344221697,0.0117227905805575,0.5908336284656438,1.44,0.2996265936,0.8884601793999998,0.390348184,1.1424000000000007,0.551830038,5.14816951751709,7.628582000732422,-2.480412483215332,-0.8555102348327637,14.48108079824018,2.899337,29.0,0.9967980923949364,4,1.0,https://di-india-collab.flow-analytics.io/tools/replay/2025-06-05T06:27:32Z,0.9957224901440942,1
14213335_14214730,2025-06-05 06:31:34.272236109,4,4,1,17.27440948486328,9.630252838134766,6.854706764221191,0.4561348796720673,2.7933907508850098,1.4049110412597656,165.28387451171875,17.416751203496702,3.19189453125,0.8476765916481273,0.0558305148323872,0.904789029816654,1.44,0.07447336802,1.0829404309999997,0.3914792688,1.176000000000001,0.5080176068,4.69376802444458,5.782505035400391,-1.0887370109558103,-0.3758465945720672,0.2985268809424395,2.896759,18.0,0.9933208602293346,1,1.0,https://di-india-collab.flow-analytics.io/tools/replay/2025-06-05T06:31:34Z,0.9715144188014799,1
14213335_14214797,2025-06-05 06:31:35.585803032,4,4,1,15.10634978612264,9.79399871826172,5.997066020965576,0.3047845985027264,2.706559181213379,1.633131742477417,160.44395446777344,20.570984217931404,3.14453125,0.133377723148486,0.0079275824281886,0.3127780905289679,1.68,0.4092365748,0.4049020178,0.4212201314,1.1520000000000008,0.5617911088,4.358842372894287,5.604752063751221,-1.2459096908569336,-0.6232929825782776,0.3702639079907632,1.998915,21.0,0.9993046092141292,1,1.0,https://di-india-collab.flow-analytics.io/tools/replay/2025-06-05T06:31:35Z,0.7853210663212012,1
14214953_14216125,2025-06-05 06:32:47.027580976,4,4,1,16.746760845184326,9.97205638885498,6.759400844573975,0.0643345537326376,2.095565795898437,1.4752870798110962,110.54794311523438,26.685255212001497,3.194580078125,4.625318467727921,0.2994261635677863,4.636459110385358,1.2,0.00360583128,2.049488681999999,0.3161141716,1.142400000000001,0.478660499,5.065948009490967,0.6632492542266846,4.402698516845703,1.4727561473846436,4.945773049808816,2.989428,30.0,0.984261600114825,3,1.0,https://di-india-collab.flow-analytics.io/tools/replay/2025-06-05T06:32:47Z,0.9821851297673968,1
14220824_14223564,2025-06-05 06:36:32.175240993,4,4,1,9.344593849415515,7.375596046447754,7.514604091644287,-10.691812271042258,-0.3044872283935547,0.9815016388893129,6.042913913726807,-42.33756029705053,3.419921875,3.667998315467367,0.3022425530528583,3.671593459951176,0.72,0.00250892934,2.0676144699999988,0.3093725064000001,0.9888000000000008,0.5817620328000002,3.76060962677002,5.053247928619385,-1.2926383018493652,-0.4360673427581787,10.46130965280541,2.964309,31.0,0.9987334272207168,4,1.0,https://di-india-collab.flow-analytics.io/tools/replay/2025-06-05T06:36:32Z,0.9909833325581798,1
14222565_14223129,2025-06-05 06:35:33.879157066,4,4,1,9.09533323253224,6.60816764831543,5.267171859741211,-4.558935141293495,-0.0457805395126342,1.2545950412750244,21.82163429260254,13.751897280692372,3.060302734375,0.0272579694816486,0.0018748924522002,0.288740680854347,1.2,0.3652369867999999,0.7496155961800003,0.3931482955999998,1.1376000000000008,0.5473881086000002,0.537117063999176,2.43603777885437,-1.8989207744598389,-0.6343492865562439,0.0917181058265656,2.993494,31.0,0.9884470590682266,1,1.0,https://di-india-collab.flow-analytics.io/tools/replay/2025-06-05T06:35:33Z,0.7317073605245843,1
14225471_14225861,2025-06-05 06:39:01.719393969,4,4,1,20.694924036661785,8.613728523254395,8.334572792053223,-0.6877507264009859,1.052032232284546,1.0334937572479248,173.8166961669922,2.293398229121701,3.084716796875,2.57178593078021,0.2049847288153706,2.5769296566026254,0.96,0.00326923314,2.036576525999999,0.2864204842,1.0320000000000007,0.6012332808,4.795860767364502,5.21299409866333,-0.4171333312988281,-0.2445531487464904,1.7968152141101474,1.705696,16.0,0.9667382332978424,1,1.0,https://di-india-collab.flow-analytics.io/tools/replay/2025-06-05T06:39:01Z,0.9899801411836417,1
14236662_14238511,2025-06-05 06:49:41.731724024,8,4,1,12.485021209716797,3.964749574661255,5.357545852661133,1.9248000690245903,2.9658145904541016,0.7400309443473816,150.7371368408203,35.18225785111846,5.33349609375,0.6236780522353403,0.0600613081232274,0.6237477500890238,0.72,0.2097976129999999,1.1949185832000002,0.490393992,0.6288000000000001,0.7203679960000001,5.005197048187256,5.9470624923706055,-0.9418654441833496,-0.8576947450637817,0.3763229923843278,1.098136,12.0,0.9963215568297096,1,1.0,https://di-india-collab.flow-analytics.io/tools/replay/2025-06-05T06:49:41Z,0.99633379510125,1
14246099_14246127,2025-06-05 06:55:35.870150089,4,4,1,5.791831481820053,4.424938201904297,2.821156740188598,-1.0368281909218424,0.0659710168838501,1.568483591079712,151.52047729492188,156.4733071357061,2.98828125,1.1688064219984733,0.0722525618511027,1.17013392798595,1.44,0.00137053252,1.340807064,0.348152732,1.1376000000000008,0.271622146,1.50406813621521,0.3072560131549835,1.1968121528625488,0.4018846750259399,1.234026318887215,2.977999,31.0,0.9718362963931788,1,1.0,https://di-india-collab.flow-analytics.io/tools/replay/2025-06-05T06:55:35Z,0.669898594351779,1
14263568_14263817,2025-06-05 07:10:58.347059011,4,4,1,33.24576950073242,9.550901412963867,13.560492515563965,-0.8518177126298473,10.502193450927734,0.7043181657791138,178.48875427246094,4.663853008157745,3.052490234375,0.8687886898129884,0.0863691867362211,0.9168321718589874,0.72,0.09320224952,0.976861761,0.3790103649999999,0.7152000000000001,1.2601833079999991,10.852194786071776,12.570476531982422,-1.7182817459106443,-0.6885076761245728,5.768358248394585,2.495661,26.0,0.99608580159258,3,1.0,https://di-india-collab.flow-analytics.io/tools/replay/2025-06-05T07:10:58Z,0.996113345496973,1
14268334_14269576,2025-06-05 07:16:16.778166056,8,4,1,14.110569190979003,5.445127487182617,5.518250465393066,-1.327953332515406,1.657207489013672,0.9867488741874696,170.7682647705078,17.740320882782612,5.409423828125,2.7469704939065136,0.2251756091765386,2.7487836420065688,0.72,0.0014939414399999,2.0846418699999982,0.2948688486,1.0224000000000006,0.4495413962,4.360858917236328,2.802508592605591,1.5583503246307373,0.5228695273399353,19.06964558614886,2.980381,28.0,0.7949338988200302,4,1.0,https://di-india-collab.flow-analytics.io/tools/replay/2025-06-05T07:16:16Z,0.9951812823573162,1
14296512_14297407,2025-06-05 07:46:58.745740891,4,4,1,14.916912078857422,9.59079933166504,6.229732990264893,-2.2620173287339065,4.840556621551514,1.5395201444625854,162.59812927246094,7.392918000347764,3.212890625,2.274353256034371,0.1428291242162778,2.2758677698117853,1.44,0.00304412098,1.952991585999999,0.3128069098000001,1.142400000000001,0.4714301362,5.377820491790772,0.648334801197052,4.729485511779785,1.622220158576965,3.0936354564784527,2.9154400000000003,30.0,0.9703814927571286,2,1.0,https://di-india-collab.flow-analytics.io/tools/replay/2025-06-05T07:46:58Z,0.746424552695667,1
14300415_14300876,2025-06-05 07:49:57.156101942,4,4,1,9.701032257080078,4.616229057312012,4.158071517944336,-0.2383957790711054,2.724590539932251,1.110185146331787,103.00829315185548,127.99504841659406,3.1162109375,0.8331681746965862,0.0631341977673774,0.962555446860725,0.96,0.0182126189399999,1.1441367308,0.3450677705999999,1.1760000000000008,0.3429930134,4.525774955749512,4.063849449157715,0.4619255065917969,1.1630539894104004,1.762654888164595,0.397166,5.0,0.9649523410249656,1,1.0,https://di-india-collab.flow-analytics.io/tools/replay/2025-06-05T07:49:57Z,0.9951533691913648,1
14306400_14306557,2025-06-05 07:55:19.935170889,4,4,1,16.090152740478516,8.114656448364258,6.86878776550293,-1.5512002958295703,4.021402359008789,1.181381106376648,179.0482940673828,-31.440251237883626,3.2021484375,0.0717061748374721,0.0051468739243864,0.1471764899345439,1.2,0.5297457542,0.5908618382800004,0.4273201537999999,1.1616000000000009,0.5344494939999999,5.628119945526123,0.235486164689064,5.39263391494751,1.8251729011535645,3.2672069336641294,2.954588,31.0,0.999988112748286,2,1.0,https://di-india-collab.flow-analytics.io/tools/replay/2025-06-05T07:55:19Z,0.9511273028185288,1
14307625_14307690,2025-06-05 07:56:16.582417011,4,4,1,3.3800998805471982,5.040291786193848,5.28053092956543,-22.950791741765205,-1.6570253372192385,0.9545047283172609,0.0,1.1312760492567295,3.101806640625,0.5525339840859844,0.045682546050698,0.5598370996325628,0.96,0.22061415588,0.7910419568,0.3916828259999999,0.9456000000000004,0.450177699,5.735957145690918,9.838099479675291,-4.102142333984375,-1.3776594400405884,4.080511758152891,2.977617,29.0,0.9999724836502336,3,1.0,https://di-india-collab.flow-analytics.io/tools/replay/2025-06-05T07:56:16Z,0.6497792300532409,1
14319837_14319876,2025-06-05 08:09:44.454057932,4,4,1,10.742541058097595,7.9935622215271,7.748361110687256,-3.047377217055697,-1.0465757846832275,1.0316455364227295,6.602442741394043,-0.0294620523948166,3.19580078125,0.7784191475854079,0.0615928578897142,0.9153663810585718,0.96,0.0723279504399999,1.1008673280000003,0.4143538556,1.0560000000000007,0.5741765198000002,1.9753806591033936,4.237185001373291,-2.261804342269897,-0.7723475694656372,8.50656190957249,2.92848,29.0,0.9917021434447072,4,1.0,https://di-india-collab.flow-analytics.io/tools/replay/2025-06-05T08:09:44Z,0.995107059593952,1
14324841_14324937,2025-06-05 08:14:46.187565088,4,4,1,11.162090666313691,5.131950378417969,4.552868843078613,0.1932008580551635,0.0129361152648925,1.1271904706954956,171.3278045654297,3.473906262378492,3.1376953125,2.729541546358865,0.2066781055864677,2.7705383507525614,0.72,0.00135501644,2.0974591439999988,0.2816742116,1.1232000000000009,0.3972695462000001,2.970604419708252,4.874742031097412,-1.90413761138916,-0.6377578377723694,1.1207253232841874,2.985675,31.0,0.8798179692055125,1,1.0,https://di-india-collab.flow-analytics.io/tools/replay/2025-06-05T08:14:46Z,0.6737779005834079,1
14330113_14330585,2025-06-05 08:20:02.848212957,4,4,1,9.380473576875124,5.800097465515137,3.840941905975342,-1.808427857786316,4.390091896057129,1.5100716352462769,4.588138580322266,10.6227228096799,3.090087890625,2.18753458677978,0.1389295420070858,2.2229298048843726,1.2,0.00127202518,1.929470911999999,0.2882307498,1.1520000000000008,0.367213931,9.039251327514648,11.518796920776367,-2.4795455932617188,-0.8287359476089478,1.056200467035609,2.991961,27.0,0.9346548477172236,1,1.0,https://di-india-collab.flow-analytics.io/tools/replay/2025-06-05T08:20:02Z,0.6726625595556504,1
14335979_14336289,2025-06-05 08:26:07.855976105,4,4,1,13.483016204833984,8.79868221282959,5.5970892906188965,-0.8961922236833457,3.2759385108947754,1.5720102787017822,161.81478881835938,59.38064416146758,3.195068359375,1.516924211809985,0.0938179100528532,1.592451954929808,1.44,0.00155650978,1.81718519,0.3412853562,1.152000000000001,0.4527437878000001,4.850321292877197,2.9048192501068115,1.9455020427703855,0.6648508906364441,1.8982587846365395,2.926223,30.0,0.9664073458992386,1,1.0,https://di-india-collab.flow-analytics.io/tools/replay/2025-06-05T08:26:07Z,0.6945109060385334,1
14337976_14339445,2025-06-05 08:28:49.646153927,8,4,1,10.059857777186805,5.485694885253906,3.854555130004883,-0.5788099975695379,3.611793994903565,1.4231719970703125,60.42913818359375,176.51151369261183,5.42578125,0.6237944766585133,0.0406825289696133,0.6385938001781543,1.44,0.1479565133599999,1.1892977872000003,0.3965051277999998,1.1616000000000009,0.3375292543999998,4.200828552246094,4.334191799163818,-0.1333632469177246,-0.0445126369595527,2.417878150026016,2.996076,31.0,0.9411575124349828,2,1.0,https://di-india-collab.flow-analytics.io/tools/replay/2025-06-05T08:28:49Z,0.5058737974813041,1
14339412_14339446,2025-06-05 08:28:42.662199020,6,4,1,6.598366593938317,5.613616943359375,3.987648725509644,-5.496991777734328,-0.9164762496948242,1.4077510833740234,11.414392471313477,-10.602816603228806,3.632080078125,2.36618966133274,0.1567794049117005,2.3735115607273225,1.2,0.0012700059,1.964524647999999,0.3087794272,1.1520000000000008,0.3646848473999999,4.70762825012207,5.137906551361084,-0.4302783012390136,-0.1487317532300949,10.68342812970172,2.892982,26.0,0.9906148441027784,4,1.0,https://di-india-collab.flow-analytics.io/tools/replay/2025-06-05T08:28:42Z,0.9952626882459683,1
14339953_14341828,2025-06-05 08:31:27.453325033,4,4,1,7.114974141120911,2.78738784790039,3.125809907913208,-0.8648109898142822,-0.990800678730011,0.8917329907417297,155.2123565673828,-1.6317812199533712,2.73974609375,0.6038972790124779,0.0520274312662539,0.699299161751931,0.96,0.1071499616399999,0.8096268798000003,0.4036870527999999,0.7679999999999996,0.34171593,0.9648236632347108,0.2556896805763244,0.7091339826583862,0.2365098148584365,13.663452259689295,2.998328,29.0,-0.9972483753612676,4,1.0,https://di-india-collab.flow-analytics.io/tools/replay/2025-06-05T08:31:27Z,0.9632290344669394,1
14346715_14346733,2025-06-05 08:37:50.317325115,6,4,1,8.600049357477323,6.33481502532959,4.337621212005615,-7.846655771245661,-4.154126167297363,1.4604352712631226,0.111905813217163,-31.0763545758124,3.727783203125,1.913972272804831,0.1238854389178835,1.9816960262928824,1.44,0.00127745416,1.881879941999999,0.3108040526,1.142400000000001,0.3855446814000001,1.3217381238937378,3.130890130996704,-1.8091520071029663,-0.6051130890846252,14.784383110524644,2.989775,26.0,0.9995650645582328,4,1.0,https://di-india-collab.flow-analytics.io/tools/replay/2025-06-05T08:37:50Z,0.9933470761929971,1
14349273_14349410,2025-06-05 08:41:37.377376080,4,4,1,35.93024520874023,8.732124328613281,14.81497573852539,-1.896144390851552,3.303640365600586,0.5894119739532471,153.30995178222656,-20.21313756894888,3.040771484375,1.5634538320519749,0.1735467523421067,2.07418491615532,0.48,0.00641141528,2.080908693999999,0.2879654082,0.8351999999999998,1.3576100559999993,9.46512508392334,9.365179061889648,0.0999460220336914,0.1445472240447998,3.5544729348925657,0.691442,8.0,0.9999719538761604,2,1.0,https://di-india-collab.flow-analytics.io/tools/replay/2025-06-05T08:41:37Z,0.9966796416255532,1
14362559_14363065,2025-06-05 08:57:10.731725931,8,4,1,22.038190841674805,9.562019348144531,8.957743644714355,-1.2571299330212993,6.5260114669799805,1.0674585103988647,175.8040313720703,-4.291434747659709,5.3916015625,1.7950347582928394,0.1399899005903389,1.904687743539771,0.96,0.0062925877599999,1.9273244979999984,0.3046029776000001,1.0800000000000007,0.7351645566,7.925769329071045,8.854324340820312,-0.9285550117492676,-0.3107037842273712,1.738363902987846,2.988554,23.0,0.9801110269653316,1,1.0,https://di-india-collab.flow-analytics.io/tools/replay/2025-06-05T08:57:10Z,0.9750651092703956,1
14366225_14366368,2025-06-05 09:02:08.107095003,4,4,1,7.341054504204268,4.1660685539245605,2.818190813064575,-0.6979638955916543,4.42598819732666,1.4782776832580566,1.1190581321716309,-2.725999666643855,3.202392578125,0.3744027842074734,0.0237859436589539,0.3817484974210157,1.44,0.15842757356,0.5513417805999999,0.4706019402,1.1040000000000003,0.2818504709999999,6.615382194519043,6.059938907623291,0.555443286895752,0.19068244099617,14.666460686854164,2.912923,25.0,0.996318619813288,4,1.0,https://di-india-collab.flow-analytics.io/tools/replay/2025-06-05T09:02:08Z,0.9910849504321023,1
14380739_14380801,2025-06-05 09:20:07.680542946,4,4,1,16.834473037719725,8.98247241973877,7.844082832336426,-9.62539471354978,-0.4358086585998535,1.1451271772384644,30.43838119506836,-117.32678987089162,3.2421875,0.918773482909785,0.0683937827124236,1.0592692724711517,1.2,0.00269185922,1.1532366886,0.3756333438000001,1.1136000000000008,0.5250986544,4.089653968811035,5.519415855407715,-1.4297618865966797,-0.477339893579483,3.4283905518713835,2.99527,31.0,0.8789803851476784,2,1.0,https://di-india-collab.flow-analytics.io/tools/replay/2025-06-05T09:20:07Z,0.9814366608632534,1
14387388_14387491,2025-06-05 09:28:34.968839884,4,4,1,12.490286509195965,9.511520385742188,5.640132427215576,-2.2169042314644183,2.4925904273986816,1.6864001750946045,137.47628784179688,-11.480749838795225,3.1826171875,2.641407245021804,0.1572759085358212,2.72829763244251,1.44,0.0030421017,1.9935502999999992,0.2873430402,1.1472000000000009,0.4562981132000001,4.53316593170166,5.200988292694092,-0.6678223609924316,-0.2311408668756485,2.427694390282185,2.889244,30.0,0.9996921735137896,2,1.0,https://di-india-collab.flow-analytics.io/tools/replay/2025-06-05T09:28:34Z,0.7525410196389581,1
14396822_14397127,2025-06-05 09:38:19.989070892,4,4,1,52.10919062296549,9.72854232788086,21.479915618896484,-7.828069866199056,-2.1445131301879883,0.4529134333133697,158.56951904296875,-18.18484297197629,3.1474609375,0.475212618294101,0.0612045417036513,0.7699117238359208,0.48,0.2495912186,1.0862343214,0.4587217226,0.5903999999999998,1.4985682640000002,7.107681274414063,9.039340019226074,-1.931658744812012,-0.6612527370452881,2.8437036809860823,2.921211,30.0,0.9758122900268056,2,1.0,https://di-india-collab.flow-analytics.io/tools/replay/2025-06-05T09:38:19Z,0.9950875324559568,1
14400807_14400849,2025-06-05 09:43:43.656636953,4,4,1,6.646140080233645,9.853840827941896,5.555827617645264,-4.381979673551328,0.826528787612915,1.7736045122146606,99.3723602294922,-33.4937029679662,3.0400390625,5.199594468141194,0.3018597072307634,5.225702573458016,1.2,0.00313147292,2.052232177999999,0.2878333494,1.1472000000000009,0.4560548374000002,4.617366313934326,2.9553914070129395,1.6619749069213867,0.554058313369751,1.5801147447906885,2.999639,31.0,0.9985344538754704,1,1.0,https://di-india-collab.flow-analytics.io/tools/replay/2025-06-05T09:43:43Z,0.740624758468806,1
14405540_14405633,2025-06-05 09:49:43.674725056,4,4,1,6.867590365122678,7.143855094909668,4.380459308624268,0.0043078761286539,2.446960926055908,1.63084614276886,170.4875030517578,-4.679795095390244,3.1806640625,2.3007106645657185,0.1396173620520197,2.3028997810213587,1.44,0.00142342058,1.936937303999999,0.2874206906,1.1472000000000009,0.3937808936,3.504718542098999,4.837658882141113,-1.3329403400421145,-0.4612055718898773,1.5668703961736292,2.890122,30.0,0.8549006001491122,1,1.0,https://di-india-collab.flow-analytics.io/tools/replay/2025-06-05T09:49:43Z,0.6717390058628532,1
14413674_14414108,2025-06-05 09:57:45.421049118,4,4,1,47.0714111328125,8.930395126342773,19.408485412597656,-1.4370000465701367,2.631758213043213,0.4601283967494964,156.66712951660156,-25.893786011687222,3.007568359375,1.5091283237685469,0.1941081983312947,1.6431783701868767,0.48,0.0073597117999999,2.0820052979999986,0.2875407031999999,0.6911999999999996,1.4029929259999994,9.623686790466309,9.798539161682127,-0.1748523712158203,-0.5864714980125427,0.0,0.298143,4.0,0.9974180177911623,0,1.0,https://di-india-collab.flow-analytics.io/tools/replay/2025-06-05T09:57:45Z,0.9967175125043137,1
14428281_14428665,2025-06-05 10:15:07.864872932,6,4,1,6.660557415633432,6.34430456161499,4.142355918884277,0.4101373409450238,2.0303947925567627,1.5315691232681274,168.11050415039062,3.952332707826033,3.665283203125,2.0813744503333047,0.1310327291773947,2.1060289737632,1.44,0.00127202518,1.896634959999999,0.3114473953999999,1.142400000000001,0.3761221334000001,3.4875292778015137,5.815079689025879,-2.327550411224365,-0.7766016125679016,0.0,2.997097,31.0,0.872970430469161,0,1.0,https://di-india-collab.flow-analytics.io/tools/replay/2025-06-05T10:15:07Z,0.5822614199500825,1
14434300_14434433,2025-06-05 10:20:35.587841034,4,4,1,16.82121047973633,9.531455039978027,6.82575273513794,-0.1560895013533584,1.1187269687652588,1.3963961601257324,167.46705627441406,24.300719717257092,3.282470703125,1.5234131269791362,0.1011148158856167,1.6190338965125592,1.44,0.0039158145799999,1.813069945999999,0.3423701158000001,1.142400000000001,0.4795423658000001,3.973451375961304,8.031250953674316,-4.057799339294434,-1.3681118488311768,0.3980348197478976,2.965985,31.0,0.9747110634884856,1,1.0,https://di-india-collab.flow-analytics.io/tools/replay/2025-06-05T10:20:35Z,0.6935313135748095,1
14453466_14454118,2025-06-05 10:37:22.867986917,4,4,1,25.56819486618042,7.851465225219727,10.30355453491211,-0.1050717790953846,8.32385540008545,0.7620152235031128,7.1619720458984375,123.5728569034105,3.23779296875,0.1184082148986525,0.0110761213085231,0.4471323647221819,0.72,0.5261603106000002,0.9111193352,0.4799040585999999,0.6624,0.9652142249999996,9.271583557128906,9.791460990905762,-0.5198774337768555,-0.5780410766601562,2.687553311919085,0.899378,10.0,0.9882549415195628,2,1.0,https://di-india-collab.flow-analytics.io/tools/replay/2025-06-05T10:37:22Z,0.9965863362739388,1
14461758_14461857,2025-06-05 10:46:05.391536951,6,4,1,4.844606708612596,6.467817783355713,2.674838066101074,2.540533016466953,-2.461761474609375,2.4180221557617188,2.461927890777588,-3.652807731574609,3.61865234375,1.951221659128317,0.0935274214385518,1.9541248913212648,2.16,0.00150670928,1.8691658899999992,0.3504407010000001,1.142400000000001,0.2754464199999999,6.43962287902832,9.394941329956056,-2.9553184509277344,-1.0206950902938845,15.626233766114042,2.895398,29.0,0.9991117793398616,4,1.0,https://di-india-collab.flow-analytics.io/tools/replay/2025-06-05T10:46:05Z,0.7777563444904405,1
14463411_14463428,2025-06-05 10:47:48.234669924,4,4,1,12.987764358520508,5.753565311431885,5.570446491241455,-4.692348687697809,-3.377938270568848,1.032873272895813,4.252420902252197,2.223903187874397,3.184814453125,0.5702060844473852,0.0449877802960263,0.6696605950031702,0.96,0.1866613302,1.0696851674000003,0.3713428599999998,1.0128000000000006,0.4357229994000001,3.0400190353393555,2.6704320907592773,0.3695869445800781,0.1278150528669357,4.984876884174893,2.891576,30.0,0.9961107512391107,3,1.0,https://di-india-collab.flow-analytics.io/tools/replay/2025-06-05T10:47:48Z,0.9930566864203605,1
14474876_14474916,2025-06-05 11:00:10.646190882,4,4,1,5.726421714413982,9.875012397766112,4.259612083435059,6.092756707816514,3.737751483917236,2.318289041519165,5.133679389953613,-47.069937050144304,2.937744140625,0.8897105354009347,0.0434906728070712,0.9881574156605816,2.4,0.0065504503599999,1.1334564667999998,0.364955036,1.1616000000000009,0.3587702994,10.952956199645996,9.741676330566406,1.2112798690795898,0.4039953649044037,9.365963072939405,2.998252,22.0,0.998985189819326,4,1.0,https://di-india-collab.flow-analytics.io/tools/replay/2025-06-05T11:00:10Z,0.9560179498027026,1
14486041_14487290,2025-06-05 11:11:20.067660093,4,4,1,12.766704400380451,6.50300407409668,5.608749866485596,-1.0589300046432846,5.457763195037842,1.1594390869140625,5.651243686676025,71.17349630248422,3.11572265625,1.390723405668025,0.1030609661873837,1.4909232235130836,1.2,0.00154592598,1.6969871259999996,0.3148778332000002,1.0992000000000008,0.4405415240000001,6.365867614746094,5.57238245010376,0.793485164642334,0.4430853128433227,6.09429144783303,1.790818,17.0,0.9731059624593732,3,1.0,https://di-india-collab.flow-analytics.io/tools/replay/2025-06-05T11:11:20Z,0.9953603028035216,1
14497194_14497902,2025-06-05 11:21:27.954948902,4,4,1,19.28349838256836,9.806848526000977,8.596148490905762,-8.852304220475776,1.8113784790039065,1.1408421993255615,115.10911560058594,-14.301478403971087,3.123046875,2.7630844209212637,0.2077399392371718,2.879030327210882,0.96,0.0056392250599999,2.036576525999999,0.2875502712,1.108800000000001,0.6664985702000001,5.954530239105225,3.2676379680633545,2.68689227104187,0.9251326322555542,2.74995104940696,2.904332,30.0,0.9900546785664802,2,1.0,https://di-india-collab.flow-analytics.io/tools/replay/2025-06-05T11:21:27Z,0.9159952058953555,1
14498761_14499338,2025-06-05 11:22:38.739775896,4,4,1,10.844938559730693,8.041184425354004,4.706970691680908,-1.039904268527302,2.406892776489258,1.7083566188812256,67.47920227050781,-23.403375697086325,3.16650390625,2.123144113257218,0.1252547067647367,2.168832187733291,1.68,0.0014983970999999,1.922126903999999,0.2868584802,1.156800000000001,0.4315231424000001,4.358500957489014,2.437562704086304,1.92093825340271,0.7432714700698853,1.7507164349955462,2.584437,27.0,0.9662850777066556,1,1.0,https://di-india-collab.flow-analytics.io/tools/replay/2025-06-05T11:22:38Z,0.7384918222480479,1
14499790_14500710,2025-06-05 11:24:17.735419035,4,4,1,24.43553113937378,9.783795356750488,9.665116310119627,1.4043153784514086,8.416940689086914,1.0122791528701782,119.96302795410156,-8.816975999618325,2.9794921875,0.7319474861474222,0.0585483741374179,0.8601526027397698,0.96,0.14393971896,1.0915468031999995,0.3732456465999999,0.9504000000000004,0.7889808701999997,9.440693855285645,8.794840812683105,0.6458530426025391,0.2921355664730072,4.123748120599865,2.210799,23.0,0.9973641219357012,3,1.0,https://di-india-collab.flow-analytics.io/tools/replay/2025-06-05T11:24:17Z,0.9566713368867965,1
14503127_14503166,2025-06-05 11:27:02.269119978,4,4,1,11.709732818603516,5.803083896636963,4.635575771331787,0.9986381705990736,-0.0934929847717285,1.2518582344055176,1.1190581321716309,7.505248754583295,3.15283203125,1.1467892697362096,0.0810773727792021,1.1468752660932937,1.2,0.00131460788,1.3838708418,0.3393122776,1.156800000000001,0.429803776,4.498310089111328,2.437432289123535,2.060877799987793,0.7055026888847351,12.849136668278836,2.921148,29.0,0.9999732044918777,4,1.0,https://di-india-collab.flow-analytics.io/tools/replay/2025-06-05T11:27:02Z,0.9586325182250073,1
14503127_14503166,2025-06-05 11:27:06.792326927,4,4,1,10.541868209838867,5.160746097564697,5.657034397125244,2.068844453167688,0.6616799831390381,0.9122706055641174,2.90955114364624,-4.248576564749856,3.15283203125,0.0093218962831495,0.0007694840342278,0.2701851217221258,0.96,0.3927250648000002,0.6149195178800001,0.4274205185999999,1.0080000000000005,0.6009324358,1.663562536239624,0.7143564820289612,0.9492060542106628,0.3256818950176239,13.007230284935908,2.914519,28.0,0.9998706123057493,4,1.0,https://di-india-collab.flow-analytics.io/tools/replay/2025-06-05T11:27:06Z,0.9957242956197,1
14503426_14503476,2025-06-05 11:27:33.387929916,4,4,1,11.3861034711202,6.8192338943481445,4.678682327270508,-0.4985376440136954,2.6331591606140137,1.4575116634368896,156.5562286376953,26.621923013689575,3.184326171875,0.4485051118413016,0.0287713026158744,0.4515728264390197,1.44,0.2499568364,0.8162267857999999,0.4102184219999999,1.132800000000001,0.4327766373999999,3.708711862564087,6.468759059906006,-2.760047197341919,-0.924930453300476,2.0140766176257268,2.984059,31.0,0.9789203671116128,2,1.0,https://di-india-collab.flow-analytics.io/tools/replay/2025-06-05T11:27:33Z,0.5343534302949096,1
14505849_14506178,2025-06-05 11:30:42.935652018,4,4,1,47.86205418904623,9.270353317260742,19.595645904541016,-0.8177922537381807,7.447583198547363,0.4730823040008545,156.66712951660156,-8.413110916204447,3.40625,2.00288154199818,0.2538908835468983,2.085735875087016,0.48,0.0074083533799999,2.0820052979999986,0.3129908623999999,0.7103999999999996,1.4105436939999991,11.197137832641602,11.4307222366333,-0.2335844039916992,-0.8073732852935791,0.3931029390585133,0.289314,4.0,0.999944571161987,1,1.0,https://di-india-collab.flow-analytics.io/tools/replay/2025-06-05T11:30:42Z,0.9966894129134491,1
14507742_14507780,2025-06-05 11:32:25.344400883,4,4,1,7.669549413560657,9.482830047607422,6.120932579040527,-4.76958103569338,-1.6633081436157229,1.5492459535598757,0.4476232528686523,24.849592134056028,3.20263671875,2.0369351002818807,0.127341752525794,2.0506387152848258,1.44,0.00304412098,1.908772449999999,0.3114669416,1.1472000000000009,0.4629715804000001,3.968404293060303,6.576006412506104,-2.607602119445801,-0.870811402797699,3.9092353454230246,2.994451,31.0,0.9998518050978252,2,1.0,https://di-india-collab.flow-analytics.io/tools/replay/2025-06-05T11:32:25Z,0.7057503228781551,1
14520020_14520044,2025-06-05 11:44:25.930232048,4,4,1,5.852995277543656,5.356435775756836,3.955909490585327,-4.048565409566184,-1.3401906490325928,1.3540339469909668,9.4000883102417,-31.604849138365427,3.10986328125,1.0357201333191868,0.0698297412986125,1.1164948136670017,1.2,0.0013091789,1.241041519,0.3750831726,1.1472000000000009,0.3555707999999999,2.3367977142333984,3.9836621284484863,-1.646864414215088,-0.5572952628135681,4.968394355814785,2.955102,30.0,0.9822103056411344,3,1.0,https://di-india-collab.flow-analytics.io/tools/replay/2025-06-05T11:44:25Z,0.9950030540329659,1
14525610_14525791,2025-06-05 11:50:18.004911900,4,4,1,6.84125801442566,4.613584041595459,4.686428546905518,-4.753748996668794,2.7590835094451904,0.9844563007354736,154.9895477294922,17.174666224519882,3.1142578125,0.2535609480617173,0.0204695546772596,0.2728730446312499,0.96,0.322244092,0.3107018119999998,0.4105666697999999,0.9648000000000004,0.4598161361999999,3.69394588470459,0.2968694865703583,3.397076368331909,1.1656529903411863,8.485676980744953,2.914312,30.0,0.758862829841563,4,1.0,https://di-india-collab.flow-analytics.io/tools/replay/2025-06-05T11:50:18Z,0.9871574251282054,1
14535361_14537073,2025-06-05 12:02:55.483020067,4,4,1,3.3415582084662905,4.357666492462158,2.701047420501709,-0.1460605792110827,1.1950721740722656,1.6133246421813965,175.6911163330078,12.530859949531616,3.32177734375,0.1331913547510645,0.0079742110594084,0.2273499784370178,1.68,0.1823727843399999,0.4062291422,0.4570593046,1.1376000000000008,0.2822363676,1.739738702774048,0.2235479205846786,1.516190767288208,0.5054197907447815,10.854142009094376,2.999864,25.0,0.9995119579845768,4,1.0,https://di-india-collab.flow-analytics.io/tools/replay/2025-06-05T12:02:55Z,0.568464639844588,1
14535894_14536208,2025-06-05 12:02:25.143831015,4,4,1,25.48751602172852,9.154970169067385,10.077400207519531,0.1657398348134976,6.776694297790527,0.9084655046463012,3.1333627700805664,3.251845211524925,3.0498046875,0.6255779854374445,0.0533145965776346,0.8418821918772242,0.96,0.1604217739799999,0.9462492495999996,0.3949170425999999,0.9456000000000006,0.7833279435999997,12.49054718017578,14.263150215148926,-1.7726030349731443,-4.377597332000732,0.0,0.404926,5.0,0.9992404933446172,0,1.0,https://di-india-collab.flow-analytics.io/tools/replay/2025-06-05T12:02:25Z,0.9949920200670723,1
14538152_14538434,2025-06-05 12:05:02.447695017,4,4,1,12.39167070388794,8.563213348388672,5.742981910705566,-3.5697191245042657,2.5919437408447266,1.4910744428634644,106.85606384277344,-14.435439114483785,3.22216796875,2.2675868216573574,0.1451408975060918,2.2898482653060226,1.44,0.0014983970999999,1.9821491299999991,0.3104311914,1.152000000000001,0.4527437878000001,5.219547271728516,2.746685028076172,2.472862243652344,0.8273901343345642,2.812625586164901,2.98875,31.0,0.9821654722156672,2,1.0,https://di-india-collab.flow-analytics.io/tools/replay/2025-06-05T12:05:02Z,0.8672365434184377,1
14543169_14543370,2025-06-05 12:11:01.081099987,4,4,1,14.274547576904297,5.701733589172363,6.5581817626953125,-8.74567107503947,-1.1410925388336182,0.8694076538085938,1.342869758605957,21.798578872576098,3.322265625,1.7044611147235214,0.1501666722630688,1.7742860924031707,0.72,0.0016192122799999,2.0077000819999986,0.3016562032000001,0.9456000000000004,0.6450988360000003,2.6490440368652344,6.340839862823486,-3.691795825958252,-1.2400182485580444,3.003752409253004,2.977211,31.0,0.9992796967332622,2,1.0,https://di-india-collab.flow-analytics.io/tools/replay/2025-06-05T12:11:01Z,0.7976826339783678,1
14545424_14545641,2025-06-05 12:13:19.466263056,4,4,1,4.723512064425078,1.7815240621566772,7.302193164825439,-30.68393780612936,-0.0795653462409973,0.2439710944890976,95.0080337524414,-28.159718621107476,2.6220703125,1.1214735263372408,0.2101001725123954,1.4201433823957703,0.24,0.00232936792,1.629203189999999,0.3074118961999999,0.5471999999999999,0.8108507146000001,0.437077522277832,0.2099270671606063,0.2271504551172256,0.0782184302806854,14.423539245714116,2.904053,24.0,0.8220415164340242,4,1.0,https://di-india-collab.flow-analytics.io/tools/replay/2025-06-05T12:13:19Z,0.9957055541222996,1
14554937_14555913,2025-06-05 12:23:59.957237005,4,4,1,42.62341785430908,9.292344093322754,17.608135223388672,-5.602029100554341,0.1597585678100586,0.5277301669120789,160.80764770507812,-27.06694690867555,3.2255859375,0.0723326480169669,0.0083933383619368,0.84301032392848,0.48,0.2080819962,1.0578196372000002,0.4857577626,0.6623999999999998,1.6082233899999994,8.715070724487305,8.885217666625977,-0.1701469421386718,-0.4263137876987457,0.0352422135250936,0.399112,5.0,0.9821020960862348,0,1.0,https://di-india-collab.flow-analytics.io/tools/replay/2025-06-05T12:23:59Z,0.9967009019468976,1
14556116_14556749,2025-06-05 12:25:09.224070072,6,4,1,1.2921725655522072,1.9049688577651975,1.4844906330108645,-0.7611718063368119,0.6859294176101685,1.283247470855713,96.12709045410156,-2.641368939656289,3.49462890625,0.0580206881856485,0.0039583799511479,0.1349760786801756,1.2,0.1206488282399999,0.41755334366,0.4704547982,1.1472000000000009,0.13842065502,1.4015198945999146,0.241362914443016,1.1601569652557373,0.4307211935520172,26.122095974820017,2.693522,18.0,0.9993324778879172,4,1.0,https://di-india-collab.flow-analytics.io/tools/replay/2025-06-05T12:25:09Z,0.5073532314905873,1
14558363_14558416,2025-06-05 12:26:46.050545931,4,4,1,9.039575934493351,6.050325870513916,3.7173705101013184,-5.564844983551281,0.4949557781219482,1.6275821924209597,1.5666813850402832,-9.368613237230846,3.1396484375,0.6190919895763142,0.0372700878132471,0.6713043770529059,1.68,0.13387430808,1.0013837907999998,0.3706363235999999,1.1616000000000009,0.3412470223999999,2.9632222652435303,0.3705050349235534,2.592717170715332,0.8645727634429932,7.249879621270073,2.998842,31.0,0.9996227673953316,4,1.0,https://di-india-collab.flow-analytics.io/tools/replay/2025-06-05T12:26:46Z,0.8054229329163128,1
14560481_14560563,2025-06-05 12:28:56.642050028,4,4,1,4.993508818814013,6.721148014068604,4.028444766998291,0.1541506712554457,1.7075934410095217,1.6684225797653198,7.385783672332764,-13.104134814930466,3.07080078125,0.8228067001688151,0.0489049730854881,0.836097330660666,1.68,0.06949789824,0.9910388152,0.3425255927999998,1.156800000000001,0.3652136416,3.293287754058838,0.1411120593547821,3.1521756649017334,1.0851154327392578,18.3162026544225,2.904922,29.0,0.9901200773792757,4,1.0,https://di-india-collab.flow-analytics.io/tools/replay/2025-06-05T12:28:56Z,0.8611691924775678,1
14573531_14573936,2025-06-05 12:43:08.366899014,4,4,1,22.064937273661297,4.49326753616333,8.946004867553711,0.3627065472073381,7.449934005737305,0.5022652745246887,5.8191022872924805,19.05821565559241,3.35888671875,0.4153639179121861,0.0502509342483705,0.4456488929538766,0.48,0.4546210227999999,0.8617601963999999,0.5188262744000001,0.5711999999999999,0.9426074196,11.279374122619627,11.859113693237305,-0.5797395706176758,-2.9480631351470947,0.0,0.196651,3.0,0.9946999640325204,0,1.0,https://di-india-collab.flow-analytics.io/tools/replay/2025-06-05T12:43:08Z,0.9965991424418761,1
14575636_14575669,2025-06-05 12:44:44.150598049,4,4,1,38.72389125823975,9.269457817077637,15.538750648498535,-0.0794029336081363,11.566217422485352,0.5965381860733032,168.41824340820312,-7.723785935671188,3.119873046875,0.6963105485284053,0.0763070614983834,1.8960229860232296,0.48,0.00755559028,1.4117533089999998,0.3428315620000001,0.7439999999999998,1.3957489059999997,11.960182189941406,15.343000411987305,-3.3828182220458984,-5.707278728485107,0.0,0.59272,7.0,0.9968776979677476,0,1.0,https://di-india-collab.flow-analytics.io/tools/replay/2025-06-05T12:44:44Z,0.9965904701367044,1
14585135_14585350,2025-06-05 12:54:24.680512905,6,4,1,4.793273701715945,7.336582183837891,2.850463390350342,-0.680254369106348,-0.1638782024383545,2.5738208293914795,8.728652954101562,-19.64484339074824,3.370361328125,2.582539540862829,0.1195003469079833,2.5986598484242798,2.16,0.00148742234,1.8691578999999996,0.324742204,1.142400000000001,0.2735878867999999,2.558065414428711,1.5146034955978394,1.0434619188308716,0.3589664101600647,21.000028159944613,2.906851,29.0,0.9912768529396968,4,1.0,https://di-india-collab.flow-analytics.io/tools/replay/2025-06-05T12:54:24Z,0.5118780478661671,1
14588504_14589160,2025-06-05 12:57:33.670084953,6,4,1,17.163242912292482,6.903350830078125,7.998337745666504,-5.961596525682912,-0.9992406368255616,0.8630982041358948,1.342869758605957,0.0,3.76953125,0.0422443133222622,0.0036424976222694,0.7764769193285783,0.96,0.1828141343999999,0.9699452272000002,0.4439325374,0.9456000000000004,0.6487603863999999,2.860267877578736,5.592386245727539,-2.732118368148804,-0.9420123100280762,3.10973790458315,2.9003,30.0,0.9995032633740152,2,1.0,https://di-india-collab.flow-analytics.io/tools/replay/2025-06-05T12:57:33Z,0.8194324422740019,1
14612880_14613958,2025-06-05 13:15:48.502116919,4,4,1,9.225707488007089,3.484410047531128,6.017946720123291,-10.956237388290877,-0.4256277084350586,0.5790031552314758,175.32742309570312,44.217458691089696,3.112548828125,2.199132300270766,0.2473043829525443,2.354369981080395,0.24,0.0014822022,2.117942725999999,0.2783500936,0.8111999999999998,0.7704201084000002,4.2274274826049805,1.5540540218353271,2.6733734607696533,0.8960019946098328,1.9230068502178732,2.983669,31.0,0.8382125696358256,1,1.0,https://di-india-collab.flow-analytics.io/tools/replay/2025-06-05T13:15:48Z,0.9063376203866831,1
14617486_14618729,2025-06-05 13:19:26.290335894,4,4,1,13.160153230031332,9.6558198928833,5.758368492126465,-2.405893129081325,3.8385305404663086,1.6768325567245483,99.93189239501952,-15.0957378040123,3.104736328125,2.309921879661348,0.1378761490634137,2.3835619867009545,1.68,0.00304412098,1.9175650119999992,0.2874243488,1.1472000000000009,0.4562981132000001,5.775022506713867,3.10097336769104,2.674049139022827,0.892512321472168,4.144428272955233,2.996092,31.0,0.998843000978262,3,1.0,https://di-india-collab.flow-analytics.io/tools/replay/2025-06-05T13:19:26Z,0.8888161646617633,1
14620315_14622351,2025-06-05 13:22:25.940679073,4,4,1,6.05742244720459,2.7875630855560303,2.477358102798462,0.4577428551788841,0.0055062770843505,1.125216007232666,17.233495712280273,-2.214250657778765,3.005859375,1.969901584536181,0.1489743759266007,1.9913737921540813,0.48,0.00125604718,2.0009295639999998,0.3105465007999999,1.156800000000001,0.2540393085999999,1.6027436256408691,1.061713695526123,0.5410299301147461,0.3073232173919678,4.565870694402202,1.760459,18.0,-0.1335608213122349,3,1.0,https://di-india-collab.flow-analytics.io/tools/replay/2025-06-05T13:22:25Z,0.9945751398446596,1
14620315_14622507,2025-06-05 13:22:25.646004915,4,4,1,2.230310194445278,9.102980613708496,3.8362843990325928,0.0383016703954268,-0.4465512037277221,2.37286376953125,38.047977447509766,-134.61808365620126,3.0859375,1.5490068538122508,0.0749658814483721,1.5933136585781895,2.4,0.00147610428,1.7513458299999995,0.3204222676,1.1520000000000008,0.3579349539999999,1.4986826181411743,1.061713695526123,0.4369689226150512,0.2126230746507644,4.565870694402202,2.055134,21.0,-0.636411630789596,3,1.0,https://di-india-collab.flow-analytics.io/tools/replay/2025-06-05T13:22:25Z,0.5297542193462784,1
14621974_14628120,2025-06-05 13:23:37.814322948,4,4,1,11.019352436065674,3.9692420959472656,5.490160942077637,-4.695145857482372,-1.158375263214111,0.7229737043380737,169.6492156982422,13.778338286403129,2.90966796875,0.465913180952978,0.0454034288734832,0.4675119131273721,0.72,0.2825495986000001,0.9261210227999996,0.4098198632,0.6816,0.7008304550000001,0.9963032603263856,1.658133864402771,-0.6618306040763855,-0.2225221097469329,3.455621091376833,2.974224,30.0,0.9956183106413464,2,1.0,https://di-india-collab.flow-analytics.io/tools/replay/2025-06-05T13:23:37Z,0.906073385900083,1
14630636_14635430,2025-06-05 13:26:45.622692108,6,4,1,12.961895700423138,8.221779823303223,7.628125190734863,-8.10385082344294,-1.0513794422149658,1.0778244733810425,6.938160419464111,-12.672893085785583,3.4296875,3.381106466733853,0.2633335276861974,3.423859188571291,0.96,0.00234815406,2.036576525999999,0.3131879856,1.094400000000001,0.5391319124000001,0.3646000027656555,2.515082836151123,-2.1504828929901123,-0.7304336428642273,6.0946117706956535,2.944118,30.0,0.9999920026015644,3,1.0,https://di-india-collab.flow-analytics.io/tools/replay/2025-06-05T13:26:45Z,0.9952335183699089,1
14636765_14638380,2025-06-05 13:28:38.046365976,4,4,1,15.00228786468506,9.687185287475586,6.642273902893066,-1.236774853726369,2.785263538360596,1.4584139585494995,103.77764129638672,-18.246859331491624,3.09521484375,2.4998072893480368,0.1622413093844745,2.5576990432324034,1.44,0.0033802833,1.9947104199999988,0.2875221736,1.142400000000001,0.478660499,5.705749034881592,0.6335904598236084,5.0721588134765625,1.72969651222229,6.303434635472297,2.932398,27.0,0.9931502099053215,3,1.0,https://di-india-collab.flow-analytics.io/tools/replay/2025-06-05T13:28:38Z,0.9955968884656686,1
14643747_14645483,2025-06-05 13:31:16.289627075,4,4,1,16.383177757263184,8.284138679504395,6.085357189178467,4.5429400967249824,0.7643382549285889,1.361323356628418,160.69674682617188,23.96339380233768,3.00244140625,0.6640656258423524,0.0444905808757849,0.8519658770824625,1.44,0.09320788992,0.9572792276000002,0.3586474613999998,1.190400000000001,0.4723531212,3.722220659255981,4.750954627990723,-1.0287339687347412,-0.3809469640254974,3.241286898592804,2.700465,28.0,0.989928751165768,2,1.0,https://di-india-collab.flow-analytics.io/tools/replay/2025-06-05T13:31:16Z,0.9333882816300573,1
14646349_14647167,2025-06-05 13:33:05.483494043,4,4,1,17.138895416259764,9.697447776794434,6.996535778045654,-1.0575539240942118,0.1097469329833984,1.3860355615615845,169.5373077392578,16.766823469736302,3.131591796875,2.3306088945168826,0.1558427811531883,2.452598719423058,1.2,0.00386051532,1.976662137999999,0.2875221736,1.1376000000000008,0.4848377266,3.7001490592956543,4.326107978820801,-0.6259589195251465,-0.2158253639936447,1.0157062320036716,2.900303,30.0,0.9838787577997364,1,1.0,https://di-india-collab.flow-analytics.io/tools/replay/2025-06-05T13:33:05Z,0.768653204676615,1
14646548_14647167,2025-06-05 13:32:05.565720081,4,4,1,17.09782600402832,7.482650279998779,6.8698554039001465,-0.3351908174226672,0.176426887512207,1.089200496673584,175.7330780029297,13.96238059195648,3.263427734375,1.6746534492834604,0.1289789053821664,1.7553595680471752,0.96,0.0022972314,1.908772449999999,0.3119167530000001,1.108800000000001,0.4739788558000002,3.555028915405273,9.008382797241213,-5.4533538818359375,-1.883376955986023,0.3142905793069082,2.895519,30.0,0.9672597679779276,1,1.0,https://di-india-collab.flow-analytics.io/tools/replay/2025-06-05T13:32:05Z,0.7194072392089714,1
14647074_14647243,2025-06-05 13:32:23.252470016,4,4,1,10.242122809092203,5.125857353210449,4.094768524169922,-0.0210543130903143,1.2993932962417605,1.251806378364563,93.3294448852539,651.011792915319,3.0,0.3312594202768358,0.0232177322599571,0.3824426888869611,1.2,0.2549426138,0.6129308052,0.3887679823999999,1.1040000000000003,0.3855286189999999,2.659701347351074,3.1915314197540283,-0.5318300724029541,-0.5372134447097778,0.2042302258054726,0.989979,11.0,0.4847825351190437,1,1.0,https://di-india-collab.flow-analytics.io/tools/replay/2025-06-05T13:32:23Z,0.9949355964993998,1
14660702_14662073,2025-06-05 13:42:42.390252113,4,4,1,22.694929122924805,9.823689460754396,9.082544326782228,0.0456460141601621,5.913819789886475,1.0816010236740112,4.867902755737305,-2.137099342398764,3.1953125,0.3788699198895681,0.0289986715227609,1.1545799171803786,0.96,0.0109306807399999,1.2385942989999998,0.3813060743999999,1.0320000000000005,0.7998233555999995,7.119143009185791,9.070225715637209,-1.951082706451416,-3.346430540084839,0.0,0.583034,7.0,0.9994776318942517,0,1.0,https://di-india-collab.flow-analytics.io/tools/replay/2025-06-05T13:42:42Z,0.9864800718086745,1
14662730_14662735,2025-06-05 13:43:12.405673027,4,4,1,4.422346750895183,2.883310079574585,1.757149338722229,-0.3070208032845545,1.593815803527832,1.6409021615982056,14.74359130859375,218.63032082139844,2.969970703125,0.2553052080645735,0.0152006563727786,0.2712630055205878,1.68,0.1318968696599999,0.3184461814,0.4103499787999999,1.1376000000000008,0.1739486269999999,3.8293724060058594,2.524477481842041,1.3048949241638184,0.4433568120002746,10.456786873783416,2.943216,28.0,0.9341334165685404,4,1.0,https://di-india-collab.flow-analytics.io/tools/replay/2025-06-05T13:43:12Z,0.6944379795283173,1
14667894_14670342,2025-06-05 13:49:13.497577906,4,4,1,9.70719684954314,4.61175537109375,4.011936664581299,-0.8935435886483749,1.078369140625,1.1495084762573242,121.81546020507812,38.081624327699885,2.970703125,3.20038947232861,0.2397819710558616,3.264921463026179,0.48,0.00134472748,2.093285953999999,0.2824271969999999,1.0992000000000006,0.3476104815999998,3.5867440700531006,1.8296985626220703,1.7570455074310305,0.5911728143692017,3.1757531669102104,2.972135,30.0,0.9075814648228177,2,1.0,https://di-india-collab.flow-analytics.io/tools/replay/2025-06-05T13:49:13Z,0.7659713970027482,1
14674599_14678086,2025-06-05 13:54:07.730164051,4,4,1,23.386637210845947,8.84573745727539,9.24565887451172,-0.0493531843975271,8.146953582763672,0.9567449688911438,160.13722229003906,40.59514404031005,2.568603515625,1.6429338786822505,0.1366839211710901,1.6779847473979022,0.96,0.0061724284599999,1.9115132919999989,0.2783229698000001,1.0032000000000003,0.6881717880000002,9.0065336227417,9.923812866210938,-0.9172792434692384,-0.4404530823230743,10.267808624765223,2.082581,20.0,0.9824950156556548,4,1.0,https://di-india-collab.flow-analytics.io/tools/replay/2025-06-05T13:54:07Z,0.8212393320935574,1
14675339_14678086,2025-06-05 13:54:12.706104040,8,4,1,20.638723850250244,5.900956630706787,8.86799430847168,-1.7659675089984714,4.802762985229492,0.6654217839241028,91.31413269042967,34.84673609505002,4.96630859375,2.6696212731015803,0.276701499357226,2.714133022975523,0.48,0.00452041954,2.080908693999999,0.3017338722,0.816,0.814426093,8.204439163208008,8.798382759094238,-0.5939435958862305,-0.2817574739456177,4.4151724912897325,2.107996,20.0,0.999996873036229,3,1.0,https://di-india-collab.flow-analytics.io/tools/replay/2025-06-05T13:54:12Z,0.996300519327094,1
14675906_14675939,2025-06-05 13:52:31.304624081,8,4,1,17.65718193054199,9.97834587097168,7.3676605224609375,-0.0796605958105389,0.0772061347961425,1.3543438911437988,169.48135375976562,13.41992924055533,5.47998046875,1.8734249662753308,0.1268168123480498,2.036944672399071,1.2,0.00392194212,1.908772449999999,0.3053193594000001,1.1472000000000009,0.5389252404,3.812552928924561,1.2496283054351809,2.56292462348938,0.858741044998169,2.726291326165047,2.984514,31.0,0.9706787679226228,2,1.0,https://di-india-collab.flow-analytics.io/tools/replay/2025-06-05T13:52:31Z,0.5979265043951426,1
14678570_14678740,2025-06-05 13:54:35.011883974,4,4,1,18.293588638305664,9.663528442382812,7.31557559967041,-0.3353509086499444,1.9428057670593264,1.320952534675598,167.57894897460938,11.481972270607937,3.13916015625,1.937960331793105,0.1331833852939234,2.003051147051687,1.2,0.00392194212,1.908772449999999,0.2875017702000001,1.1472000000000009,0.54012337,4.632711410522461,5.310446262359619,-0.6777348518371582,-0.2329195439815521,4.459859797289679,2.909738,30.0,0.9718030879277708,3,1.0,https://di-india-collab.flow-analytics.io/tools/replay/2025-06-05T13:54:35Z,0.9946531438638552,1
14679911_14682275,2025-06-05 13:58:20.239691019,8,4,1,17.274490356445312,7.369452953338623,7.106274604797363,-0.0451357873025042,3.3058884143829346,1.0370346307754517,158.12290954589844,-38.219559451004336,5.39697265625,1.0084267261621136,0.079689225507111,1.0898451080860714,0.96,0.00242665994,1.1555269452,0.368637754,1.080000000000001,0.4945854678000002,5.744665145874023,7.554452896118164,-1.8097877502441408,-0.6049107313156128,0.5321559473014678,2.991826,22.0,0.9193677707917606,1,1.0,https://di-india-collab.flow-analytics.io/tools/replay/2025-06-05T13:58:20Z,0.9807959839482129,1
14681533_14682856,2025-06-05 13:58:00.108076096,4,4,1,9.948541641235352,5.557513236999512,4.171125411987305,-0.6051425141126018,0.0081560611724853,1.3323774337768557,108.9682846069336,-3.143819374794622,2.982177734375,1.7786138650025431,0.1215337571732843,1.7787050182796535,1.2,0.0012801023,1.8434123759999996,0.2856879398,1.1520000000000008,0.3658332272000001,2.79512095451355,2.0202808380126958,0.7748401165008545,0.2592323720455169,1.7495417898496584,2.988979,31.0,0.9208390302164142,1,1.0,https://di-india-collab.flow-analytics.io/tools/replay/2025-06-05T13:58:00Z,0.6639240897940966,1
14690318_14690987,2025-06-05 14:04:44.543028116,4,4,1,18.074526977539065,9.332792282104492,7.067192077636719,-0.8099340935262612,1.171654224395752,1.320580005645752,163.18563842773438,-1.3505401939850934,3.2802734375,0.3885231242852597,0.0264064214197682,0.9225175073301144,1.2,0.06065859548,1.0532600461999997,0.4129283266,1.1616000000000009,0.5322185516,4.006393432617188,3.1389997005462646,0.8673937320709229,0.2952971458435058,1.6732706760484195,2.937359,30.0,0.9950565862757592,1,1.0,https://di-india-collab.flow-analytics.io/tools/replay/2025-06-05T14:04:44Z,0.7841593018410954,1
14691191_14692976,2025-06-05 14:06:27.366724014,4,4,1,14.6738431930542,9.609464645385742,6.691493034362793,-3.362816511119745,3.4931836128234863,1.4360718727111816,102.31863403320312,-22.6989944128642,2.945068359375,5.4662335987662125,0.3600124622553878,5.4670192891965605,0.96,0.00345986486,2.049488681999999,0.2879395432,1.142400000000001,0.4788696582,7.162978649139404,2.4724392890930176,4.690539360046387,1.5639379024505615,4.564920692380684,2.999185,31.0,0.9977624945559984,3,1.0,https://di-india-collab.flow-analytics.io/tools/replay/2025-06-05T14:06:27Z,0.9833573595773423,1
14692190_14692569,2025-06-05 14:05:18.235876083,6,4,1,8.516065311431884,3.150649070739746,3.863269805908203,0.1189636470106279,3.219491481781006,0.8155394792556763,152.7294464111328,10.560138554447898,2.693359375,0.6633041753486061,0.0603095429805496,0.7036059948768283,0.72,0.10808045114,0.878107351,0.3631329014,0.8496000000000001,0.3875571390000001,3.9932854175567623,0.893197238445282,3.100088119506836,1.0729985237121582,4.411525010461074,2.889182,28.0,0.8399267655244445,3,1.0,https://di-india-collab.flow-analytics.io/tools/replay/2025-06-05T14:05:18Z,0.897963740402259,1
14692693_14692829,2025-06-05 14:06:26.579201937,4,4,1,7.400724307379525,4.2452006340026855,2.9956960678100586,-0.6156341733409081,3.5306971073150635,1.417099952697754,6.938160419464111,2.3083679291064105,3.025390625,0.9611953756132874,0.0630375313620449,1.0051139987039406,1.44,0.00169368676,1.227911502,0.3769958572,1.1472000000000009,0.3062865520000001,4.987880706787109,4.044867515563965,0.9430131912231444,0.3151201605796814,0.9986880190127247,2.992551,14.0,0.9799756999032662,1,1.0,https://di-india-collab.flow-analytics.io/tools/replay/2025-06-05T14:06:26Z,0.982134202146093,1
14696578_14698353,2025-06-05 14:09:00.075587988,4,4,1,21.93343391418457,5.9226789474487305,8.80390453338623,-4.23309996472007,2.255229949951172,0.6727331876754761,160.80865478515625,-13.999818646624444,3.106689453125,2.3656184319082265,0.243394353488895,2.5037736765312903,0.48,0.0041878344,2.080908693999999,0.2819841834,0.8208,0.8117314226000001,4.654056549072266,5.065184593200684,-0.4111280441284179,-0.4637235701084137,2.8350863292994344,0.88658,10.0,0.9561079018540086,2,1.0,https://di-india-collab.flow-analytics.io/tools/replay/2025-06-05T14:09:00Z,0.9965416337754229,1
14696712_14700719,2025-06-05 14:12:46.688168049,6,4,1,26.448441823323567,1.8168052434921265,12.72812843322754,-7.251642235339861,0.7344200015068054,0.1427393853664398,90.19608306884766,-13.733522958905432,3.44140625,0.0551447712558073,0.0139228865021907,1.2414162483748965,0.24,0.01935861464,1.3208078153999994,0.3681360465999999,0.4368000000000001,1.5466191859999996,1.2671228647232056,0.6184525489807129,0.6486703157424927,0.2174338847398758,12.046406150562284,2.983299,19.0,0.9975607721375628,4,1.0,https://di-india-collab.flow-analytics.io/tools/replay/2025-06-05T14:12:46Z,0.9963532270647635,1
14697512_14697579,2025-06-05 14:09:47.524323940,4,4,1,11.164196491241457,5.655213832855225,4.628135681152344,1.0257769442174185,3.149699687957764,1.2219204902648926,0.0559529066085815,-6.195888187997109,3.1982421875,0.9268000016549368,0.0663773427239834,0.9282091712674466,1.2,0.03257999458,1.166178568,0.3844807206,1.152000000000001,0.4018090804000001,8.392769813537598,4.285504341125488,4.107265472412109,1.3742142915725708,20.09204727158049,2.98881,30.0,0.9994329832357628,4,1.0,https://di-india-collab.flow-analytics.io/tools/replay/2025-06-05T14:09:47Z,0.918619504036764,1
14697579_14697780,2025-06-05 14:09:50.919152975,4,4,1,23.228462600708006,4.316687107086182,9.432991027832031,0.5862172544972645,7.733510494232178,0.4576159417629242,2.350022077560425,-2.110337621778605,3.28076171875,0.5248187927692659,0.067225384041705,0.5934385079309503,0.48,0.3462797378,0.8634166838,0.5260492032,0.5711999999999998,0.9539907479999994,11.82105541229248,12.922593116760254,-1.1015377044677734,-6.307151317596436,0.0,0.174649,3.0,0.993893087624619,0,1.0,https://di-india-collab.flow-analytics.io/tools/replay/2025-06-05T14:09:50Z,0.9965873095169041,1
14698283_14698482,2025-06-05 14:09:04.590272903,4,4,1,7.61667113443491,5.420051097869873,3.5880534648895264,0.2094379331130833,2.631321907043457,1.5105825662612915,179.7197265625,-1.2671453891838953,3.06005859375,0.6357223670943736,0.0400186830146516,0.6606952727303282,1.44,0.1301330901399999,0.9599133606000002,0.3822924299999999,1.1616000000000009,0.323575895,3.4187605381011963,0.9845597743988036,2.4342007637023926,0.8117081522941589,6.636569451181414,2.998862,31.0,0.9635715315332212,4,1.0,https://di-india-collab.flow-analytics.io/tools/replay/2025-06-05T14:09:04Z,0.6152196535443976,1
14704302_14704352,2025-06-05 14:13:17.752032995,4,4,1,16.802778561909992,7.706087589263916,6.303832054138184,5.21257623682057,0.5398294925689697,1.2224448919296265,156.5562286376953,14.155326681921991,3.123046875,1.1500387564381434,0.0824691157090037,1.1504426187316517,1.2,0.00169994616,1.3566232159999998,0.3319902174000001,1.1472000000000009,0.4632271644,4.004903316497803,7.1913909912109375,-3.1864876747131348,-1.1004208326339722,0.0,2.895699,30.0,0.9804107633548854,0,1.0,https://di-india-collab.flow-analytics.io/tools/replay/2025-06-05T14:13:17Z,0.7494666652542223,1
14705922_14707574,2025-06-05 14:16:12.266709089,4,4,1,17.350687662760418,9.409040451049805,6.919682025909424,0.1956398098731454,0.276576280593872,1.3597503900527954,143.4073028564453,16.88036329521147,3.282470703125,2.891868169233126,0.1958878921248285,2.900812732331517,1.2,0.00394988654,2.049488681999999,0.3166593884,1.1472000000000009,0.4838496196,4.064920902252197,4.229867458343506,-0.1649465560913086,-0.0812359750270843,2.093606633819151,2.030462,21.0,0.9913973353072464,2,1.0,https://di-india-collab.flow-analytics.io/tools/replay/2025-06-05T14:16:12Z,0.9890328863489675,1
14711054_14711107,2025-06-05 14:18:09.366260052,4,4,1,11.197654151916504,4.103399753570557,4.64370584487915,-1.2811039552259833,-0.0256333351135253,0.883647620677948,154.54193115234375,-26.99837520116456,3.10986328125,0.910256615744177,0.079074812533706,1.074366541369274,0.96,0.0016372521399999,1.3015210340000003,0.368561244,0.8976000000000002,0.5261957524,2.539539337158203,1.096752405166626,1.4427869319915771,0.4815210998058319,17.67732961981809,2.996311,31.0,0.9995984566415328,4,1.0,https://di-india-collab.flow-analytics.io/tools/replay/2025-06-05T14:18:09Z,0.9873869905077196,1
14717370_14717826,2025-06-05 14:23:54.446948051,4,4,1,23.556374231974285,9.128423690795898,9.569429397583008,-1.1830761179834783,0.2714815139770508,0.9539151787757874,169.92897033691406,21.59777231187691,3.211669921875,1.9733481100581824,0.1646739278050895,2.034864816979132,0.96,0.0062354692599999,2.0136920479999985,0.3075056664,1.0128000000000008,0.7449428742000002,4.896774291992188,5.321594715118408,-0.4248204231262207,-0.1457569003105163,2.2844660864221265,2.914582,30.0,0.9581076216340314,2,1.0,https://di-india-collab.flow-analytics.io/tools/replay/2025-06-05T14:23:54Z,0.7139401468052055,1
14718257_14718386,2025-06-05 14:24:19.632294893,4,4,1,14.687041600545248,8.819201469421387,6.276281356811523,-0.456756465944671,3.423259735107422,1.4051635265350342,159.68959045410156,18.179501067032135,3.185302734375,0.3156569252565939,0.0206446320354299,0.3906150389354945,1.44,0.3601127705999999,0.5677743826,0.4088516084,1.1280000000000008,0.5225377372000001,4.411295413970947,4.157305240631104,0.2539901733398437,0.0849328860640525,1.3518380145221551,2.990481,30.0,0.9880569850647872,1,1.0,https://di-india-collab.flow-analytics.io/tools/replay/2025-06-05T14:24:19Z,0.6420819590145348,1
14718257_14718462,2025-06-05 14:24:21.151698112,4,6,1,11.14185365578237,7.684323310852051,4.794737815856934,-1.371137454526477,3.549025058746338,1.602657675743103,177.98619079589844,3.945255169475129,3.58544921875,1.7551826766828904,0.1074212034374086,1.7978355533813304,1.44,0.0015557156399999,1.9114246399999992,0.3186961746,1.152000000000001,0.4255029664000001,4.1001296043396,3.991943836212158,0.1081857681274414,0.0361917652189731,1.3329134690803937,2.989237,31.0,0.9283680576659477,1,1.0,https://di-india-collab.flow-analytics.io/tools/replay/2025-06-05T14:24:21Z,0.5270528035688251,1
14720011_14720155,2025-06-05 14:25:29.482244015,4,4,1,19.60438766479492,7.751008033752441,8.477901458740234,-0.9572023535211778,1.0607807636260986,0.91426020860672,159.46578979492188,31.133402972138967,3.041748046875,0.8932050976685296,0.0760243596187849,1.0207105846694495,0.96,0.0044120025199999,1.095439123,0.3368744110000001,0.9696000000000008,0.5924681696,4.953209400177002,7.229238986968994,-2.276029586791992,-0.7602865099906921,2.76752378985226,2.993647,31.0,0.9909353708483128,2,1.0,https://di-india-collab.flow-analytics.io/tools/replay/2025-06-05T14:25:29Z,0.6521705946002133,1
14730709_14731620,2025-06-05 14:35:07.672471046,4,4,1,27.78716278076172,6.400759696960449,11.52534008026123,-2.560017363144212,3.268552303314209,0.5553640723228455,171.77542114257812,-48.51947354969356,3.26513671875,1.5006311335300957,0.1725369210661709,1.592007533990104,0.48,0.00631649944,2.0499699859999985,0.3128179265999999,0.8351999999999998,1.1661949487999996,7.152065277099609,7.623592853546143,-0.4715275764465332,-0.1572334617376327,4.515117156300866,2.998901,30.0,0.8808528747783546,3,1.0,https://di-india-collab.flow-analytics.io/tools/replay/2025-06-05T14:35:07Z,0.9951268629393578,1
14731989_14732139,2025-06-05 14:35:41.439013004,4,4,1,17.173556327819824,9.598990440368652,6.859903335571289,0.6195789599675298,0.0018713474273681,1.3992894887924194,178.82447814941406,-19.90898454727456,3.369873046875,1.545029229556676,0.1024332318158133,1.6350117067623704,1.44,0.0039158145799999,1.8635175799999992,0.3420366830000002,1.142400000000001,0.4790837908,3.5557658672332764,5.713619232177734,-2.157853364944458,-0.7208277583122253,0.8584353621941515,2.993577,31.0,0.9630308772952302,1,1.0,https://di-india-collab.flow-analytics.io/tools/replay/2025-06-05T14:35:41Z,0.6624059188734152,1
14749816_14749855,2025-06-05 14:50:08.265374899,4,4,1,22.02095260620117,9.321356773376465,8.995586395263672,-0.309880856086539,1.441946029663086,1.0362144708633425,0.4476232528686523,-0.8198158951516282,3.28271484375,0.8804517661405422,0.0695429398072253,1.0683561043140062,0.96,0.0053318807199999,1.0666757905999995,0.389419526,1.0560000000000007,0.7062618956,8.893610954284668,14.726243019104004,-5.832632064819336,-7.322422981262207,3.0285293531501103,0.796544,8.0,0.996463402870299,2,1.0,https://di-india-collab.flow-analytics.io/tools/replay/2025-06-05T14:50:08Z,0.9958210889754732,1
14759514_14760820,2025-06-05 14:58:37.343111992,4,4,1,14.87164274851481,9.73855686187744,6.30953311920166,-3.3835730966889,0.464937686920166,1.5434671640396118,127.79542541503906,-35.355923610955045,3.0341796875,5.001289958816791,0.3153361001698012,5.023112114176277,1.2,0.00329447784,2.049488681999999,0.2888005772,1.142400000000001,0.4705240132000001,4.478813648223877,2.0042450428009038,2.4745686054229736,0.8284092545509338,2.9718199947468307,2.987133,31.0,0.998762674184026,2,1.0,https://di-india-collab.flow-analytics.io/tools/replay/2025-06-05T14:58:37Z,0.8642022123561077,1
14763247_14764074,2025-06-05 15:00:17.964941978,4,4,1,20.03652229309082,9.978875160217283,8.687620162963867,-3.33273172567283,6.952778339385986,1.148631572723389,157.2836151123047,8.781004834277413,2.880126953125,1.2870140278844149,0.0958572946143036,1.4274488321677348,1.2,0.00580130086,1.6383433279999997,0.3196162682000001,1.108800000000001,0.6583130162000002,8.91898250579834,5.50732421875,3.41165828704834,1.139780879020691,4.1471289076048965,2.993258,31.0,0.9994185605837684,3,1.0,https://di-india-collab.flow-analytics.io/tools/replay/2025-06-05T15:00:17Z,0.8580403863078278,1
14767389_14768293,2025-06-05 15:03:15.342392921,4,4,1,22.537029266357425,8.740798950195312,9.205246925354004,-2.313925151602661,4.20316219329834,0.9495453238487244,171.99822998046875,20.060070648541043,3.0693359375,1.9371394570256728,0.1620743123365205,2.010715344420752,0.96,0.0061885262599999,2.0136920479999985,0.2803803868,1.008000000000001,0.7207670920000002,6.523509502410889,9.465974807739258,-2.942465305328369,-0.9838789701461792,0.0223416427594601,2.990678,31.0,0.9809211679961012,0,1.0,https://di-india-collab.flow-analytics.io/tools/replay/2025-06-05T15:03:15Z,0.7558995937710916,1
14769236_14770078,2025-06-05 15:04:45.881376982,4,4,1,9.044176495952875,6.822605609893799,4.434884071350098,-0.5025067407385623,2.626508474349976,1.5383955240249634,160.08026123046875,-22.69159359216471,3.147705078125,1.8104350852448607,0.1135631516054731,1.811011255508404,1.44,0.0014314977,1.8605458039999996,0.2929935798,1.1472000000000009,0.4104470660000001,3.4135897159576416,5.001858234405518,-1.588268518447876,-0.5300323367118835,0.7814105910485403,2.99655,31.0,0.959258630806916,1,1.0,https://di-india-collab.flow-analytics.io/tools/replay/2025-06-05T15:04:45Z,0.7373405853399475,1
14778135_14778788,2025-06-05 15:10:15.271532059,4,4,1,15.349560928344726,9.193928718566896,6.229003429412842,0.1599030057265927,1.0667471885681152,1.4759870767593384,168.25039672851562,20.99056396068294,3.252685546875,0.9220928918914436,0.0590061698640024,0.9315428047439968,1.44,0.04623115512,1.1146351626,0.3863115318,1.1616000000000009,0.4806564619999999,3.6955952644348153,5.23077917098999,-1.5351839065551758,-0.5149049758911133,0.8969416622262786,2.98149,31.0,0.9635829860111934,1,1.0,https://di-india-collab.flow-analytics.io/tools/replay/2025-06-05T15:10:15Z,0.5798935842187769,1
14779483_14781759,2025-06-05 15:12:24.643830061,4,4,1,11.2138578414917,6.462103843688965,4.445000648498535,-0.3303061809338036,3.3215770721435547,1.4537913799285889,177.98619079589844,24.8939092815592,3.027099609375,0.001292019323238,7.967813822245829e-05,0.0613166205434097,1.44,0.3080976805999998,0.52453333222,0.4058289065999999,1.142400000000001,0.4907964045999999,4.170942783355713,0.3410013914108276,3.829941272735596,1.278254747390747,4.728404852936148,2.996227,31.0,0.9998874124722332,3,1.0,https://di-india-collab.flow-analytics.io/tools/replay/2025-06-05T15:12:24Z,0.8821660020419261,1
14779874_14780938,2025-06-05 15:12:40.597367048,4,4,1,13.10238552093506,7.178322792053223,5.385688304901123,-0.4488350489624319,4.588564395904541,1.332851529121399,36.31343460083008,-1.5083052573104527,3.1884765625,1.237510011528281,0.0843274864493662,1.3384004887312784,1.2,0.00153555082,1.6037981639999996,0.3345826112000001,1.142400000000001,0.4452077164,5.196688175201416,4.704030990600586,0.4926571846008301,0.2056737691164016,3.1572714336991936,2.395333,25.0,0.9868028972704128,2,1.0,https://di-india-collab.flow-analytics.io/tools/replay/2025-06-05T15:12:40Z,0.9924137210918262,1
14781545_14783300,2025-06-05 15:13:43.283498049,4,6,1,7.930185556411743,3.2261745929718018,2.882572650909424,3.803144341644026,2.8338518142700195,1.1191997528076172,27.52882957458496,27.91811172223801,3.647705078125,2.00708792138988,0.1522923051075559,2.0109825655401017,0.72,0.00129997126,2.0125448319999992,0.3217096923999999,1.156800000000001,0.2476070394,7.973302364349365,9.206202507019045,-1.2329001426696775,-0.5614054203033447,1.9768294752327769,2.196096,23.0,0.8034535470593379,1,1.0,https://di-india-collab.flow-analytics.io/tools/replay/2025-06-05T15:13:43Z,0.9941686159013964,1
14790499_14791456,2025-06-05 15:20:01.951284885,4,4,1,11.614860852559408,6.768270492553711,5.141751289367676,-5.6364041159675455,-1.3484739065170288,1.316335678100586,10.071523666381836,4.594105723399267,3.025390625,1.5557236709667073,0.1069734476674412,1.5752402954868157,1.2,0.0015557156399999,1.8174182539999997,0.2968325646,1.152000000000001,0.4283390399999999,1.611406683921814,4.934397220611572,-3.3229904174804688,-1.1080701351165771,0.1138581915026454,2.998899,31.0,0.9400521064739706,1,1.0,https://di-india-collab.flow-analytics.io/tools/replay/2025-06-05T15:20:01Z,0.754141458516454,1
14790736_14790844,2025-06-05 15:19:44.042301893,4,4,1,12.36433470249176,6.462738513946533,4.828447341918945,-0.7618429624880821,3.844039440155029,1.3384714126586914,167.5499725341797,4.598778963795573,3.105224609375,1.3887462460584383,0.0944723602674254,1.439543109705408,1.2,0.00152576116,1.649678514,0.3162061860000001,1.1472000000000009,0.4232208252000001,4.3045573234558105,4.818192958831787,-0.5136356353759766,-0.2861266434192657,0.5991501568135831,1.795134,19.0,0.9699067164869422,1,1.0,https://di-india-collab.flow-analytics.io/tools/replay/2025-06-05T15:19:44Z,0.9910350766823649,1
14791412_14792287,2025-06-05 15:20:50.070583105,4,4,1,21.06078974405925,9.826075553894045,8.26422119140625,1.8366704500753677,0.2816109657287597,1.1889898777008057,175.97189331054688,9.626050473501817,3.107421875,2.046802849900314,0.149826934671862,2.114045619403803,1.2,0.0046977873999999,1.9637499819999988,0.2871683374,1.142400000000001,0.591648632,4.628840923309326,5.892449378967285,-1.263608455657959,-0.4337335526943207,1.0786849232473468,2.913329,30.0,0.9629412353457422,1,1.0,https://di-india-collab.flow-analytics.io/tools/replay/2025-06-05T15:20:50Z,0.6066916949025858,1
14795628_14795657,2025-06-05 15:25:18.101511955,7,4,1,11.485608863830567,7.074519634246826,4.367312431335449,2.4989795549422205,3.3047194480896,1.6198794841766355,160.92056274414062,29.857370812519083,3.988525390625,0.4879549489737937,0.0294096071945489,0.5711973497430775,1.68,0.1947539324,0.9404393786000002,0.4050413249999999,1.1472000000000009,0.4108974067999999,4.011219501495361,8.496626853942871,-4.48540735244751,-1.4971994161605835,2.1083048864913057,2.995865,31.0,0.9485859630420512,2,1.0,https://di-india-collab.flow-analytics.io/tools/replay/2025-06-05T15:25:18Z,0.5779824450060398,1
14796861_14797096,2025-06-05 15:25:40.193705082,4,4,1,17.257259845733643,7.996397972106934,7.091911792755127,-4.560122039816252,3.563978672027588,1.127537727355957,164.6134490966797,-33.18904108162208,3.074951171875,0.9242220624809524,0.06943991360305,1.1156579619167697,1.2,0.00265806204,1.1199778864000005,0.3407560378000001,1.104000000000001,0.4879376536000001,5.186862945556641,8.040789604187012,-2.853926658630371,-0.987614929676056,8.996189000039875,2.889716,30.0,0.9565813379942676,4,1.0,https://di-india-collab.flow-analytics.io/tools/replay/2025-06-05T15:25:40Z,0.9952762116729412,1
14797461_14798056,2025-06-05 15:27:07.623503923,4,7,1,6.706221262613933,3.707218647003174,3.01171875,-2.8701594455429285,0.0675804615020752,1.230931282043457,178.50274658203125,-14.56481010242975,4.08203125,2.38619299082641,0.1712823787123117,2.3861959600948834,0.72,0.00135032584,2.025802495999999,0.3116617339999998,1.132800000000001,0.303079942,2.315997838973999,4.399438381195068,-2.0834405422210693,-0.7155758738517761,0.6880564977484839,2.911558,30.0,0.6925407158648578,1,1.0,https://di-india-collab.flow-analytics.io/tools/replay/2025-06-05T15:27:07Z,0.9794209158924293,1
14797466_14797892,2025-06-05 15:26:19.554588079,4,6,1,15.552966499328614,9.629430770874023,6.879564762115479,-3.3699635280139937,4.4225687980651855,1.3997150659561155,125.78913116455078,-12.345244620738308,3.65234375,3.102582460946899,0.206665652529891,3.12767530899808,1.2,0.00394988654,2.049488681999999,0.3166593884,1.142400000000001,0.4686124621999999,6.7332377433776855,1.0450599193572998,5.688178062438965,1.9557428359985352,5.008157273917911,2.908449,30.0,0.9993769792858884,3,1.0,https://di-india-collab.flow-analytics.io/tools/replay/2025-06-05T15:26:19Z,0.9954036607447104,1
14812113_14813527,2025-06-05 15:40:45.206819057,6,6,1,12.713711102803549,2.625185966491699,5.554387092590332,0.5701104182672784,5.190743446350098,0.472632884979248,43.86708068847656,110.39974778977913,3.81396484375,1.6604511213557418,0.2103264752315286,1.6895627439148273,0.24,0.0014822022,2.099397914799999,0.3134570385999998,0.6719999999999997,0.8027769124000004,7.141082286834717,8.728184700012207,-1.5871024131774902,-0.6936460733413696,4.759230973048805,2.288058,24.0,0.7613559710806698,3,1.0,https://di-india-collab.flow-analytics.io/tools/replay/2025-06-05T15:40:45Z,0.996496451163312,1
14814406_14814969,2025-06-05 15:41:31.461720943,4,4,1,17.66282335917155,8.634958267211914,6.506051540374756,-0.6136363621431952,5.792617321014404,1.3272194862365725,33.236026763916016,-285.87181094598066,3.14453125,1.0823020864724466,0.0738682121015858,1.2876111183576646,1.2,0.00175935368,1.4314979966,0.3319092078,1.1472000000000009,0.4569543747999999,6.2637152671813965,3.1414926052093506,3.122222661972046,1.0438802242279053,13.803734564123236,2.990978,25.0,0.9966889803039782,4,1.0,https://di-india-collab.flow-analytics.io/tools/replay/2025-06-05T15:41:31Z,0.9887485160976983,1
14814721_14814969,2025-06-05 15:41:40.641959906,4,4,1,25.21950022379557,7.579332828521728,12.660321235656738,-1.006751682774827,4.156093597412109,0.5986682772636414,0.8952465057373047,23.18387837800782,3.125,0.0375646167161412,0.0040247781173806,1.5026809375246637,0.48,0.02252596798,1.3390969633999998,0.3378407954,0.7295999999999997,1.4527009393999994,8.224257469177246,15.626873970031738,-7.402616500854492,-14.946839332580566,0.0,0.495263,3.0,0.9999873211541154,0,1.0,https://di-india-collab.flow-analytics.io/tools/replay/2025-06-05T15:41:40Z,0.9962459952445484,1
14815182_14815194,2025-06-05 15:41:41.050870895,4,6,1,15.448254203796386,9.86164093017578,6.754634857177734,-3.524753783696041,0.6861536502838135,1.4599813222885132,177.03500366210938,3.887671281733157,3.269775390625,2.048542040447604,0.132683382814191,2.0699675950909384,1.44,0.0035184793399999,1.908772449999999,0.3146270498,1.142400000000001,0.478660499,3.657163619995117,0.0975686684250831,3.5595948696136475,1.1918998956680298,3.5938117889086816,2.986488,31.0,0.9812356861598428,2,1.0,https://di-india-collab.flow-analytics.io/tools/replay/2025-06-05T15:41:41Z,0.7222940244198957,1
14827068_14827137,2025-06-05 15:52:35.868585110,6,4,1,4.6571557389373375,9.609403610229492,4.724524021148682,-0.616886471304508,5.1394453048706055,2.03394103050232,21.93354034423828,54.3275114924097,3.540283203125,1.2231915689429074,0.0647857976649112,1.2825770947222823,1.92,0.0030812747,1.5847632559999991,0.3521873130000001,1.1520000000000008,0.402525236,7.388289451599121,6.7829766273498535,0.6053128242492676,1.43264901638031,3.1595743091800608,0.422513,5.0,0.8829079315638053,2,1.0,https://di-india-collab.flow-analytics.io/tools/replay/2025-06-05T15:52:35Z,0.7227506814894527,1
14842492_14843926,2025-06-05 16:09:18.897000074,4,4,1,9.278121245895113,6.621809482574463,4.546761512756348,-0.2822782781374662,0.9890961647033693,1.4563792943954468,162.45925903320312,-1.0016637962416517,3.107666015625,2.1724565235236706,0.1409745389668352,2.2247454894157626,1.2,0.00141363092,1.9813456759999988,0.286555315,1.152000000000001,0.4123745420000002,3.2166881561279297,2.4195756912231445,0.7971124649047852,0.2682787477970123,1.9137893940311903,2.97121,31.0,0.9214589155139,1,1.0,https://di-india-collab.flow-analytics.io/tools/replay/2025-06-05T16:09:18Z,0.6987237730171845,1
14851431_14852026,2025-06-05 16:18:12.568573952,4,4,1,15.875621032714845,9.862974166870115,7.377479076385498,-5.629792515676277,1.294595718383789,1.3369029760360718,126.25672149658205,-11.295477988782386,2.98681640625,4.495372471648908,0.3085475043752907,4.569913212392422,0.96,0.00400152368,2.049488681999999,0.2899671756,1.1472000000000009,0.5454520394,5.385255813598633,6.505105495452881,-1.119849681854248,-0.3751294910907745,1.1978607244680406,2.985235,31.0,0.9997721444969376,1,1.0,https://di-india-collab.flow-analytics.io/tools/replay/2025-06-05T16:18:12Z,0.922358422601763,1
14862055_14862109,2025-06-05 16:27:35.388782024,4,4,1,22.788845698038735,9.661911964416504,9.142553329467772,0.656110015660104,0.3876709938049316,1.0568066835403442,169.76112365722656,23.05335938842426,3.10107421875,2.406000421132769,0.189149828296859,2.424044718616297,0.96,0.0062925877599999,2.036576525999999,0.286793188,1.070400000000001,0.7496306496000001,4.89468240737915,5.938671112060547,-1.0439887046813965,-0.3484858572483063,0.7331273534973398,2.995785,31.0,0.9686804979342226,1,1.0,https://di-india-collab.flow-analytics.io/tools/replay/2025-06-05T16:27:35Z,0.6142207111553588,1
14862268_14862360,2025-06-05 16:27:47.318020105,4,4,1,14.947426986694335,8.211319923400879,5.948417663574219,0.6437507071732519,3.074835777282715,1.3804209232330322,153.7585906982422,29.98668722415381,3.329833984375,0.4175636325237399,0.0276543453981418,0.5619845728810091,1.44,0.2615724436000001,0.8871462536000001,0.4257430195999998,1.1376000000000008,0.4880089502,4.409417629241943,7.841633319854736,-3.432215690612793,-1.1734881401062012,0.5106780530518422,2.924798,30.0,0.9850807667036694,1,1.0,https://di-india-collab.flow-analytics.io/tools/replay/2025-06-05T16:27:47Z,0.6833955659697952,1
14866154_14867088,2025-06-05 16:32:02.006520033,4,4,1,16.579210472106933,9.837098121643066,7.347097873687744,-2.935169389303051,1.1979079246520996,1.338909387588501,122.80264282226562,-12.852386806421384,3.39208984375,4.593158092319075,0.3150249833318002,4.649693507440546,0.96,0.00400152368,2.049488681999999,0.3150648228000001,1.1472000000000009,0.541654441,5.723585605621338,2.254788875579834,3.468796730041504,1.1911745071411133,3.917199420065356,2.912081,30.0,0.9999938260615324,2,1.0,https://di-india-collab.flow-analytics.io/tools/replay/2025-06-05T16:32:02Z,0.9234427411324775,1
14866819_14867335,2025-06-05 16:32:13.797647953,4,4,1,16.187650044759113,9.921689987182615,6.615276336669922,-1.281384832759571,2.285135507583618,1.4998148679733276,163.49337768554688,-6.661569913936736,3.37451171875,2.643311081484753,0.168782495388383,2.662622305912972,1.44,0.00326451414,1.9947104199999988,0.3146474532,1.142400000000001,0.4811264356,4.905670166015625,1.6982382535934448,3.20743179321289,1.0814504623413086,3.449961800226053,2.965861,31.0,0.982551740000104,2,1.0,https://di-india-collab.flow-analytics.io/tools/replay/2025-06-05T16:32:13Z,0.9128180766702277,1
14866905_14867240,2025-06-05 16:32:09.441657066,4,4,1,32.846683502197266,9.574759483337402,13.333663940429688,-2.448700918752967,1.712453842163086,0.7180891633033752,170.54344177246094,-1.434375858826883,3.2744140625,1.4518955083488665,0.1431954207970293,1.4730104431486557,0.72,0.0070257888399999,1.9409881239999984,0.3120092724,0.8304000000000002,1.2242243219999995,7.859496116638184,6.126784324645996,1.7327117919921875,0.7878516316413879,3.760654437702403,2.199287,23.0,0.9962657493989342,2,1.0,https://di-india-collab.flow-analytics.io/tools/replay/2025-06-05T16:32:09Z,0.9950738350560704,1
14877247_14877448,2025-06-05 16:42:23.256639004,4,4,1,15.989905738830569,9.447635650634766,6.522001266479492,-0.5830532606824533,1.1174273490905762,1.44857919216156,169.70516967773438,38.72362470344044,3.27587890625,1.1113664856022716,0.0720110679239577,1.1139148416347016,1.44,0.00330507756,1.2221745642,0.3852966143999999,1.1472000000000009,0.4636170635999999,3.618358850479126,7.30787992477417,-3.689521074295044,-1.230844259262085,4.121955121074347,2.997553,31.0,0.9636531128678774,3,1.0,https://di-india-collab.flow-analytics.io/tools/replay/2025-06-05T16:42:23Z,0.9553712783926805,1
14891399_14891869,2025-06-05 17:01:43.762311935,4,4,1,18.536187489827476,9.630375862121582,7.835137844085693,-1.1985900371877838,3.032320737838745,1.2291265726089478,155.60401916503906,18.48831424655842,2.977783203125,0.6211193336542012,0.0442048810081846,0.6491054541636515,1.2,0.2894682146000001,0.9265737684,0.3927528545999999,1.1664000000000008,0.5658742937999999,5.405163288116455,5.58983325958252,-0.1846699714660644,-0.0615717247128486,1.4098982943710252,2.999266,31.0,0.9972869500930645,1,1.0,https://di-india-collab.flow-analytics.io/tools/replay/2025-06-05T17:01:43Z,0.7148619292720279,1
14900175_14901039,2025-06-05 17:10:50.534833907,4,4,1,23.15388536453247,9.785042762756348,9.63760757446289,-4.888663162682524,7.838855743408203,1.0152978897094729,100.37850189208984,-45.96758672111072,2.814697265625,1.1981165130943512,0.0959978180719768,1.2597359542593582,0.96,0.00738918036,1.6191387669999988,0.3275679990000001,0.9600000000000004,0.7304847562000001,8.908795356750488,8.68875503540039,0.2200403213500976,0.1159723848104476,2.3477782009711445,1.897351,20.0,0.9869397679913582,2,1.0,https://di-india-collab.flow-analytics.io/tools/replay/2025-06-05T17:10:50Z,0.6296338956754611,1
14907939_14911278,2025-06-05 17:21:11.558182955,4,8,1,14.80725383758545,6.936251640319824,5.802038192749023,0.381324133882552,5.4008002281188965,1.1954853534698486,35.25033187866211,11.429311737925865,5.276123046875,0.0760804483481264,0.0054246050874287,0.0807394566694699,1.2,0.4114385889999999,0.7828460794800001,0.4092455901999999,1.156800000000001,0.5440136808000001,7.751139163970947,8.28725814819336,-0.5361189842224121,-0.1792133152484893,1.0148522358719692,2.991513,31.0,0.9941180640200348,1,1.0,https://di-india-collab.flow-analytics.io/tools/replay/2025-06-05T17:21:11Z,0.6083356248680424,1
14913764_14913811,2025-06-05 17:23:58.925600052,4,4,1,4.897097104444545,7.01734733581543,1.8918657302856443,-7.50393941750316,3.1848363876342773,3.7092206478118896,6.042913913726807,-87.13320656438283,3.262939453125,2.792910119026699,0.1039990611491042,2.792912224078345,3.12,0.0014659861,1.866703855999999,0.3492477382000001,1.1472000000000009,0.1745819619999999,10.262438774108888,10.827815055847168,-0.5653762817382812,-0.7004669308662415,0.9987172185085478,0.807142,10.0,0.9496972774599072,1,1.0,https://di-india-collab.flow-analytics.io/tools/replay/2025-06-05T17:23:58Z,0.7789960827169399,1
14931400_14931692,2025-06-05 17:42:33.881951094,4,4,1,6.941483347371844,3.509821653366089,3.069133043289185,-0.9155010945124816,2.068455696105957,1.143587350845337,179.38502502441406,6.766069482863792,3.267333984375,2.005455313624713,0.1502250934325416,2.014233514667882,0.72,0.00129997126,1.999191853999999,0.3167238219999999,1.1424000000000007,0.3147563910000001,3.1028902530670166,5.102205276489258,-1.9993150234222408,-0.6691681146621704,1.064853272995382,2.987762,31.0,0.8204906500379361,1,1.0,https://di-india-collab.flow-analytics.io/tools/replay/2025-06-05T17:42:33Z,0.6796469769514324,1
14937338_14937987,2025-06-05 17:51:08.072432041,4,4,1,20.69628524780273,9.989567756652832,8.800881385803223,-3.145980364157416,2.84354019165039,1.1350644826889038,140.9023895263672,1.41894032245281,3.21728515625,4.182299948423026,0.31631178671242,4.188704074390424,0.96,0.0057926482799999,2.036576525999999,0.314130334,1.1184000000000007,0.7569841354000001,7.0258402824401855,8.770183563232422,-1.7443432807922363,-0.6022278666496277,3.753400645009614,2.896484,30.0,0.9896092253630392,2,1.0,https://di-india-collab.flow-analytics.io/tools/replay/2025-06-05T17:51:08Z,0.8694410124993249,1
14940383_14940493,2025-06-05 17:54:11.449465990,4,4,1,10.505976267374407,7.875061988830566,5.040198802947998,0.1011036921876107,0.9243249893188475,1.562450647354126,148.05038452148438,-191.03807091270173,3.14501953125,0.4120521836347002,0.0253449160343932,0.7249266499212962,1.44,0.13805733866,0.912989919,0.3614855495999998,1.1616000000000009,0.4578415707999999,2.717374086380005,1.3818415403366089,1.335532546043396,0.4481807649135589,20.29927632063505,2.979897,29.0,0.9964768388883032,4,1.0,https://di-india-collab.flow-analytics.io/tools/replay/2025-06-05T17:54:11Z,0.9405297800448356,1
14956017_14957217,2025-06-05 18:15:18.456727028,8,4,1,14.800153017044067,9.309144020080566,5.72402286529541,1.9486972131934897,5.339629173278809,1.626328945159912,2.685739517211914,9.04152434340128,5.49560546875,0.8009016344450653,0.0483244103860669,0.8854174925557192,1.68,0.07632899322,1.0693328074,0.3685165315999997,1.176000000000001,0.4235566496000001,6.254391193389893,6.9241790771484375,-0.6697878837585449,-0.6702443361282349,0.2636172987011156,0.999319,11.0,0.9840236572603932,1,1.0,https://di-india-collab.flow-analytics.io/tools/replay/2025-06-05T18:15:18Z,0.9942699624155619,1
14963420_14963685,2025-06-05 18:24:32.638870955,6,4,1,5.1166396863654,9.501502990722656,4.892350196838379,-2.8272524844714644,4.704424858093262,1.942114233970642,5.48338508605957,-50.44992302457263,2.900146484375,3.7441802450230015,0.2054475715270667,3.7500693873788857,1.68,0.00313147292,2.105820351999999,0.2881148294,1.156800000000001,0.4315231424000001,13.035337448120115,15.503267288208008,-2.46792984008789,-0.8244512677192688,1.5836486032897257,2.993421,28.0,0.975404523541164,1,1.0,https://di-india-collab.flow-analytics.io/tools/replay/2025-06-05T18:24:32Z,0.8514202767988485,1
14963420_14963685,2025-06-05 18:24:33.729024887,6,4,1,10.764718770980837,5.557626247406006,4.225831985473633,-0.2470822434642944,4.043439865112305,1.3151555061340332,4.923855781555176,-14.659109048446137,2.900146484375,0.1233158030675281,0.0083346629447033,0.4994723778648827,1.2,0.2140447383999999,0.9005793637999999,0.3729959443999998,1.1424000000000007,0.4427659068,13.175004005432127,16.014198303222656,-2.839194297790528,-0.9743452668190002,3.251289002042633,2.913951,27.0,0.9132794204163236,2,1.0,https://di-india-collab.flow-analytics.io/tools/replay/2025-06-05T18:24:33Z,0.8728145540160831,1
14963440_14963685,2025-06-05 18:24:30.135831118,6,4,1,10.028512682233538,5.2620768547058105,3.944458246231079,-0.2351854722198567,3.3182997703552246,1.334043025970459,84.4888916015625,-21.557688950909693,3.109619140625,1.545488939587705,0.1054218591615698,1.5474693066044352,1.2,0.00132934372,1.7821616179999995,0.2994617215999999,1.156800000000001,0.3515967744,7.816626071929932,12.971047401428224,-5.154421329498291,-1.7729908227920532,1.3000459361029228,2.90719,25.0,0.1409658098231244,1,1.0,https://di-india-collab.flow-analytics.io/tools/replay/2025-06-05T18:24:30Z,0.9931963614028056,1
14981492_14981547,2025-06-05 18:48:53.513302088,4,4,1,27.60543441772461,8.02839183807373,10.434955596923828,12.292229784973332,7.723978996276855,0.7693747878074646,139.99417114257812,-149.87699044118332,2.98974609375,0.4952023506725031,0.0465211550381863,0.6935682440313469,0.72,0.3122041646000001,0.821816418,0.4021129852,0.6528,0.9608859175999998,8.668730735778809,10.521334648132324,-1.852603912353516,-1.155216097831726,10.563401244667002,1.603686,16.0,-0.0051175790559657,4,1.0,https://di-india-collab.flow-analytics.io/tools/replay/2025-06-05T18:48:53Z,0.9965989496644794,1
14983324_14983370,2025-06-05 18:51:15.113733053,7,4,1,15.07179946899414,6.266384601593018,6.102179050445557,0.207217379171398,6.088522434234619,1.026909351348877,112.80105590820312,22.923709546832335,3.7568359375,1.2302216613373875,0.0979225349095052,1.241923566693141,0.96,0.0014277304399999,1.6306921219999992,0.3489132454000001,1.0464000000000009,0.4387126160000001,7.00784969329834,2.551715850830078,4.456133842468262,1.485489845275879,14.07774609799777,2.999774,30.0,-0.1161552077363238,4,1.0,https://di-india-collab.flow-analytics.io/tools/replay/2025-06-05T18:51:15Z,0.9851325641405658,1
14993652_14993752,2025-06-05 19:06:13.822773933,4,4,1,6.269502353668213,3.359920024871826,2.6157889366149902,-0.5996178079133418,2.0775067806243896,1.2844767570495603,9.847711563110352,-18.5610418069622,3.242919921875,1.3441513126659583,0.0936890820074797,1.3863311897903925,0.96,0.0013371249799999,1.5697009819999996,0.3563625784000001,1.1616000000000009,0.266625742,3.0113022327423096,0.5868996381759644,2.4244027137756348,0.8096871972084045,1.5787884939720294,2.994246,31.0,0.8533817658260656,1,1.0,https://di-india-collab.flow-analytics.io/tools/replay/2025-06-05T19:06:13Z,0.8973525885312634,1
15016528_15016536,2025-06-05 19:42:08.061430931,4,8,1,9.337904453277588,4.9871907234191895,3.886808633804321,-1.076092684634905,-0.4468585252761841,1.283106803894043,108.43672943115234,283.86205502312754,6.3359375,1.0770627630348557,0.0750040295053482,1.0810357576830438,1.2,0.0013091789,1.2445668309999998,0.3901670336000001,1.1520000000000008,0.3565918474,1.733996033668518,0.7003431916236877,1.0336527824401855,0.3563980758190155,6.556295966273076,2.900276,30.0,0.885277406438373,4,1.0,https://di-india-collab.flow-analytics.io/tools/replay/2025-06-05T19:42:08Z,0.9935398253904706,1
15059556_15059821,2025-06-05 20:46:32.531100035,4,6,1,10.261852979660034,4.5625,4.393427848815918,-3.53267802140507,-2.0625312328338623,1.0384830236434937,29.37527656555176,-53.69118189942021,3.41943359375,0.6426109735485411,0.0505792356745595,0.6920448438661931,0.96,0.14669260932,1.1249957488000006,0.4423315383999998,1.0656000000000008,0.3410845139999999,0.7577236294746399,2.7002174854278564,-1.942493915557861,-0.6481629610061646,15.94707066655381,2.996922,23.0,0.9862141205602908,4,1.0,https://di-india-collab.flow-analytics.io/tools/replay/2025-06-05T20:46:32Z,0.9955773725254691,1
15067436_15067708,2025-06-05 20:58:08.814737082,4,4,1,4.647920169221719,4.889501571655273,4.337735176086426,-12.798750227928712,0.6439818143844604,1.1272014379501345,164.05392456054688,124.61090782596813,3.31884765625,0.3629183214042675,0.02709425241163,0.499815921873338,1.2,0.2112733424000001,0.9334366980000002,0.4556225271999998,0.9792000000000004,0.3767378299999999,1.4164448976516724,0.0482286177575588,1.3682162761688232,0.4628376960754394,9.124013946284826,2.956147,27.0,0.9987272620287708,4,1.0,https://di-india-collab.flow-analytics.io/tools/replay/2025-06-05T20:58:08Z,0.9923847338193191,1
15067926_15067934,2025-06-05 20:58:46.360033035,4,6,1,4.419086158054608,3.90512490272522,5.146716594696045,22.506742915731483,-0.6675398349761963,0.7587604522705078,54.83384704589844,87.4495239180846,3.4541015625,1.6214977207890646,0.1548766316132742,1.70308595735088,0.72,0.0013829716199999,2.023390327999999,0.2997648691999999,0.7584000000000002,0.6367440301999998,0.7637790441513062,1.2200133800506592,-0.456234335899353,-0.3491171598434448,8.59599816583839,1.306823,10.0,0.4981048174758667,4,1.0,https://di-india-collab.flow-analytics.io/tools/replay/2025-06-05T20:58:46Z,0.9966452162935491,1
