{
  "val_auc": 0.8664596273291925,
  "val_precision_at_10": 0.09999999999999999,
  "test_auc": 0.6322188449848025,
  "test_precision_at_10": 0.1,
  "coefficients": {
    "composite_mdrac": -0.05213731965164509,
    "isolation_forest": 0.1801381137475341,
    "gaussian_anomaly": -0.01295111918089169,
    "random_forest_prob": 1.235592763909907,
    "xgboost_prob": 2.829990223262588
  },
  "intercept": -6.117651794495422
}