pair_id,timestamp,label1,label2,same_zone,mdrac,distance,closing_speed,closing_accel,speed_diff,ttc,yaw_diff,yaw_rate,min_safe_dist,ttc_min_dist,ttc_severity_score,traj_min_dist,traj_time_horizon,traj_severity_score,env_min_dist,env_max_overlap_prob,env_time_horizon,env_severity_score,decel_initial_speed,decel_final_speed,decel_speed_change,decel_avg_deceleration,decel_max_deceleration,decel_observation_time,decel_num_frames_observed,decel_alignment,decel_severity,decel_model,link,prediction,probability,log_probability,mahalanobis_distance
10286987_10287008,2025-06-01 00:04:21.444344044,4,4,1,0.7175936611270956,7.385159969329834,2.338284969329834,0.0856581720178565,3.018383502960205,3.158366203308105,3.804797649383545,9.442531597453014,3.02734375,1.0247657467853049,0.0417024781410698,1.026135295075083,3.12,0.00154367736,1.2197702166,0.3803011064,1.1520000000000008,0.2629333687999999,4.074686527252197,0.0731723085045814,4.001514434814453,1.339543700218201,3.1598873884031606,2.987222,31.0,0.9999837038557842,moderate,True,https://di-india-collab.flow-analytics.io/tools/replay/2025-06-01T00:04:21Z,1,0.0013805642836115857,-6.585262962222508,6.074145886634292
10287444_10287461,2025-06-01 00:05:37.377166033,4,4,1,0.1150307932664785,7.351724624633789,1.054630994796753,0.2127250331752073,1.5250834226608276,6.970897674560547,4.476232528686523,8.013117143442997,3.08349609375,0.6584461845158702,0.0166645038718134,0.6601696848207648,6.96,0.0868175487999999,0.9486542054,0.3837833447999998,1.1616000000000009,0.1431047118,2.2510995864868164,0.0401306226849556,2.2109689712524414,0.7385199069976807,1.6901649109404082,2.993784,31.0,0.9987640807813276,low,True,https://di-india-collab.flow-analytics.io/tools/replay/2025-06-01T00:05:37Z,1,3.32717276674197,1.2021229243751885,2.9523101090173895
10292540_10292655,2025-06-01 00:17:07.661415100,4,4,1,1.9302767614432352,7.419243812561035,3.714723110198975,-3.032762237382018,2.441952705383301,1.99725353717804,30.214569091796875,-31.688787932086115,2.83837890625,4.244402928670335,0.2292427798552747,4.266798982793813,1.44,0.00156669716,2.063363787999999,0.2850426559999999,1.1472000000000009,0.3566392349999999,5.817041397094727,6.200250625610352,-0.383209228515625,-0.1316926330327987,5.115497506040345,2.909876,22.0,0.9969413026648865,serious,True,https://di-india-collab.flow-analytics.io/tools/replay/2025-06-01T00:17:07Z,1,2.5442213595894316e-30,-68.14372813571163,10.65902962976047
10293350_10293397,2025-06-01 00:18:28.807003021,4,4,1,0.0773585997856418,6.7309346199035645,1.1604560613632202,-1.4034366028073064,0.3566108644008636,5.800249576568604,1.5666813850402832,-2.1004331841849178,3.17041015625,0.0786936036341946,0.0021894716120401,0.0910465009323873,5.76,0.1195961922799999,0.4329730022600001,0.3897282803999998,1.132800000000001,0.14080574532,0.689640998840332,2.227505207061768,-1.5378642082214355,-0.5277844667434692,0.7676135131553969,2.913811,30.0,0.9995078005955828,low,True,https://di-india-collab.flow-analytics.io/tools/replay/2025-06-01T00:18:28Z,1,0.18627022671869767,-1.6805568277870693,3.2579438259719704
10296306_10296324,2025-06-01 00:26:07.950704098,4,4,1,0.8945084823748235,7.343870639801025,2.448888063430786,0.0397643004174147,2.3896164894104004,2.998859167098999,2.350022077560425,4.181014873212522,3.24267578125,1.4542762532022928,0.0611874217549795,1.454279666755278,2.88,0.0015262886,1.7181493919999995,0.3684818342000001,1.1472000000000009,0.2742516992,9.124168395996094,6.383900165557861,2.7402682304382324,0.9134879112243652,3.5789262438399123,2.999786,31.0,0.9951440926495568,moderate,True,https://di-india-collab.flow-analytics.io/tools/replay/2025-06-01T00:26:07Z,1,0.00028018081489228445,-8.180075395740673,5.473823458771774
10297104_10297121,2025-06-01 00:28:02.976613998,4,4,1,0.5413848081562037,7.220863342285156,0.9528883099555968,6.499369772456566,1.3207406997680664,7.577869415283203,1.7904930114746094,7.691199681121356,3.3447265625,0.2814900522611727,0.0067381665632273,0.3016316306772219,7.68,0.1078816812999999,0.4198460281,0.4508391901999997,1.1376000000000008,0.13497670778,12.18920612335205,11.264819145202637,0.924386978149414,0.8472119569778442,4.351349999004667,1.091093,12.0,0.9934164141053654,serious,True,https://di-india-collab.flow-analytics.io/tools/replay/2025-06-01T00:28:02Z,1,2.210782538083067e-24,-54.468695689372026,11.593365672575912
10297954_10298203,2025-06-01 00:30:36.549175978,4,4,1,0.0940597072251665,7.4837822914123535,1.221472144126892,-0.4721788468043037,1.6476807594299316,6.126854419708252,4.028609275817871,3.2051515462828446,3.0498046875,1.657640437017023,0.0456011409968236,1.6597171433304134,5.76,0.0015052288,1.8033415019999997,0.3368055058000002,1.1520000000000008,0.1446515377999999,7.790067195892334,6.874575138092041,0.915492057800293,0.3051760196685791,2.282945603057736,2.999882,24.0,0.973112691056824,moderate,True,https://di-india-collab.flow-analytics.io/tools/replay/2025-06-01T00:30:36Z,1,1.55529677893214e-06,-13.373844175924763,5.080055815476969
10300754_10300768,2025-06-01 00:36:55.265007973,6,4,1,1.3656044336595627,5.444101810455322,2.397563934326172,2.034403721448471,-1.2937040328979492,2.2706806659698486,0.6714348793029785,2.939454964840961,3.47119140625,0.0834769266437132,0.0040634127079761,0.2769929559686488,2.16,0.18680896466,0.59483909278,0.426222932,1.1376000000000008,0.2660948711999999,7.370342254638672,5.593380928039551,1.776961326599121,0.6364191770553589,51.226039748276925,2.7921240000000003,27.0,0.9984229271274396,critical,True,https://di-india-collab.flow-analytics.io/tools/replay/2025-06-01T00:36:55Z,1,5.532262557581866e-84,-191.70655093722166,19.955430515194408
10300754_10300768,2025-06-01 00:36:56.363578081,6,4,1,2.269594832946394,4.342170715332031,3.2721681594848637,-2.3382958111047216,0.8138523101806641,1.3270010948181152,1.7904930114746094,-0.9408167774892884,3.47119140625,0.0881769969204401,0.0059140370146453,0.381936785355656,1.44,0.2114243893599999,0.5951516772000001,0.4527734422,1.1232000000000009,0.3041739686,9.92669677734375,6.1509785652160645,3.7757182121276855,1.2601689100265503,51.226039748276925,2.9962,25.0,0.9998204830374802,critical,True,https://di-india-collab.flow-analytics.io/tools/replay/2025-06-01T00:36:56Z,1,2.6929206444066266e-82,-187.82135127947382,20.538812813079463
10300754_10300768,2025-06-01 00:37:00.945632935,6,4,1,0.2937919199806989,4.430369377136231,1.2589207887649536,-0.1673550141044208,0.9842381477355956,3.5191802978515625,1.5666813850402832,-1.4502380405749238,3.47119140625,0.4295067069067993,0.016287863687084,0.4530232913869465,3.6,0.0946534385399999,0.9855077614000004,0.4542287671999998,1.1280000000000008,0.1516287826,8.009859085083008,6.6309099197387695,1.3789491653442385,0.4601055085659027,9.94107771234293,2.997028,31.0,0.9994797780802722,critical,True,https://di-india-collab.flow-analytics.io/tools/replay/2025-06-01T00:37:00Z,1,2.3745101682779286e-07,-15.253304479678736,7.258721108453881
10300754_10300768,2025-06-01 00:37:03.345158100,6,4,1,0.1005464380981888,4.849417209625244,0.4047431945800781,-2.540056366678308,0.6107873916625977,11.981467247009276,4.70004415512085,9.362934575487053,3.47119140625,4.249337320013046,0.0788987320833328,4.250138279000461,2.88,0.00129985486,1.7983262619999991,0.3811788832000001,1.1424000000000007,0.1205085303999999,7.0688066482543945,7.603832721710205,-0.5350260734558105,-0.178644523024559,6.531428698457741,2.99492,21.0,0.9996658045003854,critical,True,https://di-india-collab.flow-analytics.io/tools/replay/2025-06-01T00:37:03Z,1,4.551091705501275e-26,-58.35184527838719,10.746820286813044
10311609_10311675,2025-06-01 01:07:59.741039038,4,4,1,0.2515691116715173,6.987799644470215,1.8312019109725952,-1.1759259929379753,0.7763485908508301,3.815963506698608,1.5666813850402832,-1.0907318478963983,3.065185546875,0.1734836035781238,0.006229305983216,0.1800918005924335,3.84,0.15057560588,0.4876044097000002,0.3914433852,1.1472000000000009,0.1782672943999999,1.1184293031692505,5.104094505310059,-3.9856653213500977,-1.3326410055160522,0.8716915430921492,2.990802,31.0,0.99953975429283,low,True,https://di-india-collab.flow-analytics.io/tools/replay/2025-06-01T01:07:59Z,1,0.0015091009598468654,-6.4962411963007,5.685160880431893
10316232_10316242,2025-06-01 01:19:56.568355083,4,4,1,0.0603027275051167,4.850599765777588,0.9481047987937928,-1.1169192560773504,-0.3990340232849121,5.116100788116455,0.3357174396514892,-1.8536212149802231,3.2490234375,0.092684460861991,0.0027822157764988,0.1163860091462886,5.04,0.1050854359599999,0.37000878666,0.4575332881999999,1.1472000000000009,0.13380657188,6.302578926086426,4.312734603881836,1.9898443222045896,0.6638654470443726,2.458969586356129,2.997361,31.0,0.99997854271052,moderate,True,https://di-india-collab.flow-analytics.io/tools/replay/2025-06-01T01:19:56Z,1,9.629718650031252e-07,-13.853241641563528,6.8887688379931635
10317607_10317732,2025-06-01 01:26:24.213866949,4,4,1,0.0915970467106753,7.332149505615234,1.0470179319381714,-0.0583521536719584,1.6593506336212158,7.002888202667236,1.5666813850402832,1.6547859002329703,3.093017578125,1.5026955067399472,0.0381475287171544,1.5027437253283829,6.72,0.00154367736,1.7406244859999995,0.3462360056,1.1520000000000008,0.1471298055,3.828608274459839,0.0797716677188873,3.748836517333984,1.2524937391281128,3.177487125645788,2.993098,31.0,0.9972573290556908,moderate,True,https://di-india-collab.flow-analytics.io/tools/replay/2025-06-01T01:26:24Z,1,0.4861569951036941,-0.7212236720534912,3.3773875990659925
10337141_10337149,2025-06-01 02:25:47.730278969,4,4,1,0.0891353387862054,7.405402183532715,0.8070873618125916,0.7007488353863703,1.5964460372924805,9.17546558380127,1.1190581321716309,-5.005006455727699,3.1484375,0.8649993214936708,0.0186204878125667,0.8668530464280334,9.12,0.0400783372399999,1.0440150465999998,0.3920200915999999,1.156800000000001,0.12637828018,2.428665399551392,0.0459188818931579,2.382746458053589,0.7969656586647034,2.214764786376766,2.989773,31.0,0.999076776337052,moderate,True,https://di-india-collab.flow-analytics.io/tools/replay/2025-06-01T02:25:47Z,1,3.2213899741657612,1.1698129354096376,2.766814062238924
10344595_10344810,2025-06-01 02:53:05.144025087,4,4,1,0.0536049479569943,7.485255718231201,1.010219693183899,-1.3677499694078068,1.180039882659912,7.40953254699707,0.6714348793029785,-1.2260583132034448,3.220703125,0.0571648158047202,0.0013714371775026,0.065132311624708,7.439999999999999,0.1224733331599999,0.4804777479400001,0.4433160063999998,1.1376000000000008,0.13880580042,7.061582565307617,5.764902114868164,1.2966804504394531,0.4333251416683197,1.7421759845742009,2.992396,31.0,0.9997465056487624,low,True,https://di-india-collab.flow-analytics.io/tools/replay/2025-06-01T02:53:05Z,1,0.0065811229620131445,-5.02354988528624,4.496786197943615
10351193_10351200,2025-06-01 03:18:13.202749014,4,4,1,0.0868819092438547,6.156940460205078,0.9905796647071838,0.4381876909296803,1.098710536956787,6.215492248535156,1.1190581321716309,0.7122673755665888,3.247314453125,0.3058495147362425,0.0082439901833448,0.3083920820474013,6.24,0.09922757222,0.3974017567,0.4487782857999998,1.1280000000000008,0.13771502538,1.598091721534729,0.0355131439864635,1.562578558921814,0.5213962197303772,1.5173444842971096,2.996912,31.0,0.9983493629357676,low,True,https://di-india-collab.flow-analytics.io/tools/replay/2025-06-01T03:18:13Z,1,0.5695750375930165,-0.5628647442951529,2.304245262439678
10353987_10353997,2025-06-01 03:27:30.765075922,4,4,1,0.2754066115650784,7.4375,1.6495864391326904,-0.4201457079492784,1.5098122358322144,4.5087056159973145,0.2238116264343261,-2.2811825732731306,2.94873046875,0.5268429504593529,0.0172607853532406,0.5408384556618372,4.56,0.1084638919799999,0.8987137171999998,0.3934504302,1.152000000000001,0.1501813629,1.969209909439087,0.0616166330873966,1.9075932502746584,0.6384056806564331,2.081531192352833,2.988058,31.0,0.9999339429376756,moderate,True,https://di-india-collab.flow-analytics.io/tools/replay/2025-06-01T03:27:30Z,1,1.7745288354145394,0.5735349428537835,2.130240484870211
10357605_10357619,2025-06-01 03:38:31.655589104,6,6,1,0.1273636215116548,6.763477802276611,0.5932526588439941,-2.2369102789496185,-0.978590965270996,11.400670051574709,0.6714348793029785,-1.598815281087851,3.65771484375,3.280356330398414,0.0626245322763319,3.280792229972815,8.64,0.00144582128,1.8078425299999996,0.3836440746000001,1.1472000000000009,0.12127054,9.2402925491333,9.711827278137209,-0.4715347290039062,-0.1629231870174408,3.66836411286469,2.894215,30.0,0.9999022783081724,moderate,True,https://di-india-collab.flow-analytics.io/tools/replay/2025-06-01T03:38:31Z,1,1.042926092731841e-07,-16.07606533772667,6.9927390590880485
10362698_10362702,2025-06-01 03:53:41.068968058,6,4,1,0.2350899179554437,5.48185920715332,0.5542963147163391,-1.891077379365387,0.4105911254882812,9.889762878417969,0.8952465057373047,-3.891315719481867,3.420654296875,2.7588363214224567,0.0572562319787093,2.759062610608504,7.439999999999999,0.00130964452,1.7951407239999997,0.3821387902,1.1520000000000008,0.11068504886,7.579527854919434,6.914510250091553,0.6650176048278809,0.2224311679601669,20.20638880953726,2.989768,29.0,0.999997799687122,critical,True,https://di-india-collab.flow-analytics.io/tools/replay/2025-06-01T03:53:41Z,1,9.454753187460003e-13,-27.68708861107039,8.067306633861834
10362698_10362702,2025-06-01 03:53:42.153712034,6,4,1,13.097578811645509,5.7611985206604,5.342685699462891,2.1124916849791977,-0.7806634902954102,1.0783337354660034,2.685739517211914,-7.192332256588586,3.420654296875,0.6847141746148202,0.0527204989951442,0.8812535460921562,0.96,0.0684046997,1.0315492578000005,0.4072855587999998,1.0560000000000007,0.4388065156,5.888752460479736,6.906388282775879,-1.0176358222961426,-0.3505367338657379,7.98506225064048,2.903079,29.0,0.9980431106586716,critical,True,https://di-india-collab.flow-analytics.io/tools/replay/2025-06-01T03:53:42Z,1,4.932010797290992e-36,-81.2973165732542,13.856504388786977
10362698_10362702,2025-06-01 03:53:43.653234959,6,4,1,3.5146619204794307,5.514739513397217,3.2956721782684326,10.384030323916326,1.4184279441833496,1.6733276844024658,2.2381162643432617,-4.924406378151282,3.420654296875,0.5814477488778546,0.0344152180486188,0.5874499854043428,1.68,0.1424951258999999,0.9418738182000002,0.4490391162,1.152000000000001,0.3224696466,7.862223148345947,6.1191020011901855,1.7431211471557615,0.7229238152503967,7.98506225064048,2.41121,25.0,0.9992616219531916,critical,True,https://di-india-collab.flow-analytics.io/tools/replay/2025-06-01T03:53:43Z,1,1.3533320488182318e-29,-66.47239796103133,12.142357573189601
10375622_10375639,2025-06-01 04:29:40.407556057,4,4,1,0.1118167931204517,7.474782466888428,1.327545166015625,-1.848986969531605,2.326169967651367,5.630529880523682,0.2238116264343261,7.327352542131082,3.135498046875,1.0054227520235717,0.0289854680263119,1.0054896802405844,5.52,0.00154367736,1.2071049006,0.3906961105999999,1.156800000000001,0.1487336805,5.391496181488037,0.0821670964360237,5.309329032897949,1.7785011529922483,6.942699330066189,2.985283,31.0,0.9967545344948424,critical,True,https://di-india-collab.flow-analytics.io/tools/replay/2025-06-01T04:29:40Z,1,0.010567883806477859,-4.549935706667574,5.204571922788672
10381683_10381699,2025-06-01 04:46:47.668386936,4,6,1,0.1881487020123883,6.549444198608398,1.3659921884536743,0.2771321737652277,1.69285786151886,4.794642448425293,0.8952465057373047,0.0,3.580078125,0.0289605842230619,0.0008962966850447,0.0299025925140693,4.8,0.1284737769399999,0.4896580169999999,0.4354419151999998,1.1376000000000008,0.13919680902,1.995266318321228,0.0539838932454586,1.9412823915481567,0.6719421148300171,2.728993050421553,2.889062,30.0,0.998204921340036,moderate,True,https://di-india-collab.flow-analytics.io/tools/replay/2025-06-01T04:46:47Z,1,0.5659146096844359,-0.5693120784423318,2.86468292621397
10382068_10382093,2025-06-01 04:48:01.955905914,4,4,1,0.4031387322145743,5.695548057556152,1.6685701608657837,0.1205533027550203,1.8026702404022217,3.4134304523468018,0.2238116264343261,-0.745754980096061,3.00439453125,0.2730361034305881,0.0105107638321402,0.2834567291230819,3.36,0.1183863126199999,0.3769214490000002,0.3931766435999999,1.1472000000000009,0.1586564050199999,2.2148916721343994,0.0536395534873008,2.161252021789551,0.7485301494598389,2.361803526697156,2.887328,30.0,0.9999948862657296,moderate,True,https://di-india-collab.flow-analytics.io/tools/replay/2025-06-01T04:48:01Z,1,0.051997605807937476,-2.956557603615731,3.6739580747643714
10395463_10395473,2025-06-01 05:20:35.164351940,4,4,1,0.0412816380493751,7.454288005828857,0.7936863303184509,-0.3599982465946177,0.4755448698997497,9.391982078552246,0.6714348793029785,0.0,3.1435546875,0.2534339548766088,0.0053342216948306,0.2539886382257648,9.36,0.1129483056999999,0.5196506181799999,0.3969569753999999,1.1376000000000008,0.1149450947999999,0.9965587258338928,0.0370421931147575,0.9595165252685548,0.3298124670982361,1.3694583225695371,2.909279,30.0,0.995542412319179,low,True,https://di-india-collab.flow-analytics.io/tools/replay/2025-06-01T05:20:35Z,1,0.5610424132956937,-0.5779587732945782,3.6006553145372058
10415530_10415566,2025-06-01 06:04:52.855551004,4,4,1,0.0385066492687599,6.680797576904297,0.6366129517555237,-0.3843408466091806,0.5898022651672363,10.494284629821776,1.7904930114746094,-1.38623394791224,3.3173828125,1.81412269975026,0.0362353084939596,1.8158444494100052,9.84,0.00154367736,1.8033415019999997,0.3842984472,1.156800000000001,0.1257259316,1.1653388738632202,0.1341318786144256,1.0312069654464722,0.3443454802036285,2.077797149314383,2.994687,31.0,0.9999989912564164,moderate,True,https://di-india-collab.flow-analytics.io/tools/replay/2025-06-01T06:04:52Z,1,0.18934177482710826,-1.6642015645685477,3.439211507807366
10416378_10416384,2025-06-01 06:07:57.958944082,4,6,1,1.4727603770196385,5.660478591918945,2.4025115966796875,2.5581604483244296,0.4710860252380371,2.356067180633545,2.90955114364624,3.536698149491586,3.5146484375,1.1969665917839865,0.0580693925697487,1.2175595347674482,2.16,0.00138032218,1.5570468339999994,0.3656941402,1.1472000000000009,0.2595442422,4.876423358917236,5.179405212402344,-0.3029818534851074,-0.1046449840068817,3.14158963182652,2.895331,30.0,0.8799793209214087,moderate,True,https://di-india-collab.flow-analytics.io/tools/replay/2025-06-01T06:07:57Z,1,2.398256622803699e-06,-12.940768491737021,5.457670026691739
10419805_10420197,2025-06-01 06:17:09.774993896,4,4,1,0.2470749465802275,4.775876045227051,1.2316008806228638,0.0253646861984767,1.0332764387130735,3.877779006958008,2.000316381454468,1.3003617545330397,3.039306640625,0.8613351508439776,0.0309788581692606,0.86841055208821,3.84,0.0373845274599999,0.9934139695999998,0.3769825307999997,1.166400000000001,0.1471678064,1.4142537117004397,0.0419254377484321,1.372328281402588,0.4732462167739868,2.616009646371479,2.899819,30.0,0.9494745567153842,moderate,True,https://di-india-collab.flow-analytics.io/tools/replay/2025-06-01T06:17:09Z,1,0.021043219240116623,-3.8611768971078426,3.764474133024981
10420640_10420692,2025-06-01 06:18:06.054707050,4,4,1,0.0620496089828988,7.4120001792907715,0.6381743550300598,2.6456635695863544,0.2985806465148926,11.614380836486816,0.7553642392158508,-7.085079748198296,3.319580078125,0.5671527257597744,0.010577445628393,0.5674039703993972,11.52,0.09233823682,0.9482652679999998,0.4439582431999999,1.1472000000000009,0.1173277048799999,4.50426721572876,4.671016693115234,-0.1667494773864746,-0.0881844013929367,1.2902367723511603,1.890918,20.0,0.9999012146801466,low,True,https://di-india-collab.flow-analytics.io/tools/replay/2025-06-01T06:18:06Z,1,1.0260082688911631e-07,-16.092419844894106,6.5466749106888305
10428024_10428049,2025-06-01 06:34:41.412712097,4,4,1,1.041041130338845,5.701647758483887,2.2397685050964355,-0.3320978735999506,2.0850625038146973,2.545641660690308,5.8191022872924805,2.65163836065483,3.076171875,0.1206525073206097,0.005500402416765,0.2456175855920146,2.64,0.18048566592,0.5481231484799999,0.3920092549999999,1.1424000000000007,0.24774211,2.3979413509368896,0.0371878482401371,2.360753536224365,0.7964527010917664,2.081751028199087,2.964085,30.0,0.9999847292226294,moderate,True,https://di-india-collab.flow-analytics.io/tools/replay/2025-06-01T06:34:41Z,1,0.0005693581647339879,-7.4710008583626255,5.041293960748164
10430956_10430978,2025-06-01 06:41:55.573671103,4,4,1,0.3369927061189832,7.40000057220459,1.776943564414978,-0.451573084553896,2.1014766693115234,4.164454460144043,2.2381162643432617,-1.999603802701553,3.1630859375,1.048202648689341,0.0361804748671605,1.048203885607768,4.08,0.00154367736,1.2041838846,0.3828941973999999,1.156800000000001,0.1675614814,2.8180975914001465,0.0085834991186857,2.809514045715332,0.9412261843681335,2.5785925338769715,2.984951,31.0,0.9890032379437688,moderate,True,https://di-india-collab.flow-analytics.io/tools/replay/2025-06-01T06:41:55Z,1,0.30905521014553644,-1.1742353444344698,2.9577397481619765
10431185_10431254,2025-06-01 06:42:23.745310068,4,4,1,0.0351189588168765,7.023190021514893,0.6771999001502991,-0.1999283314827686,0.5952544212341309,10.370925903320312,0.111905813217163,5.365077235415812,3.032470703125,0.5064519562786013,0.0100968360208565,0.5064560628589284,10.32,0.09145533694,0.8960235227999999,0.4057761777999999,1.152000000000001,0.1173277048799999,0.914547562599182,3.016752958297729,-2.102205276489258,-0.723677396774292,1.1363950505144975,2.904893,30.0,0.9995871847731894,low,True,https://di-india-collab.flow-analytics.io/tools/replay/2025-06-01T06:42:23Z,1,0.18827071828678305,-1.669874361057686,3.7303592152131912
10439308_10440374,2025-06-01 07:01:24.887202024,7,6,1,0.3842075613312047,2.011927366256714,1.0481846332550049,-2.6459644457695166,0.1440364122390747,1.9194399118423464,149.89682006835938,-283.8946266374775,4.38818359375,0.8096015919730997,0.0442588137365063,0.8137150287877837,1.68,0.0373579464599999,1.0185861702,0.4307841267999997,1.166400000000001,0.1429104834999999,1.0436897277832031,0.301647812128067,0.7420419454574585,0.2490616887807846,7.286652651458687,2.97935,31.0,0.5279133411203235,critical,True,https://di-india-collab.flow-analytics.io/tools/replay/2025-06-01T07:01:24Z,1,6.034864820171765e-32,-71.88516952081957,12.302630738140143
10439500_10439525,2025-06-01 07:00:04.853908062,4,4,1,0.2505898968692064,5.915383338928223,1.4264262914657593,0.0937059726361594,1.7074095010757446,4.146995544433594,0.4476232528686523,-3.179597693531763,3.259765625,0.0508981387464509,0.0017243369658878,0.1078899532134223,4.08,0.1301081177399999,0.51321520794,0.4308524703999998,1.1376000000000008,0.14440917602,2.0639607906341557,0.0542903468012809,2.0096704959869385,0.6723952889442444,3.1502834693840067,2.988823,31.0,0.9993141193258928,moderate,True,https://di-india-collab.flow-analytics.io/tools/replay/2025-06-01T07:00:04Z,1,1.7362042186471873,0.5517012467889919,2.083711117272368
10439525_10439550,2025-06-01 07:00:05.639009953,4,4,1,0.4176494568852791,7.459542751312256,1.9052379131317136,-0.0828954515507196,3.0217013359069824,3.9152815341949454,6.938160419464111,0.0,3.16650390625,1.6044609338683775,0.0576264991266152,1.6176957232820397,3.84,0.00145561094,1.7674191559999994,0.3390816338000001,1.1520000000000008,0.1760707625999999,3.685338973999024,0.087008811533451,3.59833025932312,1.2383149862289429,3.1911628088097426,2.905828,30.0,0.997003251742916,moderate,True,https://di-india-collab.flow-analytics.io/tools/replay/2025-06-01T07:00:05Z,1,0.3217909693706014,-1.1338531076808884,3.1835411069004698
10443560_10443760,2025-06-01 07:07:58.739814997,4,4,1,0.2240861616170278,7.369567394256592,1.5816469192504885,-0.5156634446135955,1.997904658317566,4.659426212310791,8.952465057373047,-9.040152913405556,3.07958984375,1.983071550594408,0.0643037277980774,1.9830743846090535,4.32,0.00144582128,1.8078425299999996,0.3384081394000002,1.1424000000000007,0.1435509212,3.339133977890014,0.4867787957191467,2.8523552417755127,0.9722106456756592,3.3697180009083207,2.933886,30.0,0.9844785175864624,moderate,True,https://di-india-collab.flow-analytics.io/tools/replay/2025-06-01T07:07:58Z,1,0.3924987843829216,-0.9352218388780456,2.6172895659046036
10445921_10446047,2025-06-01 07:11:01.549050093,4,4,1,0.3143314091238231,6.135702133178711,1.56045663356781,0.0842350081133937,1.1251835823059082,3.9319913387298575,8.057218551635742,-4.986361817285491,3.18408203125,1.3342910960011525,0.0477398215968286,1.3427189954872485,3.84,0.00136905204,1.547720361999999,0.3568093472000001,1.1472000000000009,0.1419170685999999,1.467158317565918,0.1157946437597274,1.3513636589050293,0.451457530260086,2.2330107152263308,2.993335,31.0,0.9761508649367534,moderate,True,https://di-india-collab.flow-analytics.io/tools/replay/2025-06-01T07:11:01Z,1,0.21688371203487078,-1.5283939583218622,2.981736023501475
10446458_10446628,2025-06-01 07:12:30.686858892,4,4,1,0.1812021386772735,6.7668328285217285,1.3422720432281494,0.0725466841656533,1.7645471096038818,5.041327476501465,14.995378494262695,-1.4066329429255076,3.2451171875,1.9857413000569129,0.061437550500457,1.9868468101832013,4.56,0.00145561094,1.8078425299999996,0.3741703214000001,1.1472000000000009,0.1439788588999999,2.099736213684082,0.2257203310728073,1.8740159273147583,0.6257305145263672,3.47308035306815,2.994925,31.0,0.9867036982395024,moderate,True,https://di-india-collab.flow-analytics.io/tools/replay/2025-06-01T07:12:30Z,1,1.6421846700189016,0.4960274712221264,2.21566245065529
10446914_10446927,2025-06-01 07:11:59.981317997,4,4,1,0.0775001697027129,7.452408313751221,0.9542506337165833,0.4180628437731544,1.2071809768676758,7.809697151184082,0.2238116264343261,0.0,3.2275390625,0.1036393399412839,0.0024197241718645,0.1487540210853555,7.92,0.1181566987599999,0.4190326415600002,0.4433160063999998,1.1424000000000007,0.13390058368,2.683865547180176,0.3130815327167511,2.370784044265747,0.8284362554550171,2.0308720635444963,2.861758,30.0,0.9999247232906524,moderate,True,https://di-india-collab.flow-analytics.io/tools/replay/2025-06-01T07:11:59Z,1,0.8772338058537189,-0.130981724816055,3.051550044798579
10447787_10447823,2025-06-01 07:13:59.912893057,4,4,1,0.077501035477242,7.441454410552978,0.9781063795089722,0.0288140403678127,0.7726476192474365,7.6080217361450195,3.1333627700805664,0.0,3.20751953125,1.882083322296652,0.0455476410459005,1.88376207900905,7.199999999999999,0.0015052288,1.8033415019999997,0.383610505,1.1520000000000008,0.1405821165,3.547940969467163,6.038934230804443,-2.4909932613372803,-0.8307229280471802,0.5455005524549764,2.998585,31.0,0.977071034088692,low,True,https://di-india-collab.flow-analytics.io/tools/replay/2025-06-01T07:13:59Z,1,0.019196763089385404,-3.95301360325565,4.6231999961972114
10448739_10448752,2025-06-01 07:14:42.671633959,4,4,1,0.2217186310672996,6.024754524230957,1.4675614833831787,0.4993406796035014,2.1711320877075195,4.105282306671143,0.2238116264343261,-2.1982584034745734,3.21826171875,0.1646744859777006,0.0056589100054069,0.1678732468321058,4.08,0.1273110687,0.5068373328800001,0.4379247415999999,1.1520000000000008,0.13930900582,2.6110024452209477,0.0885148048400878,2.52248764038086,0.8697735071182251,4.178584051006945,2.900166,30.0,0.9996853294953778,serious,True,https://di-india-collab.flow-analytics.io/tools/replay/2025-06-01T07:14:42Z,1,0.33737041720613264,-1.0865737914157156,2.2761133744715845
10450947_10450975,2025-06-01 07:17:28.451376915,4,4,1,0.0683273039732676,5.704045295715332,0.7895290851593018,-0.1137837756063684,0.768143892288208,7.224617004394531,2.0143046379089355,-2.188308459966074,3.16748046875,0.7148478340233818,0.0177207457191847,0.7183363279677044,7.199999999999999,0.06048725864,1.0906983388000002,0.4076165817999997,1.166400000000001,0.12393286738,1.1153284311294556,0.0027223012875765,1.112606167793274,0.3724742233753204,2.285407498502467,2.987069,31.0,0.9999953891468784,moderate,True,https://di-india-collab.flow-analytics.io/tools/replay/2025-06-01T07:17:28Z,1,1.510156029189804,0.4122129760778695,2.5714728955389488
10451190_10451690,2025-06-01 07:18:29.114928007,4,4,1,0.1614789124473352,6.973944187164307,1.4828318357467651,-1.3632214260196112,1.2974910736083984,4.703125476837158,2.350022077560425,-2.23102261638334,3.154052734375,0.6113917319022657,0.0195534743544056,0.6317901125673702,4.56,0.09239929614,1.1750409628,0.4047734445999998,1.1664000000000008,0.1404613933,10.563249588012695,11.014504432678224,-0.4512548446655273,-0.1504954397678375,1.6525324709637437,2.998462,27.0,0.9737311713266978,low,True,https://di-india-collab.flow-analytics.io/tools/replay/2025-06-01T07:18:29Z,1,1.7247810524511336e-07,-15.572995534646083,7.428191226851726
10452416_10452545,2025-06-01 07:19:57.934228897,4,4,1,0.0909860339763682,5.2811665534973145,0.8568091988563538,-0.4819798734992133,1.338237166404724,6.163760185241699,0.6714348793029785,1.9300667393266813,3.068359375,0.0581512860043875,0.0015570613076686,0.0879386674251758,6.24,0.1040361999799999,0.4716249571400002,0.4014569009999998,1.1376000000000008,0.1186246526799999,2.6344127655029297,0.050281498581171,2.5841312408447266,0.8948071002960205,3.386634537333307,2.8879200000000003,30.0,0.9371991847185256,moderate,True,https://di-india-collab.flow-analytics.io/tools/replay/2025-06-01T07:19:57Z,1,0.19747568090767986,-1.6221398368673121,3.552134733124575
10452416_10452876,2025-06-01 07:20:04.823993921,4,4,1,0.0784699967575072,7.063320636749268,1.16069495677948,-2.280471703793342,-0.14878910779953,6.085423946380615,16.114437103271484,4.189504540316908,3.05322265625,2.352628854066572,0.0651417593746764,2.356500869003741,5.52,0.00144582128,1.8078425299999996,0.3388934446000001,1.1424000000000007,0.14539571,0.5818458199501038,3.1073243618011475,-2.5254786014556885,-0.8654563426971436,0.8803674113667049,2.918089,30.0,0.9672933886947104,low,True,https://di-india-collab.flow-analytics.io/tools/replay/2025-06-01T07:20:04Z,1,0.012265851853528725,-4.40093614966567,4.501245499207218
10453943_10454024,2025-06-01 07:21:34.744991064,4,4,1,0.1597202589355158,6.904239177703857,1.4094129800796509,-0.8220071455359618,1.0015151500701904,4.89866304397583,2.685739517211914,0.0,3.271728515625,0.4038445136571212,0.012569383799333,0.4200730105928202,4.8,0.1123489289599999,0.6563681628000001,0.4317738329999999,1.1232000000000009,0.15055074016,1.5744322538375854,0.2110083401203155,1.3634239435195925,0.4551030099391937,1.2135007246463243,2.995858,31.0,0.9995833622579166,low,True,https://di-india-collab.flow-analytics.io/tools/replay/2025-06-01T07:21:34Z,1,2.9445744387485187,1.0799643036903492,1.7924493813411435
10454573_10454645,2025-06-01 07:23:00.541606903,4,4,1,0.0422942190057359,5.897393703460693,0.6906620264053345,0.0840028385875442,0.5113781690597534,8.5387544631958,4.923855781555176,-5.016995760800838,3.2919921875,1.0684695989811996,0.0240433455886818,1.0707051949827218,8.16,0.0014075006,1.2041838846,0.4214067075999999,1.156800000000001,0.12290295786,0.8232725858688354,0.011886921711266,0.8113856911659241,0.2729824185371399,1.808969299050445,2.9723,31.0,0.9993738553493092,low,True,https://di-india-collab.flow-analytics.io/tools/replay/2025-06-01T07:23:00Z,1,0.274808198867661,-1.2916818833160617,1.646968221814579
10456852_10456879,2025-06-01 07:25:21.177416086,4,6,1,0.0504897919149901,7.418255805969238,0.8811615705490112,-0.075914054190348,1.1560392379760742,8.418724060058594,3.469080209732056,1.3834003794444538,3.6044921875,0.5835588571460767,0.013186908989975,0.584303972956286,8.4,0.0950690763599999,0.9687335974,0.4508897557999998,1.1520000000000008,0.1246190287799999,3.457639455795288,0.2063756138086319,3.2512638568878174,1.0877200365066528,2.9087993729390536,2.989063,31.0,0.9993920937011048,moderate,True,https://di-india-collab.flow-analytics.io/tools/replay/2025-06-01T07:25:21Z,1,0.08345605862433889,-2.4834350296602024,3.388010058797727
10457827_10458260,2025-06-01 07:27:52.367919922,4,4,1,0.1279874697839552,7.313493251800537,1.3506460189819336,-1.0926607242582826,1.739875078201294,5.414811134338379,9.847711563110352,-12.366598916251686,3.150146484375,0.0109881225024062,0.0003141498330851,0.142513004178086,5.52,0.14033053774,0.5605483963200001,0.4099385179999999,1.1376000000000008,0.14023607822,3.295916795730591,0.5800450444221497,2.715871810913086,0.9371483325958252,2.395390278609251,2.898017,30.0,0.999999949145257,moderate,True,https://di-india-collab.flow-analytics.io/tools/replay/2025-06-01T07:27:52Z,1,0.004861412552702283,-5.326426234595713,4.647602750515283
10457921_10457929,2025-06-01 07:26:50.709053993,4,4,1,0.2550406487127191,7.398190021514893,1.4740817546844482,0.4890374273608259,1.940417051315308,5.01884651184082,1.7904930114746094,-1.2957616993290466,3.252197265625,0.0703370774428951,0.0021315582608867,0.0772130564030564,5.04,0.14196487854,0.4797091401600001,0.4249539297999999,1.132800000000001,0.13830851022,2.618005514144897,0.0496925450861454,2.568312883377075,0.8700488805770874,1.7806744159992982,2.951918,30.0,0.9999172326355972,low,True,https://di-india-collab.flow-analytics.io/tools/replay/2025-06-01T07:26:50Z,1,1.1529926777328574,0.142360890644777,2.2863597058096747
10458742_10458970,2025-06-01 07:28:59.558526993,4,4,1,0.0752503707926837,6.447596073150635,0.9464564323425292,0.0081804416982528,0.7955060601234436,6.812353610992432,14.10013198852539,2.9029587404448,3.22265625,1.4180007242732082,0.0365793174747994,1.418003428171208,6.48,0.00154367736,1.5552184699999996,0.3843554464,1.1472000000000009,0.1420798442,1.396196961402893,0.0402264520525932,1.3559705018997192,0.4642939567565918,1.6662499318966066,2.9205,30.0,0.9878337592331894,low,True,https://di-india-collab.flow-analytics.io/tools/replay/2025-06-01T07:28:59Z,1,4.41661976172412,1.4853746437207374,1.8260209391683648
10459114_10459173,2025-06-01 07:29:02.479027033,6,4,1,0.6646995087713412,7.0981221199035645,2.2497758865356445,-0.3911826484065164,3.413874387741089,3.155035257339477,8.281030654907227,4.362124382963121,3.31103515625,2.547452517867848,0.104396240299367,2.5608803210808126,2.64,0.0014659861,1.8691578999999996,0.3431206082,1.1472000000000009,0.2393050218,4.286678314208984,0.0532253645360469,4.233452796936035,1.4193395376205444,4.038032009062849,2.982692,31.0,0.9790693463525996,serious,True,https://di-india-collab.flow-analytics.io/tools/replay/2025-06-01T07:29:02Z,1,0.012494845984676237,-4.382439040927553,5.447496537802886
10459120_10459280,2025-06-01 07:29:02.279889107,6,4,1,0.1848953215637753,3.104935646057129,0.8301100730895996,1.8372015536943227,0.7185118198394775,3.740390300750733,95.23184967041016,0.0814506720158227,2.90185546875,1.1579504163155878,0.0426402594307873,1.1614127606995013,3.12,0.00137664034,1.2902755320000003,0.3743070048,1.166400000000001,0.12880822122,1.169277310371399,0.0659927278757095,1.1032845973968506,0.3701482713222503,7.382545261399865,2.980656,30.0,0.9845388228678018,critical,True,https://di-india-collab.flow-analytics.io/tools/replay/2025-06-01T07:29:02Z,1,2.8257915908844867e-09,-19.684477302436612,6.5690086322063195
10459173_10459193,2025-06-01 07:29:04.561459064,4,4,1,0.1873819149451677,7.486448287963867,1.4176605939865112,-0.2584378452647254,1.9094469547271729,5.28084659576416,8.057218551635742,-2.109144900993147,3.03125,2.478406391587643,0.0747038427162812,2.482767912054398,4.8,0.00144582128,1.8078425299999996,0.3379064674000001,1.1472000000000009,0.1512080613999999,2.4411580562591557,0.0356439501047134,2.405514001846313,0.802276611328125,3.3759947487564994,2.99836,31.0,0.9862114362812776,moderate,True,https://di-india-collab.flow-analytics.io/tools/replay/2025-06-01T07:29:04Z,1,1.2532430194510193,0.22573460718866792,2.9024322091395125
10461116_10461130,2025-06-01 07:32:47.361712933,4,4,1,0.3939276426574049,7.481438636779785,1.9586600065231323,-0.5265526594773309,2.6233327388763428,3.819671869277954,5.595290660858154,11.771372606142558,3.14013671875,2.5583602362016533,0.0935561689968682,2.5585039344922844,3.36,0.00144582128,1.8616149439999992,0.3355320134000001,1.1472000000000009,0.1740352751999999,4.5264387130737305,0.0844922140240669,4.441946506500244,1.482498049736023,3.1621153134934707,2.996258,31.0,0.9952636669135196,moderate,True,https://di-india-collab.flow-analytics.io/tools/replay/2025-06-01T07:32:47Z,1,0.2572026338981727,-1.3578910460094722,2.73593056519295
10461904_10461918,2025-06-01 07:34:06.576730967,4,4,1,0.2007059338397176,7.366691589355469,1.3320287466049194,0.8163558348236034,2.6558287143707275,5.530429840087891,2.0143046379089355,-9.661932134920672,3.28271484375,0.1495353059805221,0.0042995715860956,0.1499291010830201,5.52,0.13709859458,0.4566972483600001,0.4460334145999998,1.1424000000000007,0.14022342602,3.564845323562622,0.0748173594474792,3.490027904510498,1.1687852144241333,3.204775428895662,2.98603,31.0,0.9990956985574996,moderate,True,https://di-india-collab.flow-analytics.io/tools/replay/2025-06-01T07:34:06Z,1,0.15652619229640963,-1.854531920089184,2.9698846259232705
10462072_10462096,2025-06-01 07:34:58.043148994,4,4,1,0.1282696291437234,7.382623195648193,1.2424397468566897,0.0603464446212101,1.734553575515747,5.942037105560303,7.385783672332764,4.2950270552369005,3.239501953125,1.1316012311224597,0.0316188683199778,1.1328581780004745,5.76,0.00154367736,1.2041838846,0.4004908901999999,1.156800000000001,0.1470929091999999,4.319477081298828,1.4283075332641602,2.891169548034668,0.9973456859588624,3.4083833889089306,2.898864,30.0,0.9715366601363206,moderate,True,https://di-india-collab.flow-analytics.io/tools/replay/2025-06-01T07:34:58Z,1,0.5378491144130513,-0.6201772146369436,3.6545166304972554
10463125_10463342,2025-06-01 07:36:52.954417944,4,4,1,0.4771603947899252,7.422553539276123,2.182549238204956,-0.3596460579316565,2.275833368301392,3.400864124298096,1.7904930114746094,-12.410076060960703,3.03759765625,1.9629233313370316,0.0767836901565198,1.9653365126113505,3.12,0.00144582128,1.8078425299999996,0.3367987662000001,1.1472000000000009,0.2367645244,2.599545955657959,2.631441593170166,-0.031895637512207,-0.0106508517637848,1.7679379765924437,2.994656,31.0,0.99989961354753,low,True,https://di-india-collab.flow-analytics.io/tools/replay/2025-06-01T07:36:52Z,1,0.06816751901570979,-2.6857870883476203,3.0555783808887136
10463291_10463317,2025-06-01 07:36:48.947242022,4,4,1,1.094742960569841,7.36043643951416,2.8170573711395264,-1.112440324740323,3.8313279151916495,2.6128103733062744,1.1190581321716309,11.46377335823917,3.12158203125,0.6956208635477988,0.0316093405149574,0.7101624552809196,2.64,0.0807065612599999,0.9529879632,0.3810871212,1.1616000000000009,0.2790797983999999,5.958136558532715,1.317490816116333,4.640645980834961,1.547536015510559,5.7914590171793146,2.998732,31.0,0.9956843968902368,serious,True,https://di-india-collab.flow-analytics.io/tools/replay/2025-06-01T07:36:48Z,1,0.004657212182251808,-5.3693382540159895,5.540837281992585
10463317_10463342,2025-06-01 07:36:49.044858932,4,4,1,0.1579319711960427,7.376142024993896,1.3409188985824585,-0.7159768079178441,1.6959033012390137,5.500811576843262,0.111905813217163,13.729838119673088,3.076904296875,0.074781263039529,0.0021466316200637,0.0793343892174127,5.52,0.14033053774,0.4797091401600001,0.4020273185999999,1.132800000000001,0.13899613322,7.088695526123047,0.405256986618042,6.683438301086426,2.233778476715088,4.938688709092183,2.991988,31.0,0.9988142942652144,serious,True,https://di-india-collab.flow-analytics.io/tools/replay/2025-06-01T07:36:49Z,1,0.006235124613523592,-5.077556713919369,3.809249164805767
10465509_10465531,2025-06-01 07:40:11.953391075,4,4,1,0.3808296415038509,7.491735458374023,1.819324016571045,-0.0037148042478007,2.4884324073791504,4.117867469787598,2.461927890777588,9.134808253451157,3.36474609375,0.1128456401864762,0.0038605570934838,0.1313397491230551,4.08,0.16663975238,0.3927516586600001,0.4263061722,1.1472000000000009,0.1775736317999999,3.1185617446899414,0.0659743323922157,3.052587509155273,1.0204226970672607,2.560599711097241,2.991493,31.0,0.9996680182402212,moderate,True,https://di-india-collab.flow-analytics.io/tools/replay/2025-06-01T07:40:11Z,1,1.1493460388434855,0.13919311875044113,2.676414900247454
10465575_10465595,2025-06-01 07:40:17.655734062,4,4,1,0.1814363098399372,6.980236053466797,1.234130859375,-0.3591017688634056,1.4592182636260986,5.655993461608887,0.0,-0.6784216462993019,3.302734375,0.9384229482513148,0.0269682420317779,0.9393647502611556,5.52,0.0174252374999999,1.1385732829999995,0.3894997588,1.166400000000001,0.1453549383,1.7981725931167605,0.0339206717908382,1.764251947402954,0.5915292501449585,2.754940926856111,2.982527,31.0,0.9999992177524872,moderate,True,https://di-india-collab.flow-analytics.io/tools/replay/2025-06-01T07:40:17Z,1,2.0456625619395243,0.7157217281894317,2.352438297420786
10465656_10465727,2025-06-01 07:41:00.473788977,4,4,1,0.0275780100350855,6.585525035858154,0.5528570413589478,0.1861405882282926,0.3020719885826111,11.91180419921875,0.2238116264343261,5.461397224575888,3.008056640625,1.2343255877532116,0.0227997273612316,1.2344167714451226,11.52,0.00154367736,1.5607465839999992,0.3683584066000001,1.156800000000001,0.11394707582,1.0981619358062744,1.4922438859939575,-0.3940819501876831,-0.1317630112171173,1.4926436218939414,2.990839,31.0,0.9993824367510052,low,True,https://di-india-collab.flow-analytics.io/tools/replay/2025-06-01T07:41:00Z,1,0.025528786603789978,-3.667948577107759,4.045194885165111
10466550_10466589,2025-06-01 07:42:27.871129990,4,4,1,0.3752507569938592,7.405825138092041,1.7222808599472046,0.0971183674146986,2.7699062824249268,4.3000102043151855,12.981074333190918,2.377048229755692,3.15478515625,1.4156736142312163,0.0480412829526441,1.4199670325737113,4.08,0.0015052288,1.5552184699999996,0.3395468238000002,1.1520000000000008,0.1519130584,3.590085029602051,0.0142040373757481,3.575881004333496,1.194745659828186,2.347304645514145,2.9930060000000003,31.0,0.982079798972679,moderate,True,https://di-india-collab.flow-analytics.io/tools/replay/2025-06-01T07:42:27Z,1,0.19519161673031366,-1.6337735530037083,2.9918767573263096
10467400_10467422,2025-06-01 07:43:09.369452953,4,4,1,0.0787117428587845,7.452675819396973,1.04592764377594,-0.681644721333177,1.3366549015045166,7.12542200088501,3.1333627700805664,2.3770773539631214,3.08203125,1.3255602677621083,0.0332754313209835,1.3270931653547349,6.96,0.00154367736,1.547720361999999,0.3564624194000001,1.156800000000001,0.1467284539,4.153659343719482,1.3604973554611206,2.7931618690490723,0.9314231276512146,2.4643903755107868,2.998811,31.0,0.999087505562283,moderate,True,https://di-india-collab.flow-analytics.io/tools/replay/2025-06-01T07:43:09Z,1,1.3631947092928036,0.3098309959914887,3.2065411030068485
10469580_10469593,2025-06-01 07:46:27.910309076,4,4,1,0.234293144502699,7.484400272369385,1.457312822341919,0.8839932307527377,2.4247612953186035,5.135754108428955,2.0143046379089355,0.0,3.2919921875,0.0140199713150547,0.0004143780758855,0.1402209473028194,5.04,0.14196487854,0.5129431125199999,0.4237847794,1.1376000000000008,0.13954845522,3.0245842933654785,0.0515561513602733,2.9730281829833984,0.9943647384643556,2.405554601654551,2.989877,31.0,0.9999998764318262,moderate,True,https://di-india-collab.flow-analytics.io/tools/replay/2025-06-01T07:46:27Z,1,0.006799710642548179,-4.990875220271906,4.4239322619714505
10471010_10471031,2025-06-01 07:48:28.132441998,4,4,1,0.510221100420594,6.461745262145996,2.1624224185943604,-1.042951414467434,-0.1630852222442627,2.988197565078736,1.7904930114746094,-13.988649954521613,3.1904296875,0.9285915322840566,0.0390299572701161,0.9341308732084864,2.88,0.0187670533199999,1.1485679955999997,0.3801095585999999,1.156800000000001,0.2255973817999999,1.2903932332992554,5.534005165100098,-4.243611812591553,-1.4160363674163818,0.3549953591522661,2.996824,31.0,0.9963236367263348,low,True,https://di-india-collab.flow-analytics.io/tools/replay/2025-06-01T07:48:28Z,1,2.9089854498615334e-06,-12.747706180230121,5.0862175864641435
10472787_10472826,2025-06-01 07:50:34.042300940,4,4,1,0.2405369884195636,7.268720149993896,1.694259762763977,-0.3829646654678015,1.124229073524475,4.290204048156738,2.126210451126098,3.670447212958816,3.03271484375,0.2319398436610574,0.0077824916144435,0.2390605502578911,4.32,0.1332794692,0.488499103,0.3922480638,1.1376000000000008,0.15819921382,1.461193561553955,0.0413663983345031,1.419827222824097,0.4753267765045166,1.6859054760089316,2.987055,31.0,0.9991137524828742,low,True,https://di-india-collab.flow-analytics.io/tools/replay/2025-06-01T07:50:34Z,1,0.7045547917856165,-0.3501891766639291,3.0964513601971615
10474358_10474791,2025-06-01 07:52:59.249655962,4,4,1,0.1893774739450621,7.423945903778076,1.4747672080993652,-1.069916846010813,2.1189091205596924,5.03397798538208,18.128742218017575,-5.080578792626799,3.2548828125,2.5568096423412667,0.0793150629600355,2.563394473057847,4.32,0.00144582128,1.8065270399999995,0.3587389050000001,1.1472000000000009,0.1495323737999999,3.0571444034576416,0.4774682819843292,2.5796761512756348,0.8638774156570435,2.196141189975364,2.98616,31.0,0.9670642246927406,moderate,True,https://di-india-collab.flow-analytics.io/tools/replay/2025-06-01T07:52:59Z,1,1.7638921161867647,0.5675227970900516,2.3118741656206687
10474536_10474551,2025-06-01 07:52:41.341691017,4,4,1,0.2019443668871748,6.072556972503662,1.3435304164886477,0.0445572200659147,1.3585039377212524,4.519850730895996,2.90955114364624,1.4440102364898408,3.32568359375,0.6337652115649901,0.0207601490414868,0.6451646378817925,4.56,0.08817854746,1.2046518192000004,0.4366626215999998,1.171200000000001,0.1429594552,1.6657733917236328,0.0304742809385061,1.6352990865707395,0.5454307794570923,2.3659270483227357,2.998179,31.0,0.9997485617766186,moderate,True,https://di-india-collab.flow-analytics.io/tools/replay/2025-06-01T07:52:41Z,1,0.05483327719677279,-2.9034580212124057,3.1504256258768804
10483290_10483318,2025-06-01 08:04:12.519237995,4,4,1,0.1510228105244003,7.487196922302246,1.2991881370544434,-0.0063789326915777,1.4614439010620115,5.762981414794922,0.6714348793029785,-4.440579162992647,3.18017578125,0.4000670089883474,0.0113017177492873,0.4004508262668619,5.76,0.1172086475999999,0.5993206858000001,0.3956098913999998,1.1280000000000008,0.14757660842,1.9722087383270264,0.0598432347178459,1.9123655557632449,0.6406818628311157,1.912075406192268,2.984891,31.0,0.9996148720077854,low,True,https://di-india-collab.flow-analytics.io/tools/replay/2025-06-01T08:04:12Z,1,3.28807702290159,1.1903029023762497,2.8413541402374523
10484454_10484542,2025-06-01 08:06:29.214936018,4,4,1,0.2689767327304066,7.41731595993042,1.6184639930725098,0.3197403370234199,1.7583101987838743,4.582935333251953,14.54775619506836,2.451759162365325,3.37744140625,1.198594331488818,0.0391132400477932,1.2090484897948472,4.56,0.00154367736,1.5607465839999992,0.367032543,1.1520000000000008,0.1499464049999999,2.2159948348999023,1.6868680715560913,0.529126763343811,0.1769042313098907,2.0172433287311136,2.991035,31.0,0.9999699999840947,moderate,True,https://di-india-collab.flow-analytics.io/tools/replay/2025-06-01T08:06:29Z,1,0.25477744545893677,-1.3673648778091305,3.2406290734960295
10485548_10485815,2025-06-01 08:07:50.845441103,4,4,1,0.1221576279154814,6.098956108093262,1.42134428024292,-1.7219934836197806,0.6259079575538635,4.290977478027344,0.4476232528686523,0.0,3.155029296875,0.195215569227102,0.0065416464345847,0.200917027974552,4.32,0.1230785319,0.4747548341000001,0.4103526277999998,1.1424000000000007,0.14492325202,0.971599578857422,4.555505275726318,-3.5839056968688965,-1.1979395151138306,0.8968691056178879,2.991725,31.0,0.9999106851788828,low,True,https://di-india-collab.flow-analytics.io/tools/replay/2025-06-01T08:07:50Z,1,0.015826726499639683,-4.1460552173995175,4.78562058126654
10486579_10486607,2025-06-01 08:09:05.216507912,4,6,1,0.5298461011553088,7.340507984161377,2.126490354537964,-0.1933544645484506,2.461732864379883,3.4519357681274414,6.042913913726807,-2.783380384187226,3.51513671875,1.9851330084371528,0.0769717386005994,1.9928799397873265,3.12,0.00144582128,1.8078425299999996,0.3591007064000001,1.1472000000000009,0.2183257078,3.047227621078491,0.2879399061203003,2.7592878341674805,0.944836676120758,2.896662426609586,2.920386,30.0,0.9850900043024022,moderate,True,https://di-india-collab.flow-analytics.io/tools/replay/2025-06-01T08:09:05Z,1,0.2315232148937832,-1.4630751301648655,3.8492866570835833
10486811_10486848,2025-06-01 08:09:33.156570911,4,4,1,0.2002575929308632,6.780332088470459,1.371179223060608,-0.0489531192262909,1.067371845245361,4.944890975952148,2.461927890777588,3.630172500447129,3.132568359375,0.5300433033531957,0.0164363982970631,0.5530109180110759,4.8,0.10227403398,0.9128179591999998,0.3927559959999998,1.152000000000001,0.143160131,1.4247726202011108,0.0161898825317621,1.4085826873779297,0.4703632593154907,1.6625144795195992,2.99467,31.0,0.999224672029204,low,True,https://di-india-collab.flow-analytics.io/tools/replay/2025-06-01T08:09:33Z,1,7.820822407912084,2.0567897162797166,2.1879297002793696
10488398_10488441,2025-06-01 08:12:42.539542913,4,4,1,0.1351112254210919,5.856480598449707,1.0816872119903564,0.0712666962663854,1.2750449180603027,5.414208889007568,5.595290660858154,-0.710369792081179,3.042236328125,0.7268886182751013,0.0214019729221614,0.7289952938728547,5.279999999999999,0.06071318808,0.9737769859999998,0.3811341043999998,1.1616000000000009,0.1442090122,1.8605880737304688,2.156482219696045,-0.2958941459655761,-0.099128246307373,2.136721956689563,2.984963,31.0,0.9973406056297388,moderate,True,https://di-india-collab.flow-analytics.io/tools/replay/2025-06-01T08:12:42Z,1,1.246128408166799,0.22004147136896712,2.283015874991154
10488852_10488954,2025-06-01 08:13:58.851679087,4,4,1,0.5102991186568804,6.695281505584717,1.95755136013031,-0.3864267455544181,2.2870779037475586,3.4202327728271484,16.114437103271484,-3.916594508439941,3.2470703125,1.1046235280055476,0.0428906022550577,1.1065479052447584,3.36,0.00154367736,1.2049059986,0.3975357294,1.1520000000000008,0.1775432475999999,3.1993331909179688,0.0838069915771484,3.1155261993408203,1.0760425329208374,2.880279831806413,2.895356,30.0,0.9804321857987291,moderate,True,https://di-india-collab.flow-analytics.io/tools/replay/2025-06-01T08:13:58Z,1,0.05921608695197739,-2.8265620349528744,3.2053731347432066
10491899_10491931,2025-06-01 08:18:21.586589098,4,4,1,0.1261245824056926,6.764398097991943,1.389915943145752,-1.0045600982002134,0.478239506483078,4.866767883300781,2.2381162643432617,-5.632521175224695,3.27685546875,0.0514657281581772,0.0015850605681451,0.1057768214776474,4.8,0.13718699154,0.51321520794,0.4273259849999999,1.132800000000001,0.14043675402,0.8113311529159546,1.568643569946289,-0.7573124170303345,-0.2536324262619018,1.1096907075518636,2.985866,31.0,0.9998993145456814,low,True,https://di-india-collab.flow-analytics.io/tools/replay/2025-06-01T08:18:21Z,1,0.6491901116807556,-0.432029675003057,2.831804640402217
10492418_10492533,2025-06-01 08:19:58.899709940,4,4,1,0.1357962726690384,7.467062473297119,1.2043334245681765,0.1894276713870076,1.5385518074035645,6.200161933898926,0.4476232528686523,-1.9094590792338555,3.187744140625,0.4857592464552556,0.0131551664463769,0.49226182474529,6.24,0.1034568800999999,0.9615154728,0.4015316387999998,1.152000000000001,0.14614497956,2.140876293182373,0.0317552089691162,2.109121084213257,0.7243545055389404,2.1795042146588512,2.911725,30.0,0.9998126293574696,moderate,True,https://di-india-collab.flow-analytics.io/tools/replay/2025-06-01T08:19:58Z,1,3.549025872430903,1.2666731637000308,2.639195070215529
10492533_10492543,2025-06-01 08:19:24.319641113,4,4,1,0.4444284972775862,5.046566486358643,1.654767632484436,-0.0216631408534358,2.104595899581909,3.049713134765625,8.728652954101562,-5.604760611538825,3.140869140625,1.291100938200643,0.0537354748397705,1.2921149182305969,2.88,0.00130964452,1.553697153999999,0.3502210214000001,1.1472000000000009,0.1471036819999999,2.438588857650757,0.0395411103963851,2.3990478515625,0.8257441520690918,2.8237201719956087,2.905316,30.0,0.9857591442849238,moderate,True,https://di-india-collab.flow-analytics.io/tools/replay/2025-06-01T08:19:24Z,1,0.009891658140717848,-4.61606348908737,4.007762628030967
10495359_10495517,2025-06-01 08:24:43.696650982,4,4,1,0.0370835617872976,6.688067436218262,0.711403489112854,-0.3488126081622504,0.531469464302063,9.401229858398438,10.96677017211914,8.654079827431849,3.18212890625,0.5674006237834044,0.0120030469409297,0.56771447115972,9.36,0.0856262912199999,0.9417460035999998,0.4061897045999999,1.1520000000000008,0.1194645700599999,1.374738693237305,1.0149518251419067,0.3597868680953979,0.121806763112545,0.9980084175514764,2.953751,30.0,0.9997001345775272,low,True,https://di-india-collab.flow-analytics.io/tools/replay/2025-06-01T08:24:43Z,1,3.79206101752242,1.3329096753820964,2.5312200318858027
10495561_10495603,2025-06-01 08:24:24.307693958,4,4,1,0.0781076496331163,6.6879563331604,1.103958010673523,-0.8202041698477363,0.8319748640060425,6.058161735534668,1.5666813850402832,0.0,3.0,0.2417388851495776,0.0066053725425529,0.2480296932487373,6.0,0.11365148464,0.4021033579000002,0.3967171867999998,1.1424000000000007,0.14107955492,1.232180953025818,4.644302368164063,-3.412121295928955,-1.1724462509155271,0.8475978824597342,2.910258,30.0,0.9969468511753896,low,True,https://di-india-collab.flow-analytics.io/tools/replay/2025-06-01T08:24:24Z,1,0.01328949644401525,-4.32078129681566,3.3115111847625815
10500402_10500583,2025-06-01 08:32:08.677882910,4,4,1,0.1315737882495748,7.379236221313477,1.4578821659088137,-1.0744155010449843,2.002100944519043,5.0616135597229,2.797645330429077,1.552220880609141,3.107177734375,0.2894871482707533,0.0088155007980744,0.2901888949056499,5.04,0.13161083148,0.3946199290000002,0.4008298549999999,1.132800000000001,0.14394149722,6.513094902038574,2.60746693611145,3.905627965927124,1.302754521369934,6.088225026210058,2.997977,31.0,0.9975386118820136,serious,True,https://di-india-collab.flow-analytics.io/tools/replay/2025-06-01T08:32:08Z,1,0.10623394207722424,-2.2421116159902432,2.5984983113982594
10500530_10500583,2025-06-01 08:31:52.873577118,4,4,1,0.1198651161501014,5.883803367614746,1.295616626739502,-0.9967413520066128,0.6926332712173462,4.541315078735352,1.1190581321716309,9.399475802800486,3.104736328125,0.0241490277751668,0.0007709784257879,0.0342646071199769,4.56,0.1270995115799999,0.4896580169999999,0.3847007399999998,1.1376000000000008,0.14017426892,1.0508394241333008,5.130354404449463,-4.079514980316162,-1.3605979681015017,0.8718037281431196,2.998325,31.0,0.9997119233831864,low,True,https://di-india-collab.flow-analytics.io/tools/replay/2025-06-01T08:31:52Z,1,0.001466496461373953,-6.524879082523459,5.183451269018257
10500696_10500746,2025-06-01 08:32:15.460686922,4,4,1,0.0537687913200219,7.488011360168457,0.8437559604644775,-0.2350454914839354,0.9988799095153807,8.874617576599121,3.804797649383545,3.598798762040557,3.0771484375,1.2768045662282144,0.0281133525749083,1.2769619173183078,8.64,0.00154367736,1.562163909999999,0.3676704644000002,1.156800000000001,0.1276481969199999,2.8633837699890137,1.8619060516357424,1.0014777183532717,0.3344066441059112,2.298671033933992,2.99479,31.0,0.9965896615575528,moderate,True,https://di-india-collab.flow-analytics.io/tools/replay/2025-06-01T08:32:15Z,1,2.3153762570617795,0.839572204379905,2.3333125003803676
10500713_10500735,2025-06-01 08:32:18.852287054,4,4,1,0.0535290659671108,7.231526851654053,0.800033688545227,0.2374554058361352,0.9352834224700928,9.03902816772461,1.0071523189544678,-2.3159589793855733,3.110595703125,0.7620263872795112,0.0165362783655113,0.7634862556144726,8.879999999999999,0.05577062056,1.0427175696,0.3777168503999998,1.1616000000000009,0.12642844258,1.898911476135254,1.327836513519287,0.5710749626159668,0.1971395909786224,1.966277848180925,2.896805,30.0,0.9986027580515262,low,True,https://di-india-collab.flow-analytics.io/tools/replay/2025-06-01T08:32:18Z,1,2.832315055961243,1.0410944182176949,2.3321603116474012
10500973_10501002,2025-06-01 08:32:32.038801908,4,4,1,0.0523036697467937,7.104778289794922,0.7397788166999817,0.7193653688044153,0.5470561981201172,9.603921890258787,2.2381162643432617,3.128283663890682,3.126708984375,0.8134806821813266,0.017034242626284,0.8182143041538525,9.36,0.0495612067599999,1.0250297479999997,0.3815467831999998,1.156800000000001,0.12637828018,4.701099395751953,4.284068584442139,0.4170308113098144,0.1432070583105087,1.1828595410142615,2.912083,30.0,0.9896646464280126,low,True,https://di-india-collab.flow-analytics.io/tools/replay/2025-06-01T08:32:32Z,1,0.9877958764202458,-0.01227920539308696,1.7039419268321454
10500973_10501002,2025-06-01 08:32:35.534755945,4,4,1,0.0515873262810414,6.394119739532471,0.7490221261978149,0.5015595628185966,0.7903938293457031,8.536623001098633,3.5809860229492188,-3.099743670200747,3.126708984375,2.341676079758775,0.052991903683849,2.341998878381006,7.439999999999999,0.00130964452,1.8033415019999997,0.3572236528,1.1472000000000009,0.1242588888199999,4.192416667938232,0.1484757512807846,4.043941020965576,1.3861688375473022,3.291060346233784,2.917351,30.0,0.9924448863873856,moderate,True,https://di-india-collab.flow-analytics.io/tools/replay/2025-06-01T08:32:35Z,1,0.21139848553131838,-1.554010369567317,2.712373196588466
10501002_10501040,2025-06-01 08:32:36.937834978,4,4,1,0.0883908517191632,5.767330646514893,0.9300415515899658,-0.013056554579824,1.5230120420455933,6.201153755187988,1.7904930114746094,-4.570408330620997,3.240478515625,0.0624807397922917,0.001667805138052,0.0725168353298048,6.24,0.1057878300799999,0.5029615513400001,0.4462978647999999,1.1376000000000008,0.1255877246,3.13215970993042,0.0961749926209449,3.035984754562378,1.0173887014389038,3.0427244615474525,2.984095,31.0,0.999766159754318,moderate,True,https://di-india-collab.flow-analytics.io/tools/replay/2025-06-01T08:32:36Z,1,0.5338459856709811,-0.627647897968413,2.8094247808307715
10501284_10501596,2025-06-01 08:33:30.874073029,4,4,1,0.1799422279618395,7.498098373413086,1.3024990558624268,0.4819871715813004,1.914397120475769,5.756701469421387,18.576364517211918,2.1965827738286348,3.30712890625,1.029011942400517,0.0292810306211688,1.039445233119751,5.76,0.00154367736,1.2071049006,0.4004908901999999,1.156800000000001,0.1470929091999999,2.615177154541016,0.0761784389615058,2.538998603820801,0.8483763337135315,2.271614001792457,2.992774,31.0,0.9929764414713144,moderate,True,https://di-india-collab.flow-analytics.io/tools/replay/2025-06-01T08:33:30Z,1,0.45775173701855615,-0.7814283007464455,3.170241994680535
10503422_10503799,2025-06-01 08:36:24.197592974,4,4,1,0.2819515048621807,6.773396968841553,1.913472414016724,-1.5341467311797763,1.0913960933685305,3.5398457050323486,0.3357174396514892,0.3388036222759397,3.23583984375,0.0508831911385655,0.0018943849271294,0.1262018788096583,3.6,0.1683351301,0.52269488004,0.4234577803999999,1.1376000000000008,0.1798286589999999,1.4396909475326538,4.5725202560424805,-3.132829189300537,-1.055584192276001,4.8809157751505,2.967863,31.0,0.9997569490607284,serious,True,https://di-india-collab.flow-analytics.io/tools/replay/2025-06-01T08:36:24Z,1,0.0028542726475929586,-5.8589382327479065,5.5553933684971994
10503753_10503837,2025-06-01 08:36:26.079159021,4,4,1,0.3018067209031004,6.190340042114258,1.6858162879943848,-0.5153481907257195,1.3766828775405884,3.672013521194458,2.2381162643432617,-14.247080069034668,3.197998046875,0.6261703939207368,0.0232128765942444,0.6288843603648828,3.6,0.08866299824,1.1651826008,0.4434338837999999,1.171200000000001,0.1517443791,1.749933123588562,1.587005853652954,0.1629272699356079,0.0544015914201736,2.0213853572485427,2.994899,31.0,0.989206198130208,moderate,True,https://di-india-collab.flow-analytics.io/tools/replay/2025-06-01T08:36:26Z,1,0.002055781337631956,-6.187099290336981,4.580800940067853
10503753_10503837,2025-06-01 08:36:34.789311886,4,4,1,0.3083936511458931,7.387651443481445,1.7636795043945312,-0.9127969915569628,1.8915700912475584,4.188772201538086,3.804797649383545,-0.0520237018203356,3.197998046875,0.8083914803547048,0.0277558104070098,0.8150545478773951,4.08,0.0523747361799999,1.0306660379999997,0.4116637587999998,1.1616000000000009,0.167230013,5.430456638336182,4.463107585906982,0.9673490524291992,0.3232810497283935,4.199306323243268,2.992285,31.0,0.9999974596955108,serious,True,https://di-india-collab.flow-analytics.io/tools/replay/2025-06-01T08:36:34Z,1,0.12943052813942876,-2.0446110040336913,4.555295757095668
10503799_10503813,2025-06-01 08:36:24.593955994,4,4,1,0.0775727279686068,5.594470024108887,0.8181613087654114,-0.0050398116343433,1.719403624534607,6.837856769561768,3.1333627700805664,-8.556970480146806,3.172607421875,0.4087961078734728,0.0104307974175025,0.4142071681236335,6.72,0.0968165272399999,0.6462388018000002,0.4058006511999998,1.1280000000000008,0.1202610599599999,2.4882497787475586,3.8842835426330566,-1.396033763885498,-0.4667643308639526,2.379351436237201,2.990875,31.0,0.9973794893229412,moderate,True,https://di-india-collab.flow-analytics.io/tools/replay/2025-06-01T08:36:24Z,1,0.016466045059921476,-4.106454893566378,3.9311078091293647
10503884_10503976,2025-06-01 08:36:38.377542019,4,4,1,0.1215958405051002,7.262837886810303,1.388796091079712,-1.2068391012286186,1.8512849807739256,5.229592800140381,3.804797649383545,1.7993536593733848,3.030029296875,0.8848250239712698,0.0266330605457933,0.8985890802836842,5.04,0.03118233576,1.1187819075999996,0.3738433259999999,1.166400000000001,0.1470379908,5.673449993133545,3.322021722793579,2.351428270339966,0.8101381063461304,4.794281689312776,2.9025030000000003,30.0,0.961027481511154,serious,True,https://di-india-collab.flow-analytics.io/tools/replay/2025-06-01T08:36:38Z,1,0.4426162134489676,-0.8150522197519771,3.631277739013467
10503976_10504002,2025-06-01 08:36:40.087431908,4,4,1,0.3005781503503863,7.360401630401611,1.8848334550857544,-0.9216959877722428,2.349272489547729,3.905067443847656,2.350022077560425,1.1899669666503303,2.932861328125,0.4582572325566781,0.0163406382308409,0.4678577510784028,3.84,0.1226090402999999,0.8845091046000002,0.397492044,1.132800000000001,0.1841778237999999,5.732540130615234,3.302328586578369,2.430211544036865,0.8123298287391663,4.935165788805714,2.991656,31.0,0.9704099134828554,serious,True,https://di-india-collab.flow-analytics.io/tools/replay/2025-06-01T08:36:40Z,1,0.13194112124060245,-2.0253995071137556,2.960743595083273
10504282_10504293,2025-06-01 08:37:10.056817055,4,4,1,0.1463533668348477,6.236924648284912,1.2017958164215088,0.1991758922441642,1.862454414367676,5.189670562744141,2.2381162643432617,2.547045481192236,3.209716796875,0.1616566417835625,0.0048302868642092,0.1971124714877661,5.279999999999999,0.1120091378,0.5721800061600001,0.4356689757999998,1.1520000000000008,0.14121315732,2.1835973262786865,0.0373369455337524,2.1462602615356445,0.7157509922981262,2.335712717553597,2.998613,31.0,0.9998709149452772,moderate,True,https://di-india-collab.flow-analytics.io/tools/replay/2025-06-01T08:37:10Z,1,2.635575077246719,0.9691014038156401,2.530797507955605
10504282_10504293,2025-06-01 08:38:00.441510916,4,4,1,0.0749693395599337,6.41624116897583,0.8213993906974792,-0.2741428468105465,0.6796894073486328,7.81135368347168,21.7097282409668,-2.2153176208170287,3.209716796875,2.251201713424101,0.0536981058139905,2.2532777232605485,6.96,0.00144582128,1.8033415019999997,0.3838902564000001,1.1472000000000009,0.1242588888199999,0.9981194138526917,0.0546710193157196,0.9434484243392944,0.3146716058254242,1.2606691253706277,2.9982,31.0,0.9857002197586082,low,True,https://di-india-collab.flow-analytics.io/tools/replay/2025-06-01T08:38:00Z,1,1.2447573380304526,0.218940601706914,2.387183683524367
10504826_10504919,2025-06-01 08:39:28.668804884,4,4,1,0.1914601428654845,5.537740230560303,1.250824809074402,-0.1734157445165899,0.8934354186058044,4.427270889282227,10.96677017211914,1.2350216617612984,3.098388671875,0.6506150786437152,0.0215805650159447,0.653207698861214,4.32,0.0809994748399999,0.9398002742,0.3803656391999997,1.171200000000001,0.1433625031,1.21794593334198,0.5502260327339172,0.6677199006080627,0.2290107011795044,1.578084401072187,2.915671,30.0,0.9999376875269588,low,True,https://di-india-collab.flow-analytics.io/tools/replay/2025-06-01T08:39:28Z,1,0.6585210317586228,-0.4177588194195084,3.161919751818533
10505104_10505173,2025-06-01 08:38:38.473679066,4,4,1,0.0463532369495723,7.452666282653809,0.779752254486084,-0.3804110284777096,0.6328071355819702,9.55773639678955,2.685739517211914,-7.370963752659977,3.19189453125,0.2238781121120357,0.0046592137993083,0.2273705954940358,9.6,0.1142202640999999,0.54819612134,0.4104262027999999,1.1376000000000008,0.1149450947999999,1.0153594017028809,0.5933963060379028,0.421963095664978,0.1409816294908523,0.7953632186707356,2.993036,31.0,0.9953617204405308,low,True,https://di-india-collab.flow-analytics.io/tools/replay/2025-06-01T08:38:38Z,1,1.3365713942459754,0.29010767398489895,3.054800027676651
10505104_10505232,2025-06-01 08:39:30.149893045,4,4,1,0.0764242777238526,6.500516891479492,0.9146103858947754,-0.128648787596047,1.0740256309509275,7.10741662979126,1.5666813850402832,-5.62115772145964,3.16259765625,0.2907585400950354,0.0072326844936006,0.3067600285041887,7.199999999999999,0.09782667618,0.4014587243,0.4050335681999999,1.132800000000001,0.1309494511,3.699477195739746,0.2640849947929382,3.435392141342163,1.1934068202972412,3.3143607035041427,2.878643,30.0,0.9991061618650277,moderate,True,https://di-india-collab.flow-analytics.io/tools/replay/2025-06-01T08:39:30Z,1,0.4937757676076887,-0.7056737765686529,3.636887474867985
10505104_10505232,2025-06-01 08:39:55.856408119,4,4,1,0.3357216940733921,7.4096221923828125,1.8520503044128416,-0.2908705466379059,2.357362747192383,4.000767230987549,7.0150957107543945,-0.8625886099497239,3.16259765625,0.2446041007493203,0.0085594944226889,0.289527015387442,4.08,0.14996382776,0.3960435268,0.4030902903999999,1.1424000000000007,0.1822799033999999,3.4601540565490723,4.012281894683838,-0.5521278381347656,-0.1843123286962509,2.7073584447915984,2.99561,31.0,0.9984711638388716,moderate,True,https://di-india-collab.flow-analytics.io/tools/replay/2025-06-01T08:39:55Z,1,0.2164687302403904,-1.530309175040843,3.197475136668491
10505104_10505400,2025-06-01 08:39:55.056231022,4,4,1,0.0953214415883879,6.662353992462158,1.1640747785568235,-1.7040651070088713,-0.0048962831497192,5.723304271697998,6.9521484375,-13.775304208383814,3.2294921875,2.7259073628268347,0.0783690690096346,2.72626889984422,4.8,0.00144582128,1.8078425299999996,0.3636705588000001,1.1424000000000007,0.1481039424,1.5573030710220337,4.161674976348877,-2.604372024536133,-0.8962482810020447,1.1296586196112857,2.90586,30.0,0.9157521915502276,low,True,https://di-india-collab.flow-analytics.io/tools/replay/2025-06-01T08:39:55Z,1,0.04986919211045578,-2.998351859465978,4.209765553607535
10506162_10506183,2025-06-01 08:40:17.248194933,4,4,1,0.430103122093516,7.485810279846191,2.0187435150146484,-0.3354201138172628,2.177114963531494,3.708153247833252,2.685739517211914,2.125039330263474,3.15576171875,0.2010946293550503,0.0073527336245754,0.2929360658851847,3.6,0.1657767430799999,0.4041692160000001,0.4005629855999999,1.1424000000000007,0.1794368495999999,2.9606521129608154,0.0958148017525672,2.864837408065796,0.9575266242027284,3.011113509566292,2.991914,31.0,0.9998635267044124,moderate,True,https://di-india-collab.flow-analytics.io/tools/replay/2025-06-01T08:40:17Z,1,0.46271241317285045,-0.7706495557375534,3.1541797338705875
10506204_10506391,2025-06-01 08:40:52.668989897,4,4,1,3.5338300696180163,5.940891265869141,3.2311339378356934,-1.2120005366262954,2.0591518878936768,1.838639736175537,173.78871154785156,42.14072609426687,3.00244140625,0.8863728732966788,0.0497453286096506,0.9662343992488878,1.68,0.0149655587999999,1.1399121056,0.354025367,1.1472000000000009,0.3262911468000001,2.3661584854125977,0.0452244579792022,2.3209340572357178,0.8029472231864929,6.0232990702366855,2.890519,30.0,0.9924545137380696,serious,True,https://di-india-collab.flow-analytics.io/tools/replay/2025-06-01T08:40:52Z,1,1.189097578956898e-17,-38.97075189846931,9.165938537449984
10506231_10506263,2025-06-01 08:41:00.262943983,4,4,1,0.7680995457853442,7.466258525848389,2.5266215801239014,-1.0335142847630483,2.9645941257476807,2.955036401748657,3.1333627700805664,0.0,3.11865234375,1.5578267062541586,0.0661536574453159,1.563971254596797,2.88,0.00151649894,1.7593467039999997,0.3314842406000001,1.1424000000000007,0.2820929892,3.4694664478302,0.1608335971832275,3.3086328506469727,1.103281855583191,2.604893759994797,2.998901,31.0,0.9709048748201894,moderate,True,https://di-india-collab.flow-analytics.io/tools/replay/2025-06-01T08:41:00Z,1,0.01302900533318251,-4.340577227429742,4.801002351117066
10506895_10506911,2025-06-01 08:41:47.923546076,4,4,1,0.1976014501377613,6.412197113037109,1.3310195207595823,-0.1114256383058675,1.5191446542739868,4.817507743835449,0.0,-1.3800301330429563,2.984130859375,0.1732693082797978,0.0054146833092049,0.1742677901831331,4.8,0.1225236327,0.5035309547600002,0.4003536765999998,1.1520000000000008,0.13999662882,2.3402867317199707,0.0503716543316841,2.289915084838867,0.7647087574005127,1.857749351267464,2.994493,31.0,0.9986910669749716,low,True,https://di-india-collab.flow-analytics.io/tools/replay/2025-06-01T08:41:47Z,1,3.1987832368912144,1.1627704990252075,2.2412625936202732
10507040_10507315,2025-06-01 08:43:36.959165096,4,4,1,0.6955387826366779,5.080480575561523,2.128587007522583,0.1319546512512057,2.4106252193450928,2.3867855072021484,0.5735173225402832,-23.048952341276657,3.1552734375,0.9293128216245484,0.0446585699368934,0.9509107540705548,2.4,0.0167313732599999,1.1425778115999998,0.376527853,1.1472000000000009,0.2249561995999999,4.146944522857666,5.294099807739258,-1.1471552848815918,-0.3840442895889282,3.3036814633462086,2.987039,17.0,0.996518278785413,moderate,True,https://di-india-collab.flow-analytics.io/tools/replay/2025-06-01T08:43:36Z,1,3.545299180561435e-21,-47.08866440137113,10.015978274526095
10507655_10507690,2025-06-01 08:43:22.457271099,4,4,1,0.872021549211642,7.320811748504639,2.524379253387451,-0.8796166061324292,2.983876466751098,2.9000444412231445,5.147667407989502,-10.019682165614046,3.21826171875,0.1852586968779148,0.0078379486301306,0.1908664622417761,2.88,0.1852648400399999,0.4386998348000001,0.4263314846,1.1472000000000009,0.2834954482,3.478580474853516,0.0613824948668479,3.4171979427337646,1.176581621170044,2.7794348624411707,2.904344,30.0,0.9971181183272332,moderate,True,https://di-india-collab.flow-analytics.io/tools/replay/2025-06-01T08:43:22Z,1,0.00036654245321638524,-7.911396209194706,4.8520890343086425
10507710_10507726,2025-06-01 08:43:26.551173925,4,4,1,0.2213229171732003,6.229223251342773,1.455762267112732,0.2196832891888885,1.9808628559112549,4.279011249542236,7.385783672332764,5.480612277019687,3.120849609375,2.17262369990231,0.0741660674969669,2.1763103093309097,3.84,0.00129985486,1.8078425299999996,0.3370785176000001,1.142400000000001,0.147239182,2.3169991970062256,0.0394429303705692,2.2775561809539795,0.784157395362854,2.248577170372512,2.904463,30.0,0.993232785062596,moderate,True,https://di-india-collab.flow-analytics.io/tools/replay/2025-06-01T08:43:26Z,1,0.5163681721136312,-0.6609352560810126,3.142534216859273
10507710_10507726,2025-06-01 08:43:58.939707041,4,4,1,0.0590702945692997,7.491382598876953,0.8630766272544861,0.2115898212443275,1.306754231452942,8.679858207702637,2.685739517211914,1.0052591444312158,3.120849609375,1.69782681598193,0.0379569795174399,1.6990933915964863,8.16,0.00154367736,1.8033415019999997,0.3569439014,1.1520000000000008,0.1326779957,3.175855159759521,1.030856966972351,2.144998073577881,0.7171191573143005,1.922132153741926,2.991132,31.0,0.9915716721552053,low,True,https://di-india-collab.flow-analytics.io/tools/replay/2025-06-01T08:43:58Z,1,1.166569709248825,0.15406757001558355,2.973519264058166
10508505_10508770,2025-06-01 08:45:25.283648968,4,4,1,0.2827031006965297,7.367067337036133,1.8416786193847656,-1.2108990410758949,1.332266330718994,4.000191688537598,1.342869758605957,7.139276912848859,3.25,0.2754920128989074,0.0096492186520269,0.3172829833985113,4.08,0.14890007704,0.4026357082,0.4302245546,1.1424000000000007,0.1804581957999999,1.6577792167663574,2.2827227115631104,-0.6249434947967529,-0.2083527594804763,2.1054390330889734,2.9994490000000003,31.0,0.998784214532473,moderate,True,https://di-india-collab.flow-analytics.io/tools/replay/2025-06-01T08:45:25Z,1,0.9442599260556735,-0.05735380533926417,2.802985642482002
10508516_10508981,2025-06-01 08:45:55.164535999,4,4,1,0.5442516864196086,7.483867645263672,2.257356882095337,-0.5278739672794037,3.2163736820220947,3.3153231143951416,6.252737522125244,-18.579687884286905,3.08740234375,0.5453072657085298,0.0214638137338998,0.5632314038277808,3.36,0.13054390358,0.9041684008,0.383595745,1.152000000000001,0.2480517068,5.01209020614624,0.0052670235745608,5.0068230628967285,1.676999568939209,4.105262202670723,2.985584,31.0,0.9903808610598882,serious,True,https://di-india-collab.flow-analytics.io/tools/replay/2025-06-01T08:45:55Z,1,0.05236509911164532,-2.949514957050993,3.9020857825498156
10512356_10512700,2025-06-01 08:54:22.063467025,4,4,1,0.0219273074242819,3.71010684967041,0.3277542889118194,0.1245434017545471,0.8333756923675537,11.319781303405762,0.5595290660858154,1.115490066167309,3.167724609375,2.8434471818692697,0.0544599380434669,2.84400907485791,4.56,0.00129783558,1.7817753739999995,0.357727375,1.1616000000000009,0.11068504886,2.1367173194885254,9.542779922485352,-7.406062602996826,-2.4752485752105717,0.0,2.992048,22.0,0.6553951567506594,none,True,https://di-india-collab.flow-analytics.io/tools/replay/2025-06-01T08:54:22Z,1,2.2896222497747936e-21,-47.52590010534584,8.30442396249312
10512726_10512792,2025-06-01 08:54:23.055696964,4,4,1,0.2186185333697821,6.694086074829102,1.7357834577560425,-1.2454270458857413,1.106722354888916,3.856521368026733,0.7833406925201416,-6.218428728802095,3.040283203125,0.1883139061674124,0.0067232062967188,0.1897609129972836,3.84,0.14231497948,0.4535460295,0.3914433852,1.1520000000000008,0.1557363076199999,1.50772225856781,4.078543663024902,-2.5708212852478027,-0.8829531073570251,0.9798767700190842,2.911617,30.0,0.99964904637483,low,True,https://di-india-collab.flow-analytics.io/tools/replay/2025-06-01T08:54:23Z,1,0.01738419647796699,-4.05219373386184,5.270209458445808
10515032_10515072,2025-06-01 08:58:21.538964033,4,4,1,1.0898932621126085,7.374553203582764,2.659595251083374,-0.3366703195231445,3.322084188461304,2.772810220718384,3.1333627700805664,-11.082104035543352,3.10546875,0.6465823318537954,0.0283439467783479,0.7118148186140376,2.64,0.09092960768,0.9509344624,0.3810871212,1.1712000000000011,0.2820871686,3.8331923484802246,0.0405182167887687,3.7926740646362314,1.2662206888198853,3.4152968985215844,2.995271,31.0,0.9948373476293692,moderate,True,https://di-india-collab.flow-analytics.io/tools/replay/2025-06-01T08:58:21Z,1,0.00992395799468879,-4.612803445861179,5.235290814072094
10515072_10515093,2025-06-01 08:58:23.146814108,4,4,1,0.2617841184469096,7.36253023147583,1.5079476833343506,-0.2044294124841951,2.5280299186706543,4.882483959197998,4.252420902252197,6.533004860160857,3.17333984375,1.0429368442158964,0.0327414881980908,1.043203683746012,4.8,0.00154367736,1.2041838846,0.3828941973999999,1.156800000000001,0.1449579278,3.3150172233581543,0.0473403073847293,3.267676830291748,1.0939419269561768,3.548537042335864,2.987066,31.0,0.999440009377054,moderate,True,https://di-india-collab.flow-analytics.io/tools/replay/2025-06-01T08:58:23Z,1,0.30850236006697873,-1.176025785529883,3.3262917720897534
10515670_10515717,2025-06-01 08:59:18.119311094,4,6,1,0.067720063341219,7.081919193267822,1.1330523490905762,-1.3384216292168818,3.2788543701171875,6.250301837921143,1.45477557182312,-0.9262591362225816,3.399658203125,2.950926187642058,0.0805440744835976,2.95440009261213,5.279999999999999,0.00144582128,1.8065270399999995,0.3723572324000001,1.1424000000000007,0.1481039424,12.588951110839844,7.082629680633545,5.506321430206299,1.893477439880371,9.06809484255608,2.908047,30.0,0.9984412478887796,critical,True,https://di-india-collab.flow-analytics.io/tools/replay/2025-06-01T08:59:18Z,1,7.406079369361407e-09,-18.720964637612415,6.633321825942502
10517244_10517305,2025-06-01 09:01:43.863893032,7,4,1,0.1718110134103816,5.553154468536377,1.4364995956420898,-1.052926593949853,-0.10678231716156,3.865754365921021,1.1190581321716309,6.133952771026153,4.2998046875,3.186543315855913,0.1158761294236242,3.187616155684597,2.64,0.00127077826,1.8534061759999996,0.3270969984000001,1.1472000000000009,0.147633858,1.023498296737671,0.0291257016360759,0.9943726062774658,0.3317307531833648,1.7516830294943924,2.997529,31.0,0.7975554822263249,low,True,https://di-india-collab.flow-analytics.io/tools/replay/2025-06-01T09:01:43Z,1,4.647657508033108e-16,-35.30499815694934,9.375958742639686
10517244_10517430,2025-06-01 09:01:51.249011040,7,4,1,0.0470111779973062,5.790491104125977,0.6831023097038269,0.7815403897537546,0.4151531159877777,8.476755142211914,171.66351318359375,-232.4268164799173,4.0498046875,1.2197553811784143,0.0275927075827486,1.2204609557442443,8.16,0.0014075006,1.5607465839999992,0.3832108872,1.156800000000001,0.1245659073,0.8234691023826599,0.6897769570350647,0.1336921453475952,0.0496778152883052,6.278403167843572,2.691184,27.0,0.9880906071598458,serious,True,https://di-india-collab.flow-analytics.io/tools/replay/2025-06-01T09:01:51Z,1,1.20626562270259e-23,-52.771927813812574,10.84859885917332
10517244_10517431,2025-06-01 09:01:52.461159945,7,4,1,0.095952012160992,4.950351715087891,0.977544605731964,-0.0695824186086989,-0.3387839198112488,5.064067363739014,87.62225341796875,-203.2497230482269,4.48974609375,0.4928784610703163,0.0150608631749026,0.4935466774583737,5.04,0.0897602928199999,0.9569925258000004,0.4516292969999999,1.1472000000000009,0.13946664762,0.8307029604911804,2.0830321311950684,-1.2523291110992432,-0.4180923402309418,27.278968424053566,2.995341,28.0,-0.0153812084669207,critical,True,https://di-india-collab.flow-analytics.io/tools/replay/2025-06-01T09:01:52Z,1,6.020752651060219e-61,-138.66247839603798,16.99122716723648
10517397_10517430,2025-06-01 09:01:48.962204933,4,4,1,0.3804398759345617,4.738247394561768,1.6641110181808472,-1.2551158380648475,0.877890944480896,2.8473145961761475,56.06380081176758,-17.456040649654533,2.9697265625,0.1087649043989857,0.0046349302622876,0.1227512134872711,2.88,0.1279420748999999,0.3812535127600001,0.4084791622,1.1520000000000008,0.1554699048199999,1.2233909368515017,0.0282347667962312,1.195156216621399,0.4004097580909729,1.947844795941414,2.984833,31.0,0.9997239185747868,low,True,https://di-india-collab.flow-analytics.io/tools/replay/2025-06-01T09:01:48Z,1,5.129067178802352e-05,-9.878001658812579,4.91914972677636
10518358_10518403,2025-06-01 09:03:24.550462008,4,4,1,3.314726357723616,6.215235233306885,3.5775113105773926,-3.296112237399972,3.551823616027832,1.7373069524765017,2.461927890777588,2.043435861595274,3.154296875,0.0219821523641735,0.0012434857361243,0.206115357348678,1.68,0.2624040402799999,0.7835962932600005,0.4034294471999999,1.1280000000000008,0.3491578996,3.926898956298828,2.472677230834961,1.4542217254638672,0.5012074112892151,4.559122552033394,2.901437,30.0,0.9998312584224728,serious,True,https://di-india-collab.flow-analytics.io/tools/replay/2025-06-01T09:03:24Z,1,1.4041990163214402e-10,-22.686383884865656,7.070266333417977
10518358_10518403,2025-06-01 09:03:36.141233921,4,4,1,0.584648646968882,5.829779624938965,2.301230907440185,-1.3006811595481114,1.454702615737915,2.5333309173583984,1.1190581321716309,-0.1610405571928194,3.154296875,0.6257815610229143,0.0289427548640112,0.670600747330292,2.4,0.10237467764,1.1415830854000004,0.3916645495999999,1.171200000000001,0.2556827694,1.8018308877944944,2.58937406539917,-0.7875431776046753,-0.2724299430847168,2.315676885366824,2.89081,30.0,0.9937863296544712,moderate,True,https://di-india-collab.flow-analytics.io/tools/replay/2025-06-01T09:03:36Z,1,0.004464717038314279,-5.411549439939723,3.8531693441232084
10518668_10518739,2025-06-01 09:03:59.812443972,4,4,1,30.44120073318481,7.322109222412109,13.088194847106934,-5.58613448994126,6.739145278930664,0.5594437718391418,89.97227478027344,6.134211580527533,2.914794921875,0.93864389789212,0.1070996515802371,1.319303370365073,0.48,0.0065931027,1.401217897,0.3160102674,0.7295999999999998,1.3284679019999992,10.016871452331545,9.776121139526367,0.2407503128051757,0.0827821344137191,8.128362622562422,2.90824,30.0,0.4557084746500565,critical,True,https://di-india-collab.flow-analytics.io/tools/replay/2025-06-01T09:03:59Z,1,1.648224788248481e-97,-222.85105519760066,20.99602178488751
10519863_10519879,2025-06-01 09:05:47.330884933,4,6,1,0.3130828581935468,6.64819860458374,1.6703674793243408,0.073078751552441,1.6096291542053225,3.980081558227539,1.1190581321716309,0.1421721871334677,3.4052734375,0.1543922010058704,0.0054019760202916,0.2300391818963015,4.08,0.13603962644,0.5998095722599999,0.4272935274,1.1424000000000007,0.1561934988199999,1.9648410081863403,0.0563171990215778,1.908523797988892,0.6373273134231567,1.727520899447109,2.994574,31.0,0.9999489635841592,low,True,https://di-india-collab.flow-analytics.io/tools/replay/2025-06-01T09:05:47Z,1,0.7014124036346627,-0.3546592573225515,2.404321701346198
10519863_10519879,2025-06-01 09:06:33.164165020,4,6,1,0.0545471377575501,7.43427038192749,0.7976871132850647,-0.3077052089232255,0.3184594810009002,9.319782257080078,19.695423126220703,0.7460552877256946,3.4052734375,1.7361241604443935,0.0372078470229434,1.7370329287833912,8.879999999999999,0.00154367736,1.8033415019999997,0.383610505,1.1520000000000008,0.12880822122,0.7154952883720398,0.0003985763760283,0.7150967121124268,0.2396061718463897,1.6971315707806005,2.984467,31.0,0.9883869974967598,low,True,https://di-india-collab.flow-analytics.io/tools/replay/2025-06-01T09:06:33Z,1,0.22810467299666354,-1.477950663287598,3.3780189348415943
10520140_10520230,2025-06-01 09:06:49.138211012,4,4,1,0.1110277682145344,7.459374904632568,1.0925281047821045,-0.4635489465925636,1.813262939453125,6.827627658843994,23.947843551635746,0.0,3.216064453125,2.632786822965661,0.0681202633738762,2.6329227956426946,6.0,0.00144582128,1.8078425299999996,0.3746705876,1.1376000000000008,0.14539571,3.131671905517578,0.0608676113188266,3.0708043575286865,1.0237045288085938,2.7742482825041246,2.999698,31.0,0.9673101137526572,moderate,True,https://di-india-collab.flow-analytics.io/tools/replay/2025-06-01T09:06:49Z,1,0.5638905078901948,-0.5728951812771692,2.5239142163305748
10520824_10520834,2025-06-01 09:07:47.952697992,4,4,1,0.0765971560579525,6.959131240844727,0.8567371964454651,-0.3976974539213449,0.7194681763648987,8.122830390930176,1.5666813850402832,1.2210125720463714,3.48974609375,0.8026975703760418,0.0185712331196858,0.8068477573420105,7.92,0.05101926436,1.0441962954,0.4353737175999997,1.156800000000001,0.12637828018,1.0272915363311768,0.0078357821330428,1.0194557905197144,0.3403840661048889,1.6080639563209442,2.995016,31.0,0.9991502284263124,low,True,https://di-india-collab.flow-analytics.io/tools/replay/2025-06-01T09:07:47Z,1,1.3002370688488813,0.26254660849479405,1.877503696786335
10521406_10521424,2025-06-01 09:08:59.818226099,4,4,1,0.0872707054864898,6.899388790130615,0.9993932843208312,0.0468415347376162,0.897057056427002,6.903577327728272,1.5666813850402832,-1.0263597375667466,3.287353515625,0.2735104716059886,0.0069196971530266,0.2816649770591964,6.96,0.1095877146199999,0.3954636005000001,0.4508391901999997,1.1376000000000008,0.14121588132,1.7195528745651243,0.0451388731598854,1.674414038658142,0.5773945450782776,1.5981149421263534,2.899948,30.0,0.9992606632823487,low,True,https://di-india-collab.flow-analytics.io/tools/replay/2025-06-01T09:08:59Z,1,1.1491193035893004,0.13899582601712487,2.2760414167212364
10521485_10521640,2025-06-01 09:09:56.274208069,4,4,1,0.0943689631320794,6.161529064178467,0.9825955033302308,-0.1245925938122317,1.391015648841858,6.27066707611084,17.457305908203125,4.660433706919067,3.1796875,3.054772669170548,0.0832371666001557,3.055818618566993,4.8,0.00129985486,1.8065270399999995,0.3566313446,1.1376000000000008,0.1421360053,3.0805797576904297,0.3411416411399841,2.739438056945801,0.9439671635627748,3.106875852811282,2.902048,30.0,0.9985493737064584,moderate,True,https://di-india-collab.flow-analytics.io/tools/replay/2025-06-01T09:09:56Z,1,1.050052715394183,0.048840368046513406,2.678352365644354
10521640_10521990,2025-06-01 09:09:51.581051111,4,4,1,0.2173977109373875,7.22960090637207,1.7426722049713137,-1.1713189850225556,0.8609417676925659,4.148571968078613,2.461927890777588,0.0,3.3173828125,0.903352088976511,0.0312192884919502,0.903376750031715,4.08,0.0307917361399999,1.1176498503999996,0.4112414543999999,1.166400000000001,0.1542383164,1.2015595436096191,0.8952200412750244,0.3063395023345947,0.1026414632797241,1.3658874869437525,2.984559,31.0,0.993599726106742,low,True,https://di-india-collab.flow-analytics.io/tools/replay/2025-06-01T09:09:51Z,1,0.04503751821117773,-3.100259398552132,2.822668086281861
10522269_10522561,2025-06-01 09:11:07.208055019,4,4,1,0.4419991257332906,6.362242698669434,1.997272253036499,-0.94904714142836,1.1990725994110107,3.185465812683105,12.533451080322266,2.2347930459545995,3.187255859375,0.7510323046191846,0.0303416840724861,0.7522279081262248,3.12,0.06464422826,1.0281205355999996,0.3908651905999998,1.1616000000000009,0.1770928497999999,1.510995864868164,1.263573408126831,0.247422456741333,0.0836951807141304,1.901520553911888,2.956233,30.0,0.9902680818695118,low,True,https://di-india-collab.flow-analytics.io/tools/replay/2025-06-01T09:11:07Z,1,0.28567251350796646,-1.252909181906145,3.1382780823344913
10522421_10522442,2025-06-01 09:10:37.835362911,4,4,1,0.0960572726660098,7.47812557220459,1.1884413957595823,-0.6429321595020143,0.8619577884674072,6.292380809783936,1.342869758605957,-6.691588825788408,3.232421875,0.5302486913815837,0.0142429436106988,0.5308243929331177,6.24,0.10070701698,0.9352723136,0.4245937671999999,1.1472000000000009,0.14616428826,1.408097505569458,0.0588613748550415,1.3492361307144165,0.4657087922096252,1.2971028004051597,2.897167,30.0,0.9985052108741476,low,True,https://di-india-collab.flow-analytics.io/tools/replay/2025-06-01T09:10:37Z,1,1.676213220471053,0.5165372138195958,2.5143419763752903
10522986_10523003,2025-06-01 09:11:16.795829058,4,4,1,0.0503431735269371,5.1455912590026855,0.9150781631469728,-1.7163529580462218,0.5801773071289062,5.623116493225098,1.5666813850402832,-1.5709204858815682,3.12353515625,1.913911889782821,0.0554691594459758,1.914429811694921,4.8,0.00130964452,1.7951407239999997,0.3584134228,1.1520000000000008,0.1337152562,9.781220436096191,7.710198402404785,2.0710220336914062,0.6918646097183228,9.454330668818262,2.993392,26.0,0.9999837411917158,critical,True,https://di-india-collab.flow-analytics.io/tools/replay/2025-06-01T09:11:16Z,1,8.989805543451355e-06,-11.619419340031552,5.282198486090509
10522986_10523003,2025-06-01 09:11:18.278129101,4,4,1,0.1791049215354318,4.425875186920166,1.2218265533447266,3.2511754121454786,0.754521369934082,3.6223433017730713,0.8952465057373047,-0.8603510679174958,3.12353515625,1.5569316726528484,0.0585598782867437,1.5585311842519438,3.12,0.00130964452,1.7275700999999994,0.339339255,1.1520000000000008,0.1421942289999999,10.132540702819824,9.212048530578612,0.9204921722412108,0.315357893705368,9.454330668818262,2.918881,25.0,0.997068262427577,critical,True,https://di-india-collab.flow-analytics.io/tools/replay/2025-06-01T09:11:18Z,1,3.436440201803947e-08,-17.186244633425172,5.528339482297422
10522986_10523003,2025-06-01 09:11:20.291183949,4,4,1,0.2226658657545343,5.150936603546143,0.9014023542404176,1.260947543586786,0.3981094360351562,5.714358806610107,0.0,-2.590873292152044,3.12353515625,2.7978737544398045,0.0805277951657759,2.7984224672877533,4.08,0.00129985486,1.7983262619999991,0.3556027470000001,1.1472000000000009,0.1406800826,9.159330368041992,8.017664909362793,1.1416654586791992,0.3805910646915436,6.495293929081355,2.999717,31.0,0.99954714110857,serious,True,https://di-india-collab.flow-analytics.io/tools/replay/2025-06-01T09:11:20Z,1,0.00015879033063704288,-8.747925901200066,4.664553428579238
10522986_10523003,2025-06-01 09:11:22.894962072,4,4,1,0.0345291120363796,4.6582746505737305,0.4135680794715881,0.997843186619687,0.2122764587402343,11.263622283935549,3.3571743965148926,-38.50684769474345,3.12353515625,3.534211780493402,0.0679943794378361,3.534234427465339,4.8,0.00129985486,1.7949644339999995,0.3568402200000001,1.1376000000000008,0.1171194963999999,8.494393348693848,9.037391662597656,-0.5429983139038086,-0.183019608259201,6.427232614571727,2.966886,24.0,0.9875944684860888,serious,True,https://di-india-collab.flow-analytics.io/tools/replay/2025-06-01T09:11:22Z,1,3.2855663008770938e-12,-26.441482088932485,7.234756880964746
10523621_10523645,2025-06-01 09:12:11.041907072,4,4,1,0.2428007853287951,7.481932163238525,1.557578206062317,0.1234975908194414,2.0258939266204834,4.803567409515381,2.0143046379089355,-1.9033227289492292,3.2529296875,0.709318382777739,0.0224247472351927,0.7120201234866889,4.8,0.06419587612,1.0954995086000003,0.4153635037999997,1.1712000000000011,0.1374922159,2.7348861694335938,0.0645336210727691,2.6703524589538574,0.9115731716156006,3.19450128282548,2.929389,30.0,0.9990824393968308,moderate,True,https://di-india-collab.flow-analytics.io/tools/replay/2025-06-01T09:12:11Z,1,0.9282433799442227,-0.07446131770990182,2.1609907667664254
10524428_10524447,2025-06-01 09:13:40.935969114,4,4,1,0.0347117748288934,6.134737968444824,0.5629377961158752,0.401573935772029,0.7885774374008179,10.897719383239746,6.574466705322266,3.647947488987673,3.177490234375,2.647406730175092,0.0518407068324576,2.647416904719583,8.879999999999999,0.00130964452,1.8033415019999997,0.3576318436,1.1472000000000009,0.11068504886,1.4343833923339844,0.0075176488608121,1.4268656969070437,0.4913535714149475,1.8367359439872744,2.903949,30.0,0.9961204268270414,low,True,https://di-india-collab.flow-analytics.io/tools/replay/2025-06-01T09:13:40Z,1,0.05256874339431872,-2.945633567911483,3.8802334121228506
10524447_10524553,2025-06-01 09:13:41.837052107,4,4,1,0.472099500363516,7.499614238739014,1.982247829437256,0.3019652344111931,2.58027982711792,3.78338885307312,0.3776821196079254,4.907599142610239,3.21240234375,0.4333109049552379,0.0157392010552129,0.4545983858119299,3.84,0.13771897494,0.9444180586000004,0.4311344595999998,1.1376000000000008,0.1812669331999999,3.083456516265869,1.026011347770691,2.0574450492858887,0.6860491633415222,2.100914414976615,2.998976,31.0,0.999148337625369,moderate,True,https://di-india-collab.flow-analytics.io/tools/replay/2025-06-01T09:13:41Z,1,0.043833093893125306,-3.1273661785615987,3.5414541659993946
10525064_10525286,2025-06-01 09:14:14.162302971,4,4,1,0.2801096164657667,7.125428199768066,1.5214614868164062,0.6067313458996763,1.431541919708252,4.683278560638428,3.245268583297729,0.0,3.139892578125,0.1738116047213909,0.0055240049285345,0.2515770570322342,4.8,0.1293250725,0.5346777980799997,0.3959045513999999,1.1376000000000008,0.13917645722,8.011144638061523,1.1173704862594604,6.893774032592773,2.3752100467681885,6.115535871572551,2.902385,30.0,0.998797689860698,serious,True,https://di-india-collab.flow-analytics.io/tools/replay/2025-06-01T09:14:14Z,1,0.00012683403220750724,-8.972631159168369,5.041924050266958
10525634_10525663,2025-06-01 09:14:29.357198954,4,4,1,0.0535671301955152,7.41442060470581,0.8681992888450623,-0.1206221284496171,1.137251615524292,8.539998054504395,15.666813850402832,16.17634835691376,3.14306640625,6.150112591413897,0.1400873587599858,6.15022729717242,2.64,0.00140866756,1.931949387999999,0.3341305317999999,1.1424000000000007,0.1347614342,4.915015697479248,5.982527732849121,-1.067512035369873,-0.3566929399967193,2.307235680141753,2.992804,31.0,0.9963306119210824,moderate,True,https://di-india-collab.flow-analytics.io/tools/replay/2025-06-01T09:14:29Z,1,1.61523436998703e-05,-11.0334453980896,5.597151660938365
10526022_10526157,2025-06-01 09:15:34.830415010,4,4,1,0.7165666766521829,7.455994606018066,2.4519312381744385,-0.5807008314767096,2.77090835571289,3.0408661365509038,4.252420902252197,0.0362657230487043,3.239990234375,3.0368122738653582,0.1273711325639071,3.04951974958763,2.64,0.00147934522,1.9127134479999992,0.337306237,1.1472000000000009,0.2834785173999999,9.803140640258787,7.089447975158691,2.7136926651000977,0.9110918641090392,2.8252099717412538,2.978506,21.0,0.9946738834329518,moderate,True,https://di-india-collab.flow-analytics.io/tools/replay/2025-06-01T09:15:34Z,1,8.373919091842337e-15,-32.4136543891896,8.2098596113401
10526125_10526157,2025-06-01 09:15:23.336116076,4,4,1,0.0359988557014824,7.153046607971191,0.7217558026313782,-0.2819153417666999,0.671684741973877,9.910618782043455,1.1190581321716309,3.590175666356066,3.187255859375,0.099006677538952,0.0020049364414106,0.1107377618783343,9.84,0.1104255989799999,0.3668008414200001,0.4189158947999998,1.132800000000001,0.1149101407999999,1.0145113468170166,3.3667867183685303,-2.3522753715515137,-0.8124523162841797,0.1874705159887914,2.895278,30.0,0.9999275486610526,low,True,https://di-india-collab.flow-analytics.io/tools/replay/2025-06-01T09:15:23Z,1,0.10269523399787041,-2.275989570155911,2.2802244497580055
10527993_10528013,2025-06-01 09:17:54.886398077,4,4,1,0.0620519534895104,7.488813877105713,0.917269766330719,-0.2212580401270842,1.0747663974761963,8.164243698120117,2.0143046379089355,-6.874737871261264,3.2568359375,1.416860190978685,0.0328115620548605,1.4175694771884195,7.92,0.00154367736,1.5552184699999996,0.384075695,1.156800000000001,0.137863237,3.6193888187408447,1.6866108179092407,1.932778000831604,0.6674210429191589,2.2313112650817515,2.89589,30.0,0.9973362134829568,moderate,True,https://di-india-collab.flow-analytics.io/tools/replay/2025-06-01T09:17:54Z,1,3.650392685733872,1.2948347469401025,2.318030027434801
10527993_10528013,2025-06-01 09:17:57.166860104,4,4,1,0.0295131008914636,6.145533084869385,0.5228108763694763,0.1653242771568715,0.5505881309509277,11.75479221343994,0.6714348793029785,0.0213293344518366,3.2568359375,0.3387429758872176,0.0062499106334559,0.3394199764453421,11.76,0.0904391614399999,0.5045556867,0.4501036563999999,1.1232000000000009,0.10678981804,1.994234800338745,0.0117953028529882,1.9824395179748533,0.6623175144195557,1.6957497573077394,2.993186,31.0,0.9999281747674408,low,True,https://di-india-collab.flow-analytics.io/tools/replay/2025-06-01T09:17:57Z,1,0.0020765804504888044,-6.177032752331277,4.128465360627948
10528081_10528104,2025-06-01 09:18:03.058264017,4,4,1,0.1085983323503836,7.174053192138672,1.103571891784668,-0.565306229198665,1.4776086807250977,6.500757217407227,1.7904930114746094,2.3728473432617614,3.113037109375,2.1934826286482445,0.05836307389208,2.196983488830836,6.0,0.00145561094,1.8078425299999996,0.3482536126000001,1.1472000000000009,0.1418199175999999,4.084700107574463,1.980607509613037,2.104092597961426,0.7265753746032715,2.920799689437,2.895904,30.0,0.972925162637324,moderate,True,https://di-india-collab.flow-analytics.io/tools/replay/2025-06-01T09:18:03Z,1,2.8161755403558955,1.0353797731270507,1.9894455031566483
10528359_10528573,2025-06-01 09:18:45.553306103,4,4,1,3.7124929447871486,7.303841590881348,3.834638833999634,-1.9351465270588608,4.062256336212158,1.9047013521194456,8.952465057373047,-4.961910919178088,3.0322265625,1.674612443441716,0.0924373355419734,1.7352543818631867,1.92,0.00145514532,1.8422445939999992,0.3197441926000001,1.1472000000000009,0.3577554168,4.526022911071777,1.7445483207702637,2.7814745903015137,0.9273841381072998,2.671352457263436,2.999269,31.0,0.9808004769574492,moderate,True,https://di-india-collab.flow-analytics.io/tools/replay/2025-06-01T09:18:45Z,1,0.00020129867723289317,-8.510720796463351,5.395886507073767
10528506_10528573,2025-06-01 09:18:37.963781118,4,4,1,0.1696660553259006,7.41442060470581,1.0672560930252075,1.4950490661309048,0.8527507781982422,6.947180271148682,11.414392471313477,32.845227733316584,2.977294921875,5.28873728331367,0.1360943457840787,5.2893400037983245,3.36,0.00140866756,1.9051625019999991,0.3202564388,1.1424000000000007,0.1455655599,5.6186347007751465,4.789044380187988,0.8295903205871582,0.2775947749614715,2.016044006888853,2.988494,31.0,0.9990651413928386,moderate,True,https://di-india-collab.flow-analytics.io/tools/replay/2025-06-01T09:18:37Z,1,0.0007169060220200716,-7.240565797056934,4.589233361487614
10529277_10529311,2025-06-01 09:19:39.080641985,4,4,1,0.6733197011661259,7.360287189483643,2.6168465614318848,-1.160696249944859,2.423680543899536,2.812655210494995,7.833406925201416,21.95027409274574,3.1044921875,1.0844230087321876,0.0473057806017235,1.1239007270387729,2.64,0.00157590646,1.2048687356,0.3828456067999999,1.1520000000000008,0.2767354024,4.441059589385986,0.2843155860900879,4.156744003295898,1.3905720710754397,6.849686920988552,2.989233,31.0,0.9822016947462864,critical,True,https://di-india-collab.flow-analytics.io/tools/replay/2025-06-01T09:19:39Z,1,3.777771932507843e-05,-10.183791064968819,6.45534018063278
10531074_10531114,2025-06-01 09:22:58.960864067,4,4,1,0.1145015954592281,7.42271089553833,1.169233322143555,-0.7269531726798247,2.580186605453491,6.348357200622559,12.533451080322266,0.0,3.117431640625,3.5330384482728427,0.0956625086493827,3.536070064903445,4.8,0.00144582128,1.8616149439999992,0.3358192524000001,1.1424000000000007,0.1462054266,3.167048931121826,0.0460918247699737,3.120957136154175,1.0759294033050537,3.313445473816248,2.900708,30.0,0.9656228351076216,moderate,True,https://di-india-collab.flow-analytics.io/tools/replay/2025-06-01T09:22:58Z,1,0.030113269066658954,-3.5027893715861627,3.857165504207371
10531269_10531305,2025-06-01 09:23:42.533655882,6,4,1,0.0397958595079109,7.498847007751465,0.6521220207214355,0.5245866057899679,0.620955228805542,11.499147415161133,17.765047073364258,1.5054127570250675,3.414794921875,5.373182430662674,0.1024068519294072,5.373642754461772,5.52,0.0014659861,1.8616149439999992,0.3825214362000001,1.1424000000000007,0.12779928474,1.75011944770813,1.7873376607894895,-0.0372182130813598,-0.0128172263503074,1.8452003506373076,2.903765,30.0,0.9859257912751244,low,True,https://di-india-collab.flow-analytics.io/tools/replay/2025-06-01T09:23:42Z,1,2.8145044574789534e-05,-10.478139255294359,5.447480496197102
10531305_10531344,2025-06-01 09:23:42.729331017,4,4,1,0.0614244271385316,5.780211925506592,0.7932337522506714,0.0919265605510253,0.9039433002471924,7.286896228790283,16.330244064331055,-5.206835793757791,3.187744140625,4.320771147424466,0.1079138888924718,4.322265856950136,3.12,0.0013310072,1.8616069539999995,0.3493054786,1.1424000000000007,0.13063366352,2.378981590270996,0.729672372341156,1.649309158325195,0.5685757398605347,1.962398195645065,2.900773,30.0,0.930422284951959,low,True,https://di-india-collab.flow-analytics.io/tools/replay/2025-06-01T09:23:42Z,1,0.1597248407901845,-1.83430268926878,3.50657793622298
10531364_10531927,2025-06-01 09:24:05.984817028,4,4,1,0.1848230843334828,7.284267902374268,1.4174163341522217,-0.3445119316517741,2.1711411476135254,5.139116764068604,22.157350540161133,-6.903009273727237,3.19677734375,4.452986276577129,0.136976135712685,4.456486298575878,3.12,0.00140866756,1.909839819999999,0.3340019466,1.1472000000000009,0.1516027374,3.55043888092041,2.288175344467163,1.262263536453247,0.421624481678009,2.884693591442154,2.99381,31.0,0.9362054896296482,moderate,True,https://di-india-collab.flow-analytics.io/tools/replay/2025-06-01T09:24:05Z,1,0.0033287941993797882,-5.7051451428530005,4.282644871804263
10531785_10531834,2025-06-01 09:23:25.140010118,4,4,1,1.5206342640915198,7.436614513397217,2.9413769245147705,-0.6894365721519311,4.106822490692139,2.5282766819000244,1.342869758605957,-8.556230473390194,2.985595703125,0.6092642414807398,0.0282070974703426,0.6921809969008856,2.4,0.11643532448,0.974489747,0.3810871212,1.1616000000000009,0.2887771326,4.731803894042969,0.0204765144735574,4.71132755279541,1.6224702596664429,3.848793046967431,2.903799,30.0,0.9928413470792008,moderate,True,https://di-india-collab.flow-analytics.io/tools/replay/2025-06-01T09:23:25Z,1,0.012553927315287493,-4.377721728868773,5.155082811055215
10531831_10531866,2025-06-01 09:23:28.245326996,4,4,1,0.0793113708894349,7.419667720794678,0.9505562782287598,0.0162508174385036,1.0717918872833252,7.805605888366699,12.197733879089355,13.952922125594162,3.094970703125,4.526371299534191,0.1085446976693996,4.527981799950097,4.8,0.00147697362,1.8616069539999995,0.340077647,1.1424000000000007,0.1421360053,3.3987667560577397,2.073119878768921,1.3256468772888184,0.4432137012481689,1.2351001860485082,2.990988,31.0,0.9925189647913448,low,True,https://di-india-collab.flow-analytics.io/tools/replay/2025-06-01T09:23:28Z,1,0.07095151307600285,-2.6457585496555893,3.556915974407831
10531834_10532222,2025-06-01 09:24:27.399503946,4,4,1,0.0804367868248156,7.449770927429199,1.1233701705932615,-0.6931475436786148,1.682119607925415,6.631626129150391,3.804797649383545,0.0,3.012451171875,0.7179013199693315,0.0187289830164767,0.7250584651130088,6.48,0.0603860672,0.9698137877999996,0.3717803553999999,1.171200000000001,0.1428050597,3.492253303527832,0.0939751714468002,3.39827823638916,1.1414223909378052,3.3758898818802656,2.977231,31.0,0.9975301108346252,moderate,True,https://di-india-collab.flow-analytics.io/tools/replay/2025-06-01T09:24:27Z,1,1.116049117651936,0.10979487522352689,3.8429588519844318
10531866_10531896,2025-06-01 09:23:29.248903036,4,4,1,0.0297223498015783,6.865622997283936,0.6258136034011841,-0.172368327703322,0.4651272296905517,10.970715522766112,6.826254844665527,1.2224123368772166,3.0048828125,3.893164322270607,0.07613727910589,3.8931650374456335,7.439999999999999,0.00144582128,1.8078425299999996,0.3574013367999999,1.1424000000000007,0.1267238071399999,3.513875961303711,1.7658514976501465,1.7480244636535645,0.5833830833435059,1.4412700789050308,2.996358,31.0,0.9586637704288132,low,True,https://di-india-collab.flow-analytics.io/tools/replay/2025-06-01T09:23:29Z,1,0.045009168024768294,-3.1008890760790067,3.631659504244688
10532085_10532097,2025-06-01 09:24:25.178101063,4,4,1,0.0246779237839209,3.59375,0.2998046875,0.6636054149877268,1.3406927585601809,11.986970901489258,0.7833406925201416,2.6702932056086426,3.197265625,2.72965305761286,0.0505116902650812,2.7296914031727426,5.04,0.0012958163,1.7817753739999995,0.3843939786000001,1.1616000000000009,0.11068504886,1.9369471073150637,4.596224784851074,-2.6592776775360107,-1.271755576133728,0.0524448486598132,2.091029,22.0,0.6639424429863853,low,True,https://di-india-collab.flow-analytics.io/tools/replay/2025-06-01T09:24:25Z,1,3.083499576635929e-19,-42.62305158873731,8.99679819584342
10532097_10532125,2025-06-01 09:24:25.973253012,4,4,1,0.0343502846750653,7.006275177001953,0.6486647129058838,-0.2659295661553475,0.4356468915939331,10.80107307434082,2.126210451126098,1.5296344817106788,3.1875,0.5708198401515739,0.0111170820005494,0.572667341137904,10.8,0.0848707049199999,0.9448860986,0.4097534561999999,1.1472000000000009,0.1173277048799999,1.3590816259384155,2.782678365707397,-1.423596739768982,-0.4925400018692016,1.2205046865539533,2.890317,30.0,0.9991052507481408,low,True,https://di-india-collab.flow-analytics.io/tools/replay/2025-06-01T09:24:25Z,1,0.5269830239928185,-0.640586943496956,3.0851184721454326
10532125_10532148,2025-06-01 09:24:27.789649010,4,4,1,0.0409318975795732,6.577234268188477,0.6231138706207275,-0.4621295765560624,0.2150502204895019,10.555429458618164,1.0071523189544678,4.003018722495308,3.0830078125,0.0926042957726384,0.0018052960891961,0.0926973454396752,10.56,0.0995409459799999,0.3828839258800001,0.4064371867999999,1.1376000000000008,0.1151563877599999,1.5326473712921145,4.422227382659912,-2.889580011367798,-0.9643956422805786,0.5215882598496736,2.99626,31.0,0.9997680523079164,low,True,https://di-india-collab.flow-analytics.io/tools/replay/2025-06-01T09:24:27Z,1,0.017804167204932265,-4.0283227364475405,2.702430156731451
10532335_10532354,2025-06-01 09:24:13.890887022,4,4,1,0.270474554779949,7.469011306762695,1.5951427221298218,0.3616286688112732,2.1639997959136963,4.682346820831299,2.461927890777588,-4.925539774348628,3.37255859375,0.3650717083081942,0.0116643639881507,0.4059482221237219,4.56,0.1186701108799999,0.6033760244000002,0.4315830813999999,1.1136000000000008,0.14871075842,2.629726886749268,0.0448837541043758,2.584843158721924,0.8662357926368713,3.1620130435183085,2.983995,31.0,0.9989468906423026,moderate,True,https://di-india-collab.flow-analytics.io/tools/replay/2025-06-01T09:24:13Z,1,0.2957233943773108,-1.218330740010301,2.489047910607292
10532541_10532561,2025-06-01 09:24:44.163813114,4,4,1,0.2461340426723562,7.428040027618408,1.491680383682251,0.3375058964654154,1.9052914381027224,4.979645729064941,0.4476232528686523,2.4468053442834994,3.29833984375,0.3790928049885447,0.0116790903311633,0.39459552384867,5.04,0.1194504888799999,0.5993206858000001,0.4315830813999999,1.1136000000000008,0.14446113382,2.6329987049102783,0.0612156949937343,2.5717830657958984,0.859977662563324,2.173418776763425,2.990523,31.0,0.998142384533754,moderate,True,https://di-india-collab.flow-analytics.io/tools/replay/2025-06-01T09:24:44Z,1,0.6774173253008436,-0.3894677627506801,2.0899169843373047
10532820_10533119,2025-06-01 09:25:56.341121912,4,4,1,0.1708388322883247,7.057997226715088,1.3146744966506958,0.1868996704244606,1.4711947441101074,5.368627071380615,18.07278823852539,2.9893494634896225,3.247802734375,3.619757291726457,0.1083263847929709,3.624154888691509,3.84,0.00147697362,1.8616069539999995,0.3559547692,1.1472000000000009,0.1469885115,4.473820209503174,0.1867064535617828,4.287113666534424,1.436697006225586,3.4693719651577686,2.984007,31.0,0.9999999559973765,moderate,True,https://di-india-collab.flow-analytics.io/tools/replay/2025-06-01T09:25:56Z,1,0.24236620246614202,-1.4173054632781135,3.211364883233284
10533172_10533209,2025-06-01 09:25:45.621391058,4,4,1,0.446504417614178,7.396384239196777,1.9535068273544312,-0.2549981102327314,2.842782020568848,3.7862086296081534,0.4755997061729431,-3.9057283658925503,3.275390625,0.3027765941703712,0.0109653571136068,0.3248039147051837,3.84,0.1533180491399999,0.4001435152000002,0.4286507912,1.1232000000000009,0.1789234431999999,3.564946174621582,0.0750000029802322,3.489946126937866,1.198950171470642,2.9251992024765827,2.910835,30.0,0.99951824972073,moderate,True,https://di-india-collab.flow-analytics.io/tools/replay/2025-06-01T09:25:45Z,1,0.49263120754491757,-0.7079944425924554,1.7442929959716573
10533823_10533839,2025-06-01 09:26:37.570185900,4,4,1,0.0966318424531549,7.018703937530518,0.996261179447174,-0.2872910643647956,0.819603443145752,7.0450439453125,3.804797649383545,-0.8403327156995694,3.15478515625,0.4531429811347313,0.0113666567717188,0.456539626073993,6.96,0.1000886350599999,0.9594380564000002,0.4110097471999998,1.132800000000001,0.15078197246,1.1871737241744995,0.0274073220789432,1.159766435623169,0.3973405659198761,1.408274905339948,2.918822,30.0,0.9998587291355688,low,True,https://di-india-collab.flow-analytics.io/tools/replay/2025-06-01T09:26:37Z,1,1.2646148948550566,0.23476764488635743,3.208913520921271
10534850_10534855,2025-06-01 09:28:12.719579935,4,4,1,0.0396897818439684,7.022025108337402,0.6200973987579346,-0.4812919091884755,0.4257948994636535,11.324068069458008,2.0143046379089355,5.437187215083075,3.2822265625,0.2507952383927194,0.004721408524834,0.2514679103271757,11.28,0.1035442508199999,0.5189810881799999,0.4521645607999999,1.1376000000000008,0.1115969630799999,1.3924691677093506,0.1179666295647621,1.274502515792847,0.4395780563354492,1.2076723189174587,2.899377,30.0,0.9997940651809212,low,True,https://di-india-collab.flow-analytics.io/tools/replay/2025-06-01T09:28:12Z,1,0.08978101256743609,-2.410381767373438,3.192368950196869
10534940_10534966,2025-06-01 09:28:21.109626055,4,4,1,0.372575326758243,7.490880012512207,1.846874713897705,0.1094313508753229,2.429715871810913,4.055976390838623,1.230963945388794,-3.511911720371796,3.117431640625,0.6301611268200982,0.0220173695536556,0.6376939809040458,4.08,0.09997259666,0.9855375188,0.3850998487999999,1.1664000000000008,0.1762207061999999,2.9429023265838623,0.009316673502326,2.9335856437683105,1.012806415557861,3.589365521848808,2.896492,30.0,0.9992420406958205,moderate,True,https://di-india-collab.flow-analytics.io/tools/replay/2025-06-01T09:28:21Z,1,2.880689311999105,1.0580296099536763,2.09208016335679
10535364_10535384,2025-06-01 09:29:13.535923004,4,4,1,0.1852865513617129,6.433392524719238,1.3864638805389404,0.2817194341722931,1.4299097061157229,4.640144348144531,1.9023988246917725,-0.4238593444433247,2.948486328125,0.8502077136996121,0.0274739737215493,0.8502086365398627,4.56,0.0423994146999999,1.0105447434,0.3711923771999998,1.156800000000001,0.1481687109999999,6.094409465789795,4.7731218338012695,1.3212876319885254,0.4494953751564026,3.112660151870738,2.939491,30.0,0.9885018489573548,moderate,True,https://di-india-collab.flow-analytics.io/tools/replay/2025-06-01T09:29:13Z,1,0.40165290651000934,-0.9121669799637271,3.424724841616116
10535364_10535384,2025-06-01 09:29:22.273267031,4,4,1,0.0515139906534249,6.872105121612549,0.5896081924438477,-0.939609894456664,0.7008190155029297,11.655375480651855,0.2238116264343261,0.6037026082626974,2.948486328125,1.9488371446286623,0.0365844771087514,1.9494886461442424,10.8,0.00154367736,1.8033415019999997,0.3576318436,1.1520000000000008,0.1257259316,6.745636940002441,5.462175369262695,1.283461570739746,0.4280024468898773,2.735423003748465,2.998725,31.0,0.9960590148678512,moderate,True,https://di-india-collab.flow-analytics.io/tools/replay/2025-06-01T09:29:22Z,1,0.0034784585505942345,-5.661166028556513,4.009402453891703
10535384_10535401,2025-06-01 09:29:23.291073084,4,4,1,0.0590348314836117,7.309532165527344,0.8546199202537537,-0.1161111809940995,0.6823115348815918,8.552962303161621,1.342869758605957,0.5305154039942366,2.937255859375,0.1986468925355216,0.0044133605703186,0.2140807473974483,8.64,0.1154422304599999,0.59570036266,0.4009074591999998,1.1328000000000007,0.1149450947999999,6.594497203826904,5.177368640899658,1.417128562927246,0.4754194915294647,4.24483774006349,2.980796,31.0,0.999139217089972,serious,True,https://di-india-collab.flow-analytics.io/tools/replay/2025-06-01T09:29:23Z,1,0.04082566355126626,-3.1984443867055523,3.2422008110447598
10535856_10535901,2025-06-01 09:29:44.759072065,4,4,1,0.4687990960233439,7.4890055656433105,2.0469765663146973,-0.3866719209695834,2.5597915649414062,3.6585693359375,6.266725540161133,6.894159220385832,3.145263671875,1.4363698926015744,0.0536755075286879,1.445093416672485,3.6,0.00145561094,1.5703074199999996,0.3395817830000001,1.1520000000000008,0.1767671723999999,3.022047519683838,0.0389195382595062,2.983128070831299,1.0284159183502195,2.2743413174152685,2.900702,30.0,0.9792745822507564,moderate,True,https://di-india-collab.flow-analytics.io/tools/replay/2025-06-01T09:29:44Z,1,0.22680701053022556,-1.4836557969791668,3.200961727946668
10537091_10537243,2025-06-01 09:31:59.754494905,4,4,1,0.2687897474438843,6.997678756713867,1.603624701499939,-0.0044924866799258,1.548208236694336,4.363663673400879,9.176277160644531,5.778917612388626,3.262451171875,1.054243980703186,0.0353910047076368,1.0580644651290272,4.32,0.00154367736,1.2041838846,0.3974419729999999,1.156800000000001,0.1484712586,1.8550773859024048,0.0476095452904701,1.8074678182601929,0.6026133894920349,1.6245275368905607,2.999382,31.0,0.9864237661513297,low,True,https://di-india-collab.flow-analytics.io/tools/replay/2025-06-01T09:31:59Z,1,0.19828683841918732,-1.6180406177257396,2.2146191436304647
10537153_10537182,2025-06-01 09:31:37.317986965,4,4,1,0.4206938657324571,6.0118088722229,1.7493189573287964,-0.0505078377062724,2.035349130630493,3.4366567134857178,0.6714348793029785,1.0814316477997965,3.23828125,0.074364073836728,0.0028253229651592,0.1525416182964505,3.36,0.14869547302,0.5555609954600002,0.4322566943999999,1.1472000000000009,0.15951223382,2.3426084518432617,0.0702958852052688,2.272312641143799,0.7678747773170471,2.258795862316072,2.959223,31.0,0.998786623549913,moderate,True,https://di-india-collab.flow-analytics.io/tools/replay/2025-06-01T09:31:37Z,1,0.24207450101447983,-1.4185097447714758,2.6988176436786437
10537208_10537243,2025-06-01 09:31:37.417426109,4,4,1,0.1781747571661079,6.921010971069336,1.425540328025818,-0.7242747093459556,1.5225989818572998,4.855009078979492,4.476232528686523,4.114529392916936,3.194580078125,1.923866234004607,0.0608607583881942,1.9275385443844928,4.56,0.00145561094,1.8078425299999996,0.3627519048000001,1.1472000000000009,0.1500081265999999,3.784841775894165,1.5061931610107422,2.278648614883423,0.7703118324279785,3.273064652501714,2.958086,31.0,0.9560500295302634,moderate,True,https://di-india-collab.flow-analytics.io/tools/replay/2025-06-01T09:31:37Z,1,3.0670290428059195,1.1207093545381825,2.0699517309230306
10537291_10537330,2025-06-01 09:31:46.755983114,4,4,1,0.0563996255272612,7.402705669403076,0.8057550191879272,0.039809055930743,1.047525405883789,9.187291145324709,6.490537166595459,19.37558134578513,3.04443359375,1.020427312327823,0.0219748713920106,1.024152720030227,9.12,0.00154367736,1.2071049006,0.4032847863999999,1.156800000000001,0.12614498838,2.112043857574463,0.0227372273802757,2.089306592941284,0.7193390727043152,1.9951509760560535,2.904481,30.0,0.971695949460675,low,True,https://di-india-collab.flow-analytics.io/tools/replay/2025-06-01T09:31:46Z,1,0.41730407253755064,-0.873940132176199,2.613317930299288
10537604_10537835,2025-06-01 09:32:25.077286959,4,4,1,0.0944831858499506,7.460267066955566,1.1064597368240356,-0.1821184720929833,1.4014253616333008,6.742465972900391,13.42869758605957,0.0,3.095458984375,3.216565249932968,0.08396739122362,3.2167891376747413,5.52,0.00144582128,1.8065270399999995,0.3456906288,1.1424000000000007,0.1462054266,2.913115978240967,0.7502309679985046,2.1628849506378174,0.7502577304840088,3.980930468500937,2.882856,30.0,0.9985661989128228,moderate,True,https://di-india-collab.flow-analytics.io/tools/replay/2025-06-01T09:32:25Z,1,0.662727882951898,-0.41139080600032946,2.875403912345851
10538203_10538433,2025-06-01 09:33:21.141412973,4,4,1,0.1060241333886718,5.682734489440918,1.243600845336914,-1.2307138510584577,0.52405846118927,4.569580554962158,0.0,4.915210844823559,3.2626953125,0.1077232986963881,0.003462518042673,0.1081749393922281,4.56,0.1135725607199999,0.39255187506,0.4314484037999998,1.142400000000001,0.14057894812,0.8829536437988281,4.725028038024902,-3.842074394226074,-1.3316755294799805,0.0,2.885143,30.0,0.9999986725419892,none,True,https://di-india-collab.flow-analytics.io/tools/replay/2025-06-01T09:33:21Z,1,0.004703185716829173,-5.359515187785677,4.603283156393332
10538203_10538433,2025-06-01 09:33:27.628144026,4,4,1,0.0540639564230975,5.429898738861084,0.7908177971839905,0.2820652802141787,1.1270341873168943,6.86618185043335,8.728652954101562,2.795026884765244,3.2626953125,2.0225202927582004,0.0520588235242662,2.0238609312778464,6.0,0.00130964452,1.7951407239999997,0.3817305994,1.1520000000000008,0.1242588888199999,1.4796638488769531,0.0018158324528485,1.4778480529785156,0.493893414735794,1.6532264025279824,2.992241,31.0,0.9939677321437552,low,True,https://di-india-collab.flow-analytics.io/tools/replay/2025-06-01T09:33:27Z,1,0.3107691623148837,-1.1687048857623914,3.0699788826519194
10538410_10538433,2025-06-01 09:33:09.840866089,4,4,1,0.0330395394723286,6.75914478302002,0.5793723464012146,0.1841457281824609,0.7550511360168457,11.666322708129885,8.952465057373047,-2.3138095096168065,3.23046875,2.9964541798149926,0.0563889191505284,2.9964669310044982,9.36,0.00145561094,1.8033415019999997,0.3842984472,1.1520000000000008,0.11068504886,1.7492883205413818,0.6334083676338196,1.115880012512207,0.3724680542945862,0.9339141595620006,2.995908,31.0,0.9640877733168908,low,True,https://di-india-collab.flow-analytics.io/tools/replay/2025-06-01T09:33:09Z,1,0.03974848010502544,-3.225183674964385,3.682142659089291
10538410_10538544,2025-06-01 09:33:24.439815998,4,4,1,0.0356261798185209,6.126474857330322,0.6677435040473938,-0.5590528804539472,0.5652660727500916,9.17489242553711,1.1190581321716309,-4.992509092103085,3.13037109375,1.1416100016929642,0.0246236673640281,1.1417234953545066,8.879999999999999,0.0014075006,1.262466342,0.3947264793999999,1.1520000000000008,0.12306269876,0.9373942017555236,3.6337740421295166,-2.6963798999786377,-0.933674156665802,0.8381661519344039,2.887924,30.0,0.9882694906020444,low,True,https://di-india-collab.flow-analytics.io/tools/replay/2025-06-01T09:33:24Z,1,0.13576027718920103,-1.9968646162992565,2.503629000385174
10538544_10538598,2025-06-01 09:33:23.121304989,4,4,1,0.1738046257567967,7.499430179595947,1.4099470376968384,-0.3966660594752785,1.4645360708236694,5.318944454193115,5.147667407989502,-8.161378553493632,3.082275390625,0.0511771962051101,0.0014948257973087,0.0748074106064411,5.279999999999999,0.14196487854,0.51321520794,0.3903178727999999,1.1376000000000008,0.14296855522,2.4162516593933105,0.9228885173797609,1.4933631420135498,0.5134955048561096,1.6372342357429552,2.90823,30.0,0.995585621966127,low,True,https://di-india-collab.flow-analytics.io/tools/replay/2025-06-01T09:33:23Z,1,1.506643403899173,0.40988426516690435,2.8358490093539777
10539050_10539631,2025-06-01 09:34:51.581899881,4,4,1,0.7516834218617467,7.398152828216553,2.61365270614624,-1.7175703701091225,1.965680480003357,2.830579996109009,1.230963945388794,5.392209119242953,3.26708984375,0.1926035973138736,0.0082695488670988,0.234761527788966,2.88,0.1833869738399999,0.4793499621999999,0.425471222,1.1424000000000007,0.2846400815999999,2.2682547569274902,4.127882957458496,-1.8596282005310056,-0.6265161037445068,2.8961643351968216,2.968205,31.0,0.999461711782322,moderate,True,https://di-india-collab.flow-analytics.io/tools/replay/2025-06-01T09:34:51Z,1,0.0004245810333656248,-7.764407679109631,4.771417962775139
10539050_10539631,2025-06-01 09:34:55.972589016,4,4,1,0.2047829440552943,6.902802467346191,1.38273823261261,-0.4723246737095095,1.3895864486694336,4.992125034332275,0.2238116264343261,-1.522178154741389,3.26708984375,0.0575134487673977,0.0017460319915359,0.0880569606579313,5.04,0.13718699154,0.51321520794,0.4375334693999999,1.132800000000001,0.13919680902,6.211504936218262,4.73215913772583,1.4793457984924316,0.5190353989601135,2.127285978170651,2.850183,30.0,0.9999999344852076,moderate,True,https://di-india-collab.flow-analytics.io/tools/replay/2025-06-01T09:34:55Z,1,0.21217672613577016,-1.5503357377252005,3.8804121453719653
10539501_10539513,2025-06-01 09:34:40.831201077,4,4,1,1.9484505807861423,4.586937427520752,2.8784549236297607,3.2327137983476533,2.106486797332764,1.5935415029525757,6.000949382781982,-24.41399725277333,3.01318359375,0.3762121937305327,0.0228557172630612,0.4693727633934727,1.68,0.14752984568,0.9616746012,0.4111144390000001,1.0992000000000006,0.2820215422,8.51201343536377,5.320473670959473,3.191539764404297,1.0954509973526,10.488142614779182,2.913448,20.0,0.9995036111387292,critical,True,https://di-india-collab.flow-analytics.io/tools/replay/2025-06-01T09:34:40Z,1,6.986409249958744e-18,-39.5025649477813,9.328106606057093
10539554_10539606,2025-06-01 09:34:51.070537090,4,4,1,0.3130872637713705,7.397562980651855,1.7798800468444824,-0.3897885689704909,2.4865944385528564,4.156214237213135,2.90955114364624,0.0,3.067626953125,0.3584969100547188,0.0122960432466636,0.3775485521634573,4.08,0.1411330761399999,0.5908704696,0.3913443437999999,1.1136000000000008,0.1762466115999999,3.2968764305114746,0.8903583288192749,2.40651798248291,0.8038696646690369,3.080086451973288,2.993667,31.0,0.9978186749103606,moderate,True,https://di-india-collab.flow-analytics.io/tools/replay/2025-06-01T09:34:51Z,1,0.6099141121626465,-0.4944371314613596,2.8432873179690605
10539606_10539632,2025-06-01 09:34:53.079509020,4,4,1,0.7778589098995006,7.286177158355713,2.434123992919922,-0.4994962592313701,3.14274263381958,2.993346691131592,3.1333627700805664,2.230556106697465,2.92578125,0.1280309343139384,0.0053017478176734,0.3021584138018501,2.88,0.18561060274,0.54491899928,0.3928455438,1.1376000000000008,0.2790166347999999,3.646836280822754,2.2370641231536865,1.4097721576690674,0.4709493219852447,2.109585831716204,2.993469,31.0,0.9999460472364168,moderate,True,https://di-india-collab.flow-analytics.io/tools/replay/2025-06-01T09:34:53Z,1,1.0860032379113159e-05,-11.430421261960797,5.417080247228918
10540385_10540643,2025-06-01 09:36:53.823241949,4,4,1,0.028974663444637,5.716646194458008,0.5272475481033325,0.2844872913690289,0.6359003186225891,10.842432975769045,14.771567344665527,-4.660029029168946,3.017822265625,2.383032716674585,0.0467710268785364,2.383465850809509,8.879999999999999,0.00136905204,1.8033415019999997,0.3554721866000001,1.1520000000000008,0.11351666906,1.2766470909118652,0.2915865778923034,0.9850605130195618,0.3292219042778015,1.9173215860603356,2.992087,31.0,0.975735223656272,low,True,https://di-india-collab.flow-analytics.io/tools/replay/2025-06-01T09:36:53Z,1,0.044774384638099275,-3.1061190745558385,3.9854097505385475
10540442_10540480,2025-06-01 09:36:29.051431894,7,6,1,0.2642154296050496,7.454989910125732,0.9059864282608032,1.5136781918302724,0.2006325721740722,8.228589057922363,6.714348793029785,3.2641458287603093,4.2626953125,5.254273896795942,0.1222263675799183,5.254853277217918,4.08,0.00141674468,1.8601406959999995,0.3526092963999999,1.1424000000000007,0.1387815668,7.715456008911133,9.10076904296875,-1.3853130340576172,-0.4799251556396484,1.5646568536272902,2.886519,30.0,0.9981826484454146,low,True,https://di-india-collab.flow-analytics.io/tools/replay/2025-06-01T09:36:29Z,1,6.548287891501307e-13,-28.0544025840544,6.866187915673861
10540479_10540480,2025-06-01 09:36:09.858042002,4,6,1,0.0572891956045155,7.483188152313232,0.7913898229598999,0.5607910591877227,0.8389645218849182,9.455755233764648,7.385783672332764,-11.283565802424349,3.470703125,0.6812397445337424,0.0143800587401898,0.6813799017850763,9.36,0.0852223050799999,1.1661545194,0.4393449327999997,1.1616000000000009,0.1209499300999999,1.3063465356826782,0.0291073899716138,1.277239203453064,0.4273388087749481,1.0227639372259425,2.988821,31.0,0.9996735165586113,low,True,https://di-india-collab.flow-analytics.io/tools/replay/2025-06-01T09:36:09Z,1,0.05701469532609094,-2.8644462316371424,3.739697383192208
10541520_10541681,2025-06-01 09:37:56.984652996,4,4,1,0.1938369961328964,6.360289573669434,1.311315655708313,-0.1040527088414003,1.1299446821212769,4.850311756134033,10.295334815979004,-2.511548640141978,3.28076171875,1.5292745176330689,0.0483282052651658,1.529333067499574,4.56,0.00136905204,1.7406244859999995,0.3755715998,1.1472000000000009,0.1438183864999999,1.4673538208007812,0.0335194207727909,1.433834433555603,0.4818293154239654,2.2176519462485627,2.975814,31.0,0.9731030787000936,moderate,True,https://di-india-collab.flow-analytics.io/tools/replay/2025-06-01T09:37:56Z,1,1.6084362871650721,0.4752624568192338,2.3158629090827514
10541533_10541559,2025-06-01 09:37:30.002173901,4,4,1,0.4124831109235858,7.405513286590576,1.9376041889190676,0.2908131018851942,3.136167526245117,3.8219947814941406,2.685739517211914,0.0,3.20751953125,0.3821305783162576,0.013784306194322,0.3860225425027822,3.84,0.1402684629999999,0.6052577610000001,0.4264194584,1.1136000000000008,0.1804890625999999,4.488351821899414,0.0609620474278926,4.427389621734619,1.487661600112915,4.015935094958463,2.976073,31.0,0.9986224782020332,serious,True,https://di-india-collab.flow-analytics.io/tools/replay/2025-06-01T09:37:30Z,1,0.04497004943062194,-3.101758579009066,2.1679875498319556
10542486_10542504,2025-06-01 09:38:45.337541103,4,4,1,0.0550272658860088,5.945143222808838,0.7287725210189819,0.0250781190638177,0.7479487061500549,8.15774917602539,2.2381162643432617,4.193777663806949,2.943603515625,0.058517917264372,0.001325886919637,0.058559886047586,8.16,0.1018890673799999,0.47978893346,0.4069779333999998,1.1376000000000008,0.1163792927399999,1.3459172248840332,0.1298630982637405,1.216054081916809,0.4199559092521667,1.0149988142997386,2.895671,30.0,0.998821817531899,low,True,https://di-india-collab.flow-analytics.io/tools/replay/2025-06-01T09:38:45Z,1,1.4074360272934723,0.34176962869750366,2.874420924461595
10542569_10542612,2025-06-01 09:38:52.116889954,6,4,1,0.1402635984787126,7.352205753326416,1.3961650133132937,-0.1119937496880783,2.011531114578247,5.266000747680664,1.7904930114746094,-9.752898124205768,3.3603515625,0.2728638424550955,0.0081121788550042,0.2744746402220064,5.279999999999999,0.13147430748,0.3991980404000001,0.4360660701999998,1.1424000000000007,0.14723779932,5.364997386932373,0.1290096491575241,5.235987663269043,1.7972869873046875,4.393231840848375,2.913273,30.0,0.9988040511142504,serious,True,https://di-india-collab.flow-analytics.io/tools/replay/2025-06-01T09:38:52Z,1,0.29596096402713035,-1.2175277116415044,3.1000834839052187
10543610_10543664,2025-06-01 09:40:18.571733952,4,4,1,0.1609888231672938,7.375202655792236,1.2965083122253418,0.0224445819816305,1.388925552368164,5.688511848449707,3.3571743965148926,0.0,3.232421875,1.063633084263258,0.0304889666965397,1.065664591571155,5.52,0.00154367736,1.2041838846,0.4004908901999999,1.156800000000001,0.1470929091999999,1.86841881275177,0.151028037071228,1.717390775680542,0.5738131999969482,1.3212477590810057,2.992944,31.0,0.9992304349133588,low,True,https://di-india-collab.flow-analytics.io/tools/replay/2025-06-01T09:40:18Z,1,0.7642489110995535,-0.2688617430083436,2.08738341218227
10543610_10543664,2025-06-01 09:40:20.674498081,4,4,1,0.068252125074943,5.941939353942871,0.8615474700927734,-0.2613412912660767,0.4319761991500854,6.896821975708008,1.5666813850402832,1.2669295646422805,3.232421875,0.2455201461796033,0.0062104842031836,0.2538845412143855,6.96,0.0991261312599999,0.4849663970999999,0.4437563015999998,1.1424000000000007,0.1172651747399999,0.7466396689414978,0.0208177138119936,0.7258219718933105,0.2493195980787277,1.3212477590810057,2.911211,30.0,0.9994532413226244,low,True,https://di-india-collab.flow-analytics.io/tools/replay/2025-06-01T09:40:20Z,1,1.0753018819555062,0.07260144258067795,1.6908233473338523
10543823_10543969,2025-06-01 09:40:56.876912117,4,4,1,0.0437979035836836,5.125380992889404,0.6633269190788269,-0.2094816419803033,0.686785101890564,7.726779937744141,2.0143046379089355,2.3561890690479044,3.29541015625,1.6143348513689897,0.0386674005425717,1.6143348602609595,6.96,0.0014075006,1.7513989559999994,0.3844315204,1.1472000000000009,0.1257259316,1.0372411012649536,3.554267644882202,-2.517026424407959,-0.841448962688446,0.0,2.9913,31.0,0.8989142199645563,none,True,https://di-india-collab.flow-analytics.io/tools/replay/2025-06-01T09:40:56Z,1,0.014162479662084507,-4.257159088668972,4.655179972205623
10544011_10544266,2025-06-01 09:41:04.954658031,4,4,1,0.0681770744196419,6.838611125946045,0.9112418293952942,0.5978776597413842,0.6810007095336914,7.504715919494629,12.981074333190918,5.215747433386761,3.11279296875,5.685891090502376,0.1398058808826359,5.687529404113551,2.4,0.00140866756,1.931949387999999,0.3341305317999999,1.1424000000000007,0.1387815668,5.7544121742248535,3.1570868492126465,2.597325325012207,0.8676965236663818,2.240863144946197,2.993357,31.0,0.9610707780584348,moderate,True,https://di-india-collab.flow-analytics.io/tools/replay/2025-06-01T09:41:04Z,1,0.0011063858578079099,-6.806656559864697,4.5855775979815405
10544172_10544309,2025-06-01 09:41:12.263381958,4,4,1,0.0685024614743154,7.437778949737549,0.8749743700027466,0.2817668994129604,0.9882104992866516,8.500567436218262,11.190581321716309,-7.012233155734643,3.16845703125,2.5144842986888563,0.0570747007398746,2.515846330580276,7.439999999999999,0.00145561094,1.8033415019999997,0.3569439014,1.1520000000000008,0.1281286633,1.8575208187103271,2.366603374481201,-0.509082555770874,-0.170748621225357,0.4597134986328912,2.981474,31.0,0.9931476751542404,low,True,https://di-india-collab.flow-analytics.io/tools/replay/2025-06-01T09:41:12Z,1,1.3829975921410202,0.3242533116406285,3.052500772377068
10544862_10544912,2025-06-01 09:42:30.195616961,4,4,1,0.0324843982032806,6.752081871032715,0.5946926474571228,-0.2109933795897776,0.662585973739624,11.353901863098145,0.6714348793029785,2.7061720210035767,3.2080078125,0.4537520903291245,0.0085643103974082,0.4539524772071411,11.28,0.09239257464,0.9658101038000002,0.4501036563999999,1.142400000000001,0.11937254752,2.7492659091949463,2.9425482749938965,-0.1932823657989502,-0.0695481449365615,2.4261185108394563,2.779116,29.0,0.9997837898435412,moderate,True,https://di-india-collab.flow-analytics.io/tools/replay/2025-06-01T09:42:30Z,1,0.020064062908535022,-3.9088249791430503,4.146773887702455
10544912_10544959,2025-06-01 09:42:31.080439091,4,4,1,0.1102839971073553,7.480679988861084,1.193827509880066,-0.3771478131623694,1.4963862895965576,6.266131401062012,1.5666813850402832,0.0,3.2626953125,0.6831811834382026,0.0184292846433161,0.6838990389727219,6.24,0.08602027082,1.1647754694,0.4219362423999998,1.1616000000000009,0.1433625031,4.008445262908936,3.171462297439575,0.8369829654693604,0.2886322140693664,5.0741757862722086,2.899825,30.0,0.998667987184811,serious,True,https://di-india-collab.flow-analytics.io/tools/replay/2025-06-01T09:42:31Z,1,0.09968670490086724,-2.3057229619508464,3.567055278385846
10546067_10546257,2025-06-01 09:44:02.816229105,4,4,1,0.1816271112508929,7.498175144195557,1.620115876197815,-1.3900913678904216,1.32992422580719,4.628171920776367,0.8952465057373047,-2.2128679718725097,3.205322265625,0.8152424342015295,0.0263769310176567,0.8155375770691478,4.56,0.0523747361799999,1.0338241659999996,0.4115662741999998,1.1616000000000009,0.1505593288999999,2.494046449661255,0.7579966187477112,1.7360498905181885,0.5805295705795288,2.9950364538026406,2.990459,31.0,0.9985669496983056,moderate,True,https://di-india-collab.flow-analytics.io/tools/replay/2025-06-01T09:44:02Z,1,1.1545030375624425,0.1436699808721328,2.292205061385026
10546470_10547060,2025-06-01 09:45:08.874507904,4,4,1,0.4206625653720134,5.942572593688965,1.675703048706055,-0.1717783952815352,1.788520097732544,3.546316146850586,15.49895477294922,-2.314680779447461,3.00048828125,1.365618863641334,0.0519699124076711,1.365619869266186,3.36,0.00130964452,1.535456743999999,0.3430611842000001,1.1520000000000008,0.1523702495999999,2.1227128505706787,0.0212794039398431,2.101433515548706,0.7020593285560608,2.2997609298745525,2.993242,31.0,0.9946776646306656,moderate,True,https://di-india-collab.flow-analytics.io/tools/replay/2025-06-01T09:45:08Z,1,0.3002947296385641,-1.202990854467993,2.9988495918861977
10547030_10547188,2025-06-01 09:45:38.246627092,4,4,1,0.282576696980299,7.498929977416992,1.7742999792099,-0.4583140380081922,2.407522678375244,4.226416110992432,1.1190581321716309,-4.699556190802446,3.37744140625,0.0445208577090521,0.0014899323002335,0.1721694211244048,4.32,0.16843324682,0.6066258935400001,0.4263061722,1.142400000000001,0.1718181109999999,3.865167379379273,1.1023991107940674,2.762768268585205,0.9224990010261536,3.410821442977108,2.9948740000000003,31.0,0.9989762863127652,moderate,True,https://di-india-collab.flow-analytics.io/tools/replay/2025-06-01T09:45:38Z,1,0.026896701888479632,-3.6157516062673416,3.966237930994513
10547370_10547401,2025-06-01 09:45:40.445290089,4,6,1,0.2704315885189792,7.375026702880859,1.787591814994812,-0.5933653882106907,2.708986520767212,4.125677108764648,0.2238116264343261,2.1676665382566216,3.4794921875,0.6779181901741607,0.0234586436932391,0.6781962909404696,4.08,0.09102855972,1.1588256734000002,0.4156990813999997,1.1664000000000008,0.1734872295999999,4.918755531311035,0.1112728789448738,4.807482719421387,1.6039576530456543,4.8569396695814175,2.997263,31.0,0.99901101926697,serious,True,https://di-india-collab.flow-analytics.io/tools/replay/2025-06-01T09:45:40Z,1,0.14846409402970523,-1.9074121410213065,2.6691172670176764
10547401_10547445,2025-06-01 09:45:40.940064907,6,4,1,0.3033080474648847,7.391789436340332,1.7001491785049438,-0.0190005991157226,2.4490792751312256,4.347729682922363,0.6714348793029785,-6.24892271761023,3.42919921875,0.0293052934852162,0.0009615076815119,0.0554126173944514,4.32,0.14977946602,0.4896580169999999,0.4274753226,1.132800000000001,0.15365263542,5.995133399963379,0.0789352059364318,5.916198253631592,2.0392062664031982,4.896275190286138,2.901226,30.0,0.9999986003165804,serious,True,https://di-india-collab.flow-analytics.io/tools/replay/2025-06-01T09:45:40Z,1,0.052065717700079873,-2.95524855640154,1.5212723010055988
10547855_10548030,2025-06-01 09:46:24.679371119,4,4,1,0.2254399010179783,6.212465286254883,1.5390032529830933,0.4656880955091276,2.23918890953064,4.036681175231934,3.3571743965148926,8.852527308282037,3.2216796875,0.4280399433046303,0.0149574185687401,0.4387585222334944,4.08,0.1038355483399999,0.8930045754000002,0.4315830813999999,1.1376000000000008,0.14558974776,2.608201265335083,0.0297128651291131,2.578488349914551,0.8862596750259399,2.4796329979027725,2.909405,30.0,0.9996904594239592,moderate,True,https://di-india-collab.flow-analytics.io/tools/replay/2025-06-01T09:46:24Z,1,0.3156583518066202,-1.153094815444816,1.8830588089707967
10547964_10547996,2025-06-01 09:46:22.830893040,4,4,1,0.090397806020995,6.048510074615479,0.9930999279022216,0.2370214777164987,0.7938158512115479,6.0905351638793945,2.0143046379089355,6.881118903589437,3.234619140625,0.3932733582872717,0.010748435838193,0.3985236579640301,6.0,0.09848947838,0.597638487,0.4487782857999998,1.1232000000000009,0.14107964358,1.178117275238037,0.0489307940006256,1.129186511039734,0.3810206055641174,1.5995367379619765,2.963584,30.0,0.9978360045032548,low,True,https://di-india-collab.flow-analytics.io/tools/replay/2025-06-01T09:46:22Z,1,0.7686447478864914,-0.2631263825532786,2.092872723739358
10547979_10548230,2025-06-01 09:47:09.686119080,4,4,1,0.3615068586942109,7.406727790832519,1.8474959135055544,0.2316714975653303,2.3216757774353027,4.009063243865967,1.342869758605957,10.922256906187034,2.9853515625,0.8552918037917064,0.030155606570995,0.8819051199675624,3.84,0.0370463155799999,1.028791479,0.3704558293999999,1.1616000000000009,0.1761741799999999,7.421250820159912,1.0185389518737793,6.402711868286133,2.143404722213745,4.343511374846126,2.987169,31.0,0.9999424937259952,serious,True,https://di-india-collab.flow-analytics.io/tools/replay/2025-06-01T09:47:09Z,1,0.006306234413128555,-5.06621654551995,5.294446945138822
10547996_10548030,2025-06-01 09:46:23.954222918,4,4,1,0.275700516168695,6.487762451171875,1.5210533142089844,-0.3084218005314459,1.1172691583633425,4.265308856964111,3.3571743965148926,5.268841566118922,3.146728515625,1.3770741786938816,0.0469485386358789,1.377115529125008,4.08,0.0015052288,1.535456743999999,0.3430611842000001,1.1472000000000009,0.1423158805999999,1.4776763916015625,0.0200821515172719,1.4575942754745483,0.5038153529167175,2.1066070903375187,2.893112,30.0,0.9856878970957396,moderate,True,https://di-india-collab.flow-analytics.io/tools/replay/2025-06-01T09:46:23Z,1,0.2743751359613758,-1.2932589996216137,3.226205958638212
10548690_10548727,2025-06-01 09:47:32.272439957,4,4,1,0.3027502944620193,6.038222312927246,1.4565541744232178,-0.3562949374090544,1.069396734237671,4.145552635192871,1.0071523189544678,3.625193212949162,3.149169921875,0.4388129714123408,0.015095197991212,0.4434209332654563,4.08,0.1038994160399999,0.8508906152000003,0.4092457917999998,1.1376000000000008,0.14792428916,1.3861037492752075,0.220193475484848,1.165910243988037,0.3910636901855469,1.47527197228613,2.981382,31.0,0.9978314435909342,low,True,https://di-india-collab.flow-analytics.io/tools/replay/2025-06-01T09:47:32Z,1,2.1676063286003453,0.7736234843403382,2.4381978574446177
10548817_10548858,2025-06-01 09:47:35.763997078,4,4,1,0.1768717135121672,6.763121604919434,1.3783648014068604,0.2161217861031935,1.1309900283813477,4.9066267013549805,3.0214569568634038,-0.0977004806399846,3.27734375,0.0843117787553158,0.0025930167487553,0.1685351098494112,4.8,0.13674450462,0.5213395986600002,0.4370727821999998,1.1424000000000007,0.14042410182,1.464444875717163,0.0329292155802249,1.4315156936645508,0.4800885915756225,1.9431017059145512,2.981774,31.0,0.999816669630603,low,True,https://di-india-collab.flow-analytics.io/tools/replay/2025-06-01T09:47:35Z,1,0.527005236609174,-0.640544793850344,2.343259249094461
10549032_10549347,2025-06-01 09:48:24.787002087,4,4,1,0.0320807591581008,6.286094665527344,0.6174716353416443,0.7403907610322364,0.5391300916671753,10.180377960205078,1.342869758605957,-0.621708406450746,3.15771484375,0.3563898163542767,0.0071664488947562,0.3588377522930147,10.08,0.0922473993999999,0.4395630771,0.4123351177999999,1.1232000000000009,0.1179429861799999,2.510676622390747,1.4419971704483032,1.0686794519424438,0.357034832239151,1.7302577489256474,2.993208,31.0,0.999716113264448,low,True,https://di-india-collab.flow-analytics.io/tools/replay/2025-06-01T09:48:24Z,1,0.1757111353964104,-1.738913908470022,3.292094689466296
10549192_10549606,2025-06-01 09:49:04.958426952,4,4,1,0.318146551511005,7.234352111816406,1.691813826560974,0.0324492746127976,1.5636699199676514,4.276092529296875,8.253053665161133,-7.9359898901191235,3.125244140625,0.0469021809784838,0.0015593006223944,0.0881099715167842,4.32,0.14500157902,0.4902022078399999,0.392429859,1.132800000000001,0.15365263542,4.965044021606445,0.5598768591880798,4.405167102813721,1.520339012145996,3.256919877765906,2.89749,30.0,0.9945619782114364,moderate,True,https://di-india-collab.flow-analytics.io/tools/replay/2025-06-01T09:49:04Z,1,0.13113055765825896,-2.031561828734822,2.223921341588663
10549357_10549531,2025-06-01 09:48:22.269190073,4,4,1,0.072322000400882,6.550062656402588,1.0110336542129517,-1.215554095766581,0.6562986373901367,6.478580474853516,1.45477557182312,-2.0235959137920423,3.085205078125,0.3204246735994768,0.0084288158962549,0.3208822725465294,6.48,0.09924666122,0.3925406347000001,0.4030985477999998,1.1280000000000008,0.14679918052,1.0337908267974854,3.90253496170044,-2.868744134902954,-0.9817798733711244,0.8396515084525548,2.921983,30.0,0.9991749582221784,low,True,https://di-india-collab.flow-analytics.io/tools/replay/2025-06-01T09:48:22Z,1,0.01900473016001603,-3.9630673750097296,2.5629504440777784
10549889_10549918,2025-06-01 09:48:58.284538984,4,4,1,0.143155244602148,7.3121161460876465,1.40834379196167,-1.2312503693315189,1.6698369979858398,5.191996574401856,2.573833703994751,6.682411277514707,3.08203125,0.2014896557585052,0.0060281736517089,0.2395389451634113,5.279999999999999,0.1361366125,0.5568725444,0.3994773847999999,1.1376000000000008,0.14472257622,6.023781776428223,0.3927677273750305,5.631013870239258,1.8908627033233645,4.132134250794981,2.978013,31.0,0.9995773164789152,serious,True,https://di-india-collab.flow-analytics.io/tools/replay/2025-06-01T09:48:58Z,1,0.17543384411909335,-1.740493263728573,3.501356874084992
10549889_10549918,2025-06-01 09:49:00.372056961,4,4,1,0.0315342783558126,5.979069232940674,0.5088704824447632,0.4806512309192827,0.6017186045646667,11.74968719482422,0.4476232528686523,3.22227225508472,3.08203125,1.1415963113326313,0.0212481927861228,1.1417975592283274,11.28,0.0014075006,1.262466342,0.3947264793999999,1.156800000000001,0.11394707582,1.4801911115646362,0.2124163508415222,1.2677748203277588,0.4234991669654846,2.869375960380498,2.993571,31.0,0.9967671277200044,moderate,True,https://di-india-collab.flow-analytics.io/tools/replay/2025-06-01T09:49:00Z,1,0.01304530744874565,-4.339326792350311,3.741938991136713
10550564_10550592,2025-06-01 09:49:44.143004894,4,4,1,0.0907301381841604,6.283806324005127,1.0697277784347534,0.6615754531624329,1.3718414306640625,5.874210834503174,1.5526931285858154,-2.671655657688595,2.937255859375,0.7944954686064701,0.022296704372835,0.7947971838630046,5.76,0.05249834656,1.0372014192,0.3701612529999998,1.1520000000000008,0.1458687967999999,1.9069104194641116,0.0363058149814605,1.8706046342849727,0.6260570287704468,1.4730703422133786,2.987914,31.0,0.9994221421726156,low,True,https://di-india-collab.flow-analytics.io/tools/replay/2025-06-01T09:49:44Z,1,3.0716411580995207,1.1222119979480674,2.776524795103863
10551490_10551665,2025-06-01 09:51:12.866729021,4,6,1,0.036465817493871,6.3836517333984375,0.6445266008377075,0.118491773142942,0.565852165222168,9.904403686523438,3.7068800926208496,0.1435840292257211,3.282958984375,0.7603433388578283,0.0156244830863969,0.761946701668878,9.84,0.05578534932,1.0079632163999996,0.4306610865999998,1.156800000000001,0.1190632801799999,1.193620204925537,0.538958728313446,0.6546614766120911,0.8079128861427307,1.5178264758382711,0.810312,7.0,0.9996151611482248,low,True,https://di-india-collab.flow-analytics.io/tools/replay/2025-06-01T09:51:12Z,1,7.230008081417204e-23,-50.98121698493129,10.333381034676984
10552744_10553142,2025-06-01 09:52:40.062732935,4,4,1,0.0442179003174172,6.858832359313965,0.7092206478118896,0.0091352781576475,0.5726087689399719,9.670943260192873,2.699727773666382,-7.990865982150531,3.050048828125,0.1647778279200343,0.0033979749299104,0.1711775622343653,9.6,0.1059214968199999,0.4698401355200002,0.4064371867999999,1.1424000000000007,0.1134148674599999,1.3925594091415403,0.0206738393753767,1.3718855381011963,0.4686462581157684,1.7092749718024678,2.927337,30.0,0.9989919026863624,low,True,https://di-india-collab.flow-analytics.io/tools/replay/2025-06-01T09:52:40Z,1,1.021028375603501,0.020810330768425988,3.10410203748829
10552811_10552842,2025-06-01 09:52:14.334296942,4,4,1,0.2579012479588956,6.502891540527344,1.5765258073806765,0.3847681068215532,2.446324110031128,4.124824047088623,2.0143046379089355,2.4774801298146425,3.202392578125,0.47103852215747,0.0162603061001473,0.4724616221832575,4.08,0.0986513085999999,0.9244982536,0.4376985753999998,1.1472000000000009,0.1427486784,2.7920241355896,0.0704102963209152,2.721613883972168,0.9143975377082824,3.247661731749604,2.976401,31.0,0.9986867674565524,moderate,True,https://di-india-collab.flow-analytics.io/tools/replay/2025-06-01T09:52:14Z,1,0.07181385817382428,-2.6336778107746452,2.40193697530655
10554080_10554128,2025-06-01 09:55:05.362739086,4,4,1,0.0704150042568908,6.024146556854248,0.7713772654533386,0.0001779819851449,-0.0281177759170532,7.809598445892334,176.20968627929688,-1.4840241634789908,3.359619140625,2.613899873682036,0.0624231663304365,2.615281193641903,6.24,0.00130964452,1.8078425299999996,0.3838902564000001,1.1472000000000009,0.12563474522,0.3039848208427429,1.8053747415542605,-1.501389980316162,-0.513404905796051,0.6540133190790829,2.924378,30.0,0.8975895094552466,low,True,https://di-india-collab.flow-analytics.io/tools/replay/2025-06-01T09:55:05Z,1,2.4677344029987746e-13,-29.03030572495949,8.542585569316204
10554463_10554650,2025-06-01 09:54:24.520879984,4,4,1,0.1486372898399763,6.903350830078125,1.4455348253250122,-0.980075916856742,0.8783848285675049,4.775637626647949,0.6714348793029785,-6.150752511092247,3.26953125,0.1198114835531576,0.0037539438490194,0.1254839873414196,4.8,0.13666747902,0.3927516586600001,0.4353425663999999,1.1424000000000007,0.13954845522,1.2198312282562256,3.1895763874053955,-1.96974515914917,-0.6755117774009705,1.00161074275324,2.91593,30.0,0.9998736518163792,low,True,https://di-india-collab.flow-analytics.io/tools/replay/2025-06-01T09:54:24Z,1,0.26577662969362903,-1.3250990609717705,3.920000545994058
10554866_10554891,2025-06-01 09:54:51.780626059,4,4,1,0.0848812541635254,5.886789321899414,0.9858732223510742,0.4536734714134868,1.3201427459716797,5.971142292022705,13.652509689331056,-3.4357681199316983,3.132568359375,2.326998625810799,0.0651592396860251,2.3269995019122853,5.04,0.00129985486,1.8078425299999996,0.3565692802000001,1.1424000000000007,0.1413262887,1.7223905324935913,0.0462777204811573,1.6761127710342407,0.5602923035621643,3.34381235349522,2.991497,31.0,0.9991645409353715,moderate,True,https://di-india-collab.flow-analytics.io/tools/replay/2025-06-01T09:54:51Z,1,1.1808697424319852,0.16625123683260318,2.920996293072366
10555169_10555240,2025-06-01 09:55:57.571007013,4,4,1,0.0739200443742021,7.451784133911133,0.9190815091133118,0.0253415323032745,1.2273566722869873,8.10785961151123,5.147667407989502,2.4413328871059474,3.1650390625,1.5714133578925655,0.03656780542227,1.5726871814519012,7.68,0.00154367736,1.7548456759999993,0.3572773342,1.1520000000000008,0.137863237,1.9111181497573853,2.2220547199249268,-0.3109365701675415,-0.1042251884937286,1.7433704513502546,2.983315,31.0,0.9724827772715898,low,True,https://di-india-collab.flow-analytics.io/tools/replay/2025-06-01T09:55:57Z,1,0.34841853687833046,-1.054350829683428,3.160124629464949
10555302_10555334,2025-06-01 09:55:21.569761992,4,4,1,0.2089502122734417,6.4217848777771,1.353178858757019,-0.3165397338552116,1.503739356994629,4.745702743530273,5.371479034423828,-4.645872644794364,3.18994140625,1.198768924488668,0.0383136950843329,1.199095989492335,4.56,0.00154367736,1.5474170399999991,0.3667643036000001,1.1472000000000009,0.1491350320999999,2.322665214538574,0.0463265180587768,2.276338577270508,0.7817279100418091,2.9255790675237714,2.911932,30.0,0.9978917423552528,moderate,True,https://di-india-collab.flow-analytics.io/tools/replay/2025-06-01T09:55:21Z,1,3.018160234986947,1.1046474520399618,2.5923259020874343
10555415_10555441,2025-06-01 09:55:29.778774023,4,4,1,0.0818055531469986,7.159592628479004,0.9671148657798768,0.0882582962489841,0.8093501925468445,7.403042793273926,5.8191022872924805,4.718219264915614,3.127685546875,0.5340484392357441,0.0130211016982148,0.5393994092667187,7.439999999999999,0.0934977946999999,0.9065429786,0.3950571937999999,1.1472000000000009,0.13966732342,1.4071022272109983,0.198376178741455,1.2087260484695437,0.4039611518383026,1.751801482675728,2.992184,31.0,0.9921638981043724,low,True,https://di-india-collab.flow-analytics.io/tools/replay/2025-06-01T09:55:29Z,1,6.2017711123809125,1.8248349145443017,2.611516060574812
10557332_10557584,2025-06-01 09:59:31.611761093,4,4,1,0.0540352716390926,7.305241584777832,0.8129360675811768,-0.0692001797852294,0.7086665630340576,8.98624324798584,20.81448173522949,-3.532978679313832,3.169921875,3.1588273063969696,0.0694756320274545,3.160273850354677,7.199999999999999,0.00144582128,1.8078425299999996,0.3567133946,1.1376000000000008,0.1291431453199999,1.361770510673523,0.2295757681131363,1.132194757461548,0.3827915489673614,1.6278056007874722,2.957732,29.0,0.978828777982162,low,True,https://di-india-collab.flow-analytics.io/tools/replay/2025-06-01T09:59:31Z,1,0.2074198440760616,-1.5730103075513222,3.3730056478891797
10557356_10557383,2025-06-01 09:58:27.537910938,4,4,1,0.1259606338351147,5.55927324295044,1.065667986869812,0.1604442161812241,1.111581325531006,5.216702938079834,3.3571743965148926,-4.820982210690061,3.26708984375,1.8724771980645207,0.0567411201244105,1.8739163999362924,4.56,0.00130964452,1.7951407239999997,0.3730937158,1.1520000000000008,0.1411800508999999,1.4201688766479492,0.0186646729707717,1.4015041589736938,0.4819360077381134,1.9210937504304595,2.908071,30.0,0.9877883601069424,low,True,https://di-india-collab.flow-analytics.io/tools/replay/2025-06-01T09:58:27Z,1,0.5009892714405283,-0.6911705924169241,3.083396732358586
10557584_10557614,2025-06-01 09:58:50.735833883,4,4,1,0.3278329659956909,7.117457866668701,1.765137791633606,-0.8283456204150281,2.341336250305176,4.032239437103272,3.3571743965148926,-11.725849587416985,3.1103515625,1.594705258986889,0.056277671217888,1.5948119011344253,3.84,0.00145561094,1.7595997339999994,0.3390816338000001,1.1520000000000008,0.1636395283999999,3.202475309371948,0.1840482056140899,3.0184271335601807,1.0091843605041504,2.448190817046064,2.990957,31.0,0.9907786813110664,moderate,True,https://di-india-collab.flow-analytics.io/tools/replay/2025-06-01T09:58:50Z,1,0.7105445780312286,-0.34172359163803634,2.6530966766238455
10557584_10557745,2025-06-01 09:59:34.664184093,4,4,1,0.1414725234040401,6.19061803817749,1.2468833923339844,-0.5035305635027312,1.0817376375198364,4.964873313903809,10.295334815979004,10.708440225621825,3.1953125,1.2435196984469503,0.0386987109411732,1.244338374688596,4.8,0.0014075006,1.5607465839999992,0.3718825116000001,1.1424000000000007,0.1474942607999999,1.3933085203170776,2.601665496826172,-1.2083569765090942,-0.4111407399177551,1.3322311722787703,2.939035,29.0,0.9851025812073414,low,True,https://di-india-collab.flow-analytics.io/tools/replay/2025-06-01T09:59:34Z,1,0.6297842012795627,-0.4623780559274681,3.015589405555697
10557602_10557621,2025-06-01 09:58:49.939757109,4,4,1,0.8931095473665241,7.044085502624512,2.318579912185669,-0.4655243651820513,-0.0408463478088378,3.0381033420562744,1.1190581321716309,-10.450685665759522,3.18017578125,1.7345313546115702,0.0725049814304745,1.7356554957709782,2.88,0.00144582128,1.8078425299999996,0.3370785176000001,1.142400000000001,0.26026956,3.550204038619995,1.5517011880874634,1.998502850532532,0.6692423224449158,3.0261274112694383,2.986217,31.0,0.9974901749764652,moderate,True,https://di-india-collab.flow-analytics.io/tools/replay/2025-06-01T09:58:49Z,1,3.0815211355396e-05,-10.387502114725756,5.385368745482667
10557602_10557621,2025-06-01 09:58:56.223726034,4,4,1,0.0304573802911623,6.650103569030762,0.5818257927894592,0.2145207814434795,0.4978399276733398,11.429716110229492,0.6714348793029785,1.4683121367478604,3.18017578125,0.9158547741330588,0.0173026573165686,0.9167018118854472,11.28,0.0278180762399999,1.1207535121999996,0.3934027255999999,1.1616000000000009,0.1136302866199999,4.032459735870361,6.689302444458008,-2.6568427085876465,-1.062335968017578,0.0,2.500944,26.0,0.9996316572779284,none,True,https://di-india-collab.flow-analytics.io/tools/replay/2025-06-01T09:58:56Z,1,0.0014549654385419683,-6.532773132220205,4.428953615798089
10557921_10558129,2025-06-01 10:00:56.243491888,4,4,1,0.0459356517724152,6.943674087524414,0.6203377842903137,0.8620549187932784,1.0067694187164309,11.19337558746338,21.262104034423828,0.8773127058223723,3.18505859375,2.432432797320097,0.0468494898190423,2.43246972444518,9.84,0.0015052288,1.8033415019999997,0.3668596752000001,1.1520000000000008,0.1227263038,1.5234414339065552,0.7243197560310364,0.7991216778755188,0.2678709328174591,1.1936976903039136,2.983234,31.0,0.9956235064781256,low,True,https://di-india-collab.flow-analytics.io/tools/replay/2025-06-01T10:00:56Z,1,0.14981982721004936,-1.8983218587800499,3.6320059774650164
10558129_10558337,2025-06-01 10:00:57.843439102,4,4,1,0.0312096160263832,6.336066722869873,0.6175572872161865,-0.1657505587862776,0.6218946576118469,10.25988483428955,11.862016677856444,5.249107390652192,3.2177734375,3.203747504241268,0.0651177668207818,3.2038970382472427,7.68,0.00129985486,1.8078425299999996,0.3836440746000001,1.1376000000000008,0.12630876654,1.225795030593872,1.6075193881988523,-0.3817243576049804,-0.127611443400383,0.9589348992635164,2.991302,31.0,0.9781131715877628,low,True,https://di-india-collab.flow-analytics.io/tools/replay/2025-06-01T10:00:57Z,1,0.4168225489673237,-0.8750946897968337,3.4470551153428914
10558169_10558213,2025-06-01 09:59:45.698039055,4,4,1,0.0632095185163933,7.47693395614624,1.0839264392852783,-0.8542137945734548,-1.2102290391921997,6.898008823394775,2.685739517211914,-2.9453158071799828,3.204833984375,5.624612181909319,0.1454140632261028,5.627762247124184,2.88,0.00140866756,1.9703266799999992,0.3474759918,1.1424000000000007,0.1455655599,1.6167422533035278,1.7838469743728638,-0.1671047210693359,-0.0558566898107528,3.385167183896094,2.991669,31.0,0.9961488780113492,moderate,True,https://di-india-collab.flow-analytics.io/tools/replay/2025-06-01T09:59:45Z,1,6.706178641790261e-07,-14.215066364171236,5.923053668375651
10558337_10558396,2025-06-01 10:00:08.792618990,4,4,1,0.0427411382201564,7.483461380004883,0.7682957649230957,-0.1451708423247906,0.7204292416572571,9.740339279174805,5.147667407989502,-19.335357128135566,3.26513671875,0.8457699989473789,0.0175669117000312,0.8458596311593313,9.6,0.0415253047399999,1.0392388562,0.4268142927999998,1.156800000000001,0.12637828018,1.669342875480652,0.2576351165771484,1.4117077589035034,0.4852745234966278,1.530389597102468,2.909091,30.0,0.9999970170707482,low,True,https://di-india-collab.flow-analytics.io/tools/replay/2025-06-01T10:00:08Z,1,1.334602967372827,0.2886338449022711,2.0557703714875926
10558489_10558558,2025-06-01 10:00:23.966211081,4,4,1,2.293163517579452,7.169968605041504,3.423985481262207,-2.015323743452493,2.880957841873169,2.0940418243408203,7.60959529876709,-13.717329400916004,3.167724609375,1.175646593461357,0.0611792274782726,1.244653924234878,1.92,0.0015262886,1.4406090939999994,0.3372853480000001,1.1472000000000009,0.3162314300000002,3.1986122131347656,0.1037153527140617,3.0948967933654785,1.0667353868484497,3.3867733724274536,2.901279,30.0,0.9817961078592023,moderate,True,https://di-india-collab.flow-analytics.io/tools/replay/2025-06-01T10:00:23Z,1,5.445792113411961e-05,-9.818082243791723,5.775889917761607
10559386_10559424,2025-06-01 10:01:35.314184904,4,4,1,0.0518449056317349,7.436293601989746,0.9777120351791382,-1.5648728791052189,1.2081313133239746,7.605811595916748,0.4616114795207977,2.879256404404088,3.104248046875,0.2394531281995238,0.0057128764769987,0.2525545269095365,7.68,0.11779114864,0.5159076605799998,0.4061632091999997,1.1376000000000008,0.13420051468,5.6546173095703125,3.623471260070801,2.031146049499512,0.677328884601593,2.041277596111,2.998759,29.0,0.9989003070806954,moderate,True,https://di-india-collab.flow-analytics.io/tools/replay/2025-06-01T10:01:35Z,1,0.22553806384623545,-1.4892663367398251,2.750043393102555
10559386_10559424,2025-06-01 10:01:37.112056017,4,4,1,0.4206107738062314,4.438753128051758,1.8064898252487185,1.9190531476621653,2.025555372238159,2.4571149349212646,11.260522842407228,28.132638666055428,3.104248046875,0.4185607678142788,0.0196589255741545,0.4234245270152934,2.4,0.118651367,0.8886924820000002,0.4238748291999999,1.1280000000000008,0.1793324565999999,4.627166271209717,2.119834899902344,2.507331371307373,1.5022145509719849,4.898873538421315,1.66909,17.0,0.9979822495089796,serious,True,https://di-india-collab.flow-analytics.io/tools/replay/2025-06-01T10:01:37Z,1,1.960760879591631e-13,-29.260273607138515,7.878109112811324
10560706_10560719,2025-06-01 10:03:41.003215075,4,4,1,0.0878663363633679,7.398416996002197,0.9131327867507936,-0.1938860612762848,0.9081263542175292,8.102235794067383,7.497689247131348,0.0,3.126953125,4.434545970561842,0.1039898924845564,4.435699018334089,5.279999999999999,0.0014659861,1.866703855999999,0.3481706258000001,1.1424000000000007,0.1387815668,7.764418125152588,7.111164093017578,0.6532540321350098,0.2184160500764846,3.969697609773769,2.99087,30.0,0.9930147492625568,moderate,True,https://di-india-collab.flow-analytics.io/tools/replay/2025-06-01T10:03:41Z,1,0.004143410014359728,-5.486236155212865,4.720561241302722
10561312_10561976,2025-06-01 10:05:49.199438095,4,4,1,0.0295825418286902,6.597084045410156,0.5654506683349609,0.1724700064541471,0.774423360824585,11.666949272155762,24.843090057373047,-1.3859218587975417,3.102294921875,5.648607370038269,0.1067679619083973,5.648611709715171,3.12,0.00145619644,1.8616069539999995,0.3404858378,1.1424000000000007,0.1186100146,2.3522675037384038,1.343986749649048,1.0082807540893557,0.3412399291992187,1.4623839086430392,2.954756,30.0,0.9769975225060824,low,True,https://di-india-collab.flow-analytics.io/tools/replay/2025-06-01T10:05:49Z,1,9.729108058375227e-10,-20.750728707176158,6.991435730794984
10564293_10564315,2025-06-01 10:09:08.755156994,4,4,1,0.475037116214223,7.440519332885742,2.056913375854492,-0.375742252968647,2.098146438598633,3.617322683334351,1.5666813850402832,7.106937137621965,3.092041015625,0.1285991716061355,0.004757146950411,0.1328690711319852,3.6,0.19317007842,0.4100848574600002,0.3884296,1.1472000000000009,0.1721548837999998,2.515861988067627,0.0503288879990577,2.4655330181121826,0.8424843549728394,2.4357572280102966,2.926503,30.0,0.9999503053745906,moderate,True,https://di-india-collab.flow-analytics.io/tools/replay/2025-06-01T10:09:08Z,1,0.0053389691590125885,-5.23272268602833,4.077466679735079
10564315_10564332,2025-06-01 10:09:09.048810959,4,4,1,0.6181484428438384,7.338428974151611,2.403337001800537,-0.6224071743742733,3.264589309692383,3.0534331798553467,0.2238116264343261,0.0,3.189208984375,0.0549173178764454,0.0022340655726262,0.1695392603234298,3.12,0.20265999106,0.63766344196,0.3988481658,1.1376000000000008,0.2705736846,5.356403827667236,0.0554555170238018,5.300948143005371,1.814702033996582,4.094262150283855,2.921112,30.0,0.9993612735923784,serious,True,https://di-india-collab.flow-analytics.io/tools/replay/2025-06-01T10:09:09Z,1,0.0004913526911300716,-7.618348376158378,5.426184334688634
10565520_10565526,2025-06-01 10:11:12.460735083,4,4,1,0.0639488832223879,7.336582183837891,0.977890968322754,-0.6159595198514143,0.6794004440307617,7.502454280853271,2.126210451126098,4.605091082124676,3.031982421875,1.9651326197482464,0.0479696928432793,1.965137210937827,6.96,0.0015052288,1.8033415019999997,0.3569439014,1.1520000000000008,0.1389658802999999,8.386015892028809,2.5751633644104004,5.810852527618408,2.0019991397857666,5.639369840008997,2.902525,30.0,0.9963238722000544,serious,True,https://di-india-collab.flow-analytics.io/tools/replay/2025-06-01T10:11:12Z,1,0.001854764329900623,-6.289997636869424,3.9757429666972506
10565526_10565547,2025-06-01 10:11:16.562606096,4,4,1,0.2695071427901065,7.444046020507812,1.6762772798538208,-0.4357511791596142,2.3060765266418457,4.440820217132568,0.5595290660858154,-5.53031870698649,3.08935546875,0.0763205549224471,0.0024892841792988,0.2146009423397877,4.56,0.14507190486,0.7029853837600001,0.3927196182,1.1328000000000007,0.1561934988199999,3.6475815773010254,1.2064656019210815,2.4411158561706543,0.8172981142997742,3.132277547404368,2.986812,31.0,0.9989176946159066,moderate,True,https://di-india-collab.flow-analytics.io/tools/replay/2025-06-01T10:11:16Z,1,0.0039048701240892805,-5.545530755119561,4.595130474719264
10565547_10565565,2025-06-01 10:11:18.247383118,4,4,1,0.183139371740683,7.166622161865234,1.317186951637268,0.3261734907297931,1.9871495962142944,5.440854072570801,3.1333627700805664,4.094956643776008,3.044677734375,0.2169743234295705,0.0063160877307019,0.2436594508294627,5.52,0.1273159403,0.5562549640000001,0.3985761001999998,1.1376000000000008,0.14075015422,3.13054633140564,1.616126298904419,1.5144200325012207,0.5196866989135742,2.354285772802425,2.914102,30.0,0.9994951542382552,moderate,True,https://di-india-collab.flow-analytics.io/tools/replay/2025-06-01T10:11:18Z,1,4.191773943854972,1.4331240199575879,2.0930475617988074
10565821_10565839,2025-06-01 10:11:39.541987896,4,4,1,0.0844996758459515,5.765201568603516,0.8028939366340637,-0.490432950993276,1.2232599258422852,7.180527210235596,2.0143046379089355,2.694868300239386,3.007568359375,0.3488756092170477,0.0086365970801492,0.3508125682010445,7.199999999999999,0.09665563784,0.4038100403,0.3978894517999998,1.1280000000000008,0.1212911178999999,3.067453145980835,0.0543787404894828,3.0130743980407715,1.0292829275131226,2.38068894968068,2.927353,30.0,0.999773312278835,moderate,True,https://di-india-collab.flow-analytics.io/tools/replay/2025-06-01T10:11:39Z,1,0.07910672578047133,-2.5369573789930433,3.7605096001430236
10566333_10566341,2025-06-01 10:12:54.705383062,4,4,1,0.1403441406235029,7.456989288330078,1.4109888076782229,-0.8039561930192517,1.8096840381622317,5.284938812255859,3.0214569568634038,-13.649883575488849,3.099853515625,0.5533065680028005,0.0164959487644509,0.5543613477744009,5.279999999999999,0.10545673978,0.8897586973999999,0.3852489301999999,1.152000000000001,0.1447267623,4.421682357788086,0.9729875326156616,3.4486947059631348,1.1864585876464844,3.361706484777556,2.906713,30.0,0.9984670024668788,moderate,True,https://di-india-collab.flow-analytics.io/tools/replay/2025-06-01T10:12:54Z,1,3.829224499954258,1.3426623022609272,1.8026979947376334
10566336_10566462,2025-06-01 10:13:04.704957962,4,4,1,0.8963178527464435,6.287966251373291,2.24100923538208,-0.1630888112508559,-0.2357561588287353,2.805863618850708,155.4361572265625,1.2106399372093082,3.35693359375,4.319926770590233,0.1905546635872642,4.321824649586453,1.44,0.00135984274,2.073393209999999,0.331590057,1.142400000000001,0.2449281455999999,1.4502241611480713,0.0343140214681625,1.4159101247787476,0.4738518595695495,2.317742115331266,2.988086,30.0,0.6031011469617134,moderate,True,https://di-india-collab.flow-analytics.io/tools/replay/2025-06-01T10:13:04Z,1,4.617725376471883e-19,-42.219214525788715,9.653945822614055
10566341_10566354,2025-06-01 10:12:55.312107086,4,4,1,0.0478389389291764,6.626547813415527,0.771967351436615,0.5085516359153445,0.9724674224853516,8.58397388458252,3.692891836166382,2.797280515461489,2.999755859375,0.8707114013139408,0.0195037267064318,0.8711568082557312,8.4,0.0399049470399999,1.0139923308,0.3823143499999998,1.156800000000001,0.12637828018,4.217673778533936,0.95374596118927,3.263927936553955,1.089097023010254,2.68915404284215,2.996912,31.0,0.9998798532057138,moderate,True,https://di-india-collab.flow-analytics.io/tools/replay/2025-06-01T10:12:55Z,1,1.19115919128449,0.17492694330896139,3.4079465401442675
10566341_10566354,2025-06-01 10:12:57.301060915,4,4,1,0.0303789305668493,5.779560565948486,0.5142655968666077,0.2717723066389133,0.3334791660308838,11.238473892211914,0.6714348793029785,-1.0001610878527285,2.999755859375,0.7297753560025433,0.0139044070613253,0.7298438838043123,11.04,0.05975154116,0.9047333838,0.3818100881999998,1.1616000000000009,0.1089606190399999,1.4906257390975952,0.0983662828803062,1.3922594785690308,0.4782157242298126,1.5176500510313242,2.911363,30.0,0.9999705403969372,low,True,https://di-india-collab.flow-analytics.io/tools/replay/2025-06-01T10:12:57Z,1,0.002866741780661108,-5.854579162177865,4.6273777681604065
10566354_10566361,2025-06-01 10:12:56.815238953,4,4,1,0.0913374514035655,7.4470133781433105,1.147126078605652,-0.6579793907001394,1.769856333732605,6.49188756942749,0.0,12.572014119845443,2.92529296875,0.5775202620199709,0.0152358825978136,0.5783648573375855,6.48,0.0962678814199999,0.8704005357999999,0.3814258719999999,1.1472000000000009,0.14315555966,3.6781623363494873,0.4819715023040771,3.19619083404541,1.104167938232422,3.618624818704532,2.89466,30.0,0.9990074404045932,moderate,True,https://di-india-collab.flow-analytics.io/tools/replay/2025-06-01T10:12:56Z,1,1.3689897757268734,0.3140730778539332,2.6982960651779315
10566391_10566410,2025-06-01 10:12:58.721549034,4,4,1,0.0468644015216965,7.373615741729736,0.6992356777191162,0.3932083463735759,0.7191636562347412,10.54525089263916,2.350022077560425,0.0,3.11767578125,1.9594624866130927,0.0390465368082236,1.959671168866831,9.84,0.00154367736,1.8033415019999997,0.3573520922,1.1520000000000008,0.12656286128,4.402172088623047,0.3511996269226074,4.05097246170044,1.3548022508621216,3.0392420448220494,2.990084,31.0,0.9989946486527944,moderate,True,https://di-india-collab.flow-analytics.io/tools/replay/2025-06-01T10:12:58Z,1,0.038077163620350886,-3.268140556592793,3.1430527076256025
10566391_10566410,2025-06-01 10:13:01.108576059,4,4,1,0.0458462758027406,6.047881126403809,0.6213644742965698,-0.318945500986201,0.4677743017673492,9.733226776123049,0.7833406925201416,2.813981075139409,3.11767578125,0.5111172510105668,0.010583312893731,0.5126590016903633,9.6,0.0842179703399999,0.898491896,0.4060808105999999,1.1568000000000012,0.1173277048799999,0.7858874797821045,0.0328473187983036,0.7530401349067688,0.251138687133789,1.2645349766819516,2.998503,31.0,0.9989839557665554,low,True,https://di-india-collab.flow-analytics.io/tools/replay/2025-06-01T10:13:01Z,1,0.6551137830267447,-0.42294634388886104,3.292446537114108
10566421_10566446,2025-06-01 10:13:04.015439987,4,4,1,0.1509692519910477,6.373612880706787,1.158424973487854,-0.3625457527786223,1.049703598022461,5.501964092254639,1.0071523189544678,0.5151968510353284,3.4599609375,0.1827170142549239,0.0052772223588409,0.1845776463903387,5.52,0.1064471724399999,0.5021003799600002,0.4357974927999999,1.1520000000000008,0.14107955492,1.4080383777618408,0.0393578857183456,1.368680477142334,0.4617420136928558,2.3800869373379,2.964167,30.0,0.9999078768636428,moderate,True,https://di-india-collab.flow-analytics.io/tools/replay/2025-06-01T10:13:04Z,1,1.5313827918022564,0.42617111272782,2.450085777946417
10566446_10566462,2025-06-01 10:13:02.913177967,4,4,1,0.1033024749141117,7.491650104522705,1.1833364963531494,-0.7742740790503974,1.4476025104522705,6.330955028533936,2.685739517211914,4.928630106109924,3.341796875,0.5809351615890019,0.0155576296091634,0.584316596555126,6.24,0.0959808828599999,0.9701878612,0.4345992913999999,1.156800000000001,0.14277348426,3.9566826820373535,0.1051050424575805,3.8515777587890634,1.2869973182678225,2.340373185289588,2.992685,31.0,0.9978540359436164,moderate,True,https://di-india-collab.flow-analytics.io/tools/replay/2025-06-01T10:13:02Z,1,0.434443187733878,-0.833690096027297,3.355475870326762
10566651_10566688,2025-06-01 10:13:23.665636063,4,4,1,0.2936040082520891,6.072418689727783,1.5408586263656616,0.1079484455062633,1.5814588069915771,3.940931797027588,4.923855781555176,4.3847486140761625,3.107177734375,0.3021947260370653,0.0106859826367768,0.3333256021238845,3.84,0.1165095134799999,0.400123895,0.3974084389999999,1.1280000000000008,0.14167095182,1.9125523567199707,0.064742811024189,1.8478095531463623,0.6339384913444519,4.2315376539145495,2.914809,30.0,0.996534896633474,serious,True,https://di-india-collab.flow-analytics.io/tools/replay/2025-06-01T10:13:23Z,1,0.24244700640344316,-1.4169721227809031,2.919323066119402
10567104_10567135,2025-06-01 10:14:21.449501038,4,4,1,0.0522287734655618,6.537527084350586,0.8385192155838013,0.4179389323844689,1.143251895904541,7.796514511108398,0.8952465057373047,-6.2740579117403525,3.124755859375,0.6345503346038539,0.0150194205550762,0.6355865893015678,7.68,0.0835239387199999,0.9939669254,0.3901745319999998,1.1664000000000008,0.1209499300999999,3.40700912475586,1.189011573791504,2.2179975509643555,0.7397603392601013,2.840862033613039,2.998265,31.0,0.9943781682538618,moderate,True,https://di-india-collab.flow-analytics.io/tools/replay/2025-06-01T10:14:21Z,1,3.7790582164892847,1.3294748295118,2.19024074028589
10567135_10567167,2025-06-01 10:14:22.843436956,4,4,1,0.3026266641535161,7.429354667663574,1.7878117561340332,-0.5829625068211368,2.5310983657836914,4.155557632446289,1.342869758605957,-10.52201273758997,3.012451171875,0.6708563820274017,0.0231129524021242,0.6750148517246328,4.08,0.0914070647,0.9439124885999998,0.3746888305999999,1.1664000000000008,0.1734872295999999,4.054999828338623,1.248623967170715,2.8063759803771973,0.9358161687850952,2.667959746328754,2.998854,31.0,0.9994751643015908,moderate,True,https://di-india-collab.flow-analytics.io/tools/replay/2025-06-01T10:14:22Z,1,2.902481263322742,1.0655659792108452,2.6182198547911812
10567261_10567290,2025-06-01 10:14:20.042151928,4,4,1,0.3200593119485447,7.45775842666626,1.957720160484314,-1.1320613254667449,2.2242202758789062,3.8094098567962646,5.147667407989502,-11.962026676855157,2.89013671875,0.7418451270741937,0.026937468653884,0.7539119332687342,3.84,0.06622760726,0.9830738773999996,0.3730941623999998,1.166400000000001,0.1766316497999999,3.254953384399414,0.7774352431297302,2.477518081665039,0.8520721197128296,3.162705447033365,2.907639,30.0,0.9996045615164776,moderate,True,https://di-india-collab.flow-analytics.io/tools/replay/2025-06-01T10:14:20Z,1,1.0983207466010465,0.09378241937339418,2.655999539260279
10567565_10567779,2025-06-01 10:15:09.423090935,4,4,1,1.078898804609126,7.218184471130371,3.628623962402344,-10.797612542398856,3.4621922969818115,1.9892346858978271,2.8815746307373047,-7.62299725975748,3.096435546875,0.2532207469271354,0.0134415527767005,0.3506042844259215,1.92,0.2383248842799999,0.4146814822,0.3966330738,1.1232000000000009,0.3361692072,4.797861099243164,3.3031513690948486,1.4947097301483154,0.5159451961517334,8.941276592050883,2.8970320000000003,30.0,0.9992902724726088,critical,True,https://di-india-collab.flow-analytics.io/tools/replay/2025-06-01T10:15:09Z,1,9.85181063903574e-16,-34.55370622839188,8.680561312237405
10569369_10569679,2025-06-01 10:18:27.939007044,4,4,1,0.2176241333546106,7.369194507598877,1.435144543647766,-0.0044527395997504,2.0825324058532715,5.134809970855713,2.461927890777588,-2.5264055940962096,3.199951171875,0.2069212845774792,0.0062328375105094,0.2445330221581146,5.04,0.1362028159,0.5568725444,0.4331664947999998,1.1376000000000008,0.14006253122,2.992985725402832,0.0634735822677612,2.929512023925781,1.002764105796814,2.2685129409101643,2.921437,30.0,0.9999723028571192,moderate,True,https://di-india-collab.flow-analytics.io/tools/replay/2025-06-01T10:18:27Z,1,2.097976553814503,0.7409733344180953,2.3144194826787423
10569855_10570275,2025-06-01 10:19:40.324805021,4,4,1,0.0427170623009386,6.846631050109863,0.8084368109703064,-1.3063212257182413,0.2308013439178466,8.468975067138672,25.290714263916016,-15.084719552168206,3.153076171875,4.784793878360274,0.1093396346131458,4.78481560267086,4.32,0.00142855362,1.8616069539999995,0.340077647,1.1424000000000007,0.13063366352,2.293480157852173,5.432029724121094,-3.138549566268921,-1.0562361478805542,0.7609006809708223,2.971447,31.0,0.9126002696994716,low,True,https://di-india-collab.flow-analytics.io/tools/replay/2025-06-01T10:19:40Z,1,0.0017198251515471157,-6.365532649401363,4.929544376907895
10570440_10570454,2025-06-01 10:19:12.140516043,4,4,1,0.2474705714671773,7.284082889556885,1.4832844734191897,-0.3994713093928769,2.585611343383789,4.910779476165772,2.461927890777588,-15.772314838067476,3.21728515625,1.0061699790834826,0.0314707380561753,1.0064950206347274,4.8,0.00154367736,1.2071049006,0.3971622215999999,1.156800000000001,0.1478229807999999,3.6930348873138423,0.0552891828119754,3.6377456188201904,1.221126914024353,3.164789731971374,2.979007,31.0,0.9998925577318908,moderate,True,https://di-india-collab.flow-analytics.io/tools/replay/2025-06-01T10:19:12Z,1,0.18447322028365165,-1.6902509735505582,3.693425613012828
10570796_10570831,2025-06-01 10:21:09.134397030,4,4,1,0.6102723692088358,7.489710330963135,2.3665616512298584,-0.6852677923264532,2.479988574981689,3.164806842803955,41.181339263916016,-15.163821777626586,3.230224609375,3.1005070405595863,0.12700135232664,3.1008426087167344,2.64,0.00140866756,1.9127134479999992,0.3286593456,1.1472000000000009,0.2645314575999999,4.190082550048828,1.317243218421936,2.8728394508361816,0.9929848909378052,3.6628117121561994,2.893135,30.0,0.9960543050071856,moderate,True,https://di-india-collab.flow-analytics.io/tools/replay/2025-06-01T10:21:09Z,1,0.0014864250898135008,-6.511381310463264,5.221668741201796
10570992_10571290,2025-06-01 10:20:34.258474111,4,4,1,12.463646697998048,6.858218193054199,5.223670482635498,-0.7945709618397768,0.3115057945251465,1.3129117488861084,150.06568908691406,15.8498741777923,3.05419921875,2.007733074044827,0.1385157211592739,2.0077342214799154,1.2,0.0014983970999999,1.945723645999999,0.2869555006,1.152000000000001,0.4330204326,3.2595012187957764,5.505532264709473,-2.2460310459136963,-0.772871732711792,0.1633432018422558,2.906085,30.0,0.9804298557563892,low,True,https://di-india-collab.flow-analytics.io/tools/replay/2025-06-01T10:20:34Z,1,3.5177592052122037e-43,-97.7533348012714,13.618686826301747
10571219_10571255,2025-06-01 10:20:32.861617088,4,4,1,0.2394065051282669,7.484897136688232,1.4395259618759155,0.4204274205285677,1.8824949264526367,5.199556827545166,0.2238116264343261,2.396300621328325,3.02490234375,0.4497545327468555,0.01351988435118,0.4719663094603521,5.279999999999999,0.1151984174399999,0.8660923480000001,0.3952179871999999,1.132800000000001,0.14792428916,2.389805555343628,0.169586956501007,2.2202186584472656,0.7648533582687378,1.979947040682779,2.902803,30.0,0.9992401883705054,low,True,https://di-india-collab.flow-analytics.io/tools/replay/2025-06-01T10:20:32Z,1,2.202202301210393,0.789457905656572,2.4403992531184553
10571546_10571572,2025-06-01 10:21:08.616334915,4,4,1,0.1577579532716526,7.494854927062988,1.4089845418930054,-0.3674810866470687,1.3646293878555298,5.31933069229126,3.3571743965148926,-3.756265701114732,3.117431640625,0.0967439028725272,0.0028382767117733,0.1108784228702914,5.279999999999999,0.14196487854,0.4191296546600001,0.3903178727999999,1.142400000000001,0.14420850022,2.304039239883423,0.2456911951303482,2.0583479404449463,0.704012930393219,1.811202661533766,2.923736,30.0,0.9989251794742762,low,True,https://di-india-collab.flow-analytics.io/tools/replay/2025-06-01T10:21:08Z,1,1.4919155388025114,0.4000608907975028,3.204200962083434
10572290_10572322,2025-06-01 10:22:25.359350920,4,4,1,0.4000283252917465,5.815171718597412,1.7524352073669434,0.0877544754403452,2.0807552337646484,3.3183376789093018,3.1333627700805664,0.8144126510862826,3.182373046875,0.1030051491172374,0.0040051871487778,0.1273268058128984,3.36,0.1545775725,0.3927516586600001,0.4009932285999999,1.1472000000000009,0.1707920581999999,2.4231226444244385,0.050733383744955,2.372389316558838,0.7918968796730042,2.3250232799511954,2.995831,31.0,0.9997364435081764,moderate,True,https://di-india-collab.flow-analytics.io/tools/replay/2025-06-01T10:22:25Z,1,0.1318158572722573,-2.026349351007701,3.3568047148902815
10572495_10572695,2025-06-01 10:23:14.219331026,4,4,1,0.1919781404394695,7.342379570007324,1.4289236068725586,0.3889481572822531,0.968742847442627,5.138399124145508,21.276092529296875,-8.339180219174384,2.982666015625,3.466202424552618,0.1064442093657477,3.469053411737318,4.08,0.0014659861,1.8616069539999995,0.3199605204000001,1.1472000000000009,0.1516027374,3.980369329452514,1.7809971570968628,2.1993722915649414,0.7583916783332825,1.6833397946181758,2.900048,30.0,0.9985519171590168,low,True,https://di-india-collab.flow-analytics.io/tools/replay/2025-06-01T10:23:14Z,1,0.1480339535909909,-1.9103136153745401,3.4718634273414306
10573114_10573132,2025-06-01 10:23:35.425554037,4,4,1,0.6960342268100878,7.308659553527832,2.581212520599365,-1.185917809083254,2.666831970214844,2.831483125686645,7.60959529876709,39.2578677152916,3.005859375,2.2477290470241926,0.0981631228035526,2.25724517634501,2.64,0.00153666376,1.8691658899999992,0.3281387608000001,1.1472000000000009,0.2782454855999999,8.633184432983398,4.849633693695068,3.78355073928833,1.2671459913253784,5.5457898937418895,2.985884,31.0,0.9952624771547692,serious,True,https://di-india-collab.flow-analytics.io/tools/replay/2025-06-01T10:23:35Z,1,0.001245176835399281,-6.688477722686404,4.917445761414812
10573331_10573348,2025-06-01 10:24:08.565248966,4,4,1,0.1216754544440876,7.480720520019531,1.3099663257598877,-0.2728081164705213,0.955095648765564,5.710620403289795,2.90955114364624,-2.11073361718987,3.27783203125,0.140377222134569,0.0039581022498791,0.155689620118041,5.76,0.1363999631,0.5079101638600001,0.4448642641999998,1.1424000000000007,0.14056629592,1.378183364868164,0.0062700388953089,1.3719133138656616,0.4710097014904022,1.3806727626098794,2.912707,30.0,0.999957023876373,low,True,https://di-india-collab.flow-analytics.io/tools/replay/2025-06-01T10:24:08Z,1,1.6193563581765746,0.48202876052830845,2.0989449105294486
10573348_10573366,2025-06-01 10:24:09.778256893,4,4,1,0.1886735841410941,6.006669521331787,1.3068639039993286,0.056154992433417,1.4746378660202026,4.59624719619751,7.833406925201416,-2.851669113462951,3.2373046875,1.113559348857063,0.0362568842176071,1.124615138705272,4.32,0.0014075006,1.2041838846,0.4007706415999999,1.156800000000001,0.1470929091999999,1.8458385467529297,0.0691034719347953,1.7767350673675537,0.6117018461227417,2.822278061270995,2.904577,30.0,0.9621217257330744,moderate,True,https://di-india-collab.flow-analytics.io/tools/replay/2025-06-01T10:24:09Z,1,0.5426157644980802,-0.6113538255522251,2.122884523616148
10573397_10573492,2025-06-01 10:24:21.460781097,4,4,1,0.5399525946812789,6.541335105895996,1.978753685951233,-0.1393652231695593,1.3119280338287354,3.3057854175567627,4.923855781555176,18.28995058419749,3.0673828125,0.3218673292353108,0.0126440285715764,0.3446632451423167,3.36,0.1425847605399999,0.400791038,0.3903702377999999,1.1184000000000007,0.1789234431999999,1.7465699911117554,0.120161548256874,1.6264084577560425,0.5443946719169617,1.698201562099798,2.9875540000000003,28.0,0.9916901290238872,low,True,https://di-india-collab.flow-analytics.io/tools/replay/2025-06-01T10:24:21Z,1,0.0014541837949897873,-6.533310501401532,4.4561606063631025
10573397_10573492,2025-06-01 10:24:22.555336952,4,4,1,0.1175385230747253,5.115487575531006,1.166181206703186,-1.5302417026431474,-0.0580461621284484,4.386528968811035,166.7386474609375,-470.96140131898846,3.0673828125,0.954929764105515,0.0319352002661435,0.9604126826029216,4.32,0.0127768631399999,1.1821428275999997,0.3627902896,1.1520000000000008,0.1473683206,0.8317444324493408,0.1293840110301971,0.7023603916168213,0.2404403388500213,1.698201562099798,2.921142,24.0,0.9489901003487434,low,True,https://di-india-collab.flow-analytics.io/tools/replay/2025-06-01T10:24:22Z,1,1.2243809513798739e-30,-68.87511741936726,12.034817797950364
10574385_10574481,2025-06-01 10:26:14.000510930,4,4,1,0.3519867487852562,6.224920272827148,1.7708284854888916,0.3783049004801543,2.1109819412231445,3.5152587890625,17.68111801147461,0.052209008625466,3.165283203125,0.0229699500469766,0.000853965153909,0.151894494834523,3.6,0.15736739842,0.5636341760400001,0.3993373013999999,1.142400000000001,0.1718181109999999,2.4235706329345703,0.0696913748979568,2.35387921333313,0.7881953120231628,2.613481631466834,2.986416,31.0,0.9997020034493358,moderate,True,https://di-india-collab.flow-analytics.io/tools/replay/2025-06-01T10:26:14Z,1,0.025018816547741407,-3.6881270753122077,3.862454519601692
10575002_10575014,2025-06-01 10:26:47.077821970,4,4,1,0.1071884611764696,7.482336044311523,1.3003363609313965,-0.6393682494969712,1.700901746749878,5.754154205322266,3.469080209732056,-9.203071504719473,3.322265625,1.280447467040326,0.0365011760042567,1.2833750003804667,5.52,0.00154367736,1.562163909999999,0.3716027602,1.1520000000000008,0.1470929091999999,4.131054401397705,0.0026210669893771,4.128433227539063,1.380529522895813,4.714002280218513,2.990471,31.0,0.9989373585975204,serious,True,https://di-india-collab.flow-analytics.io/tools/replay/2025-06-01T10:26:47Z,1,0.918176222496328,-0.08536594328065704,3.3017371353359604
10575002_10575552,2025-06-01 10:27:31.062079906,4,4,1,0.9578519554093666,6.774713516235352,2.7914223670959477,-1.1654036248069084,-0.3951525688171386,2.42697548866272,9.51199436187744,-26.602514090392816,3.32470703125,0.2112481269432276,0.0099474090132149,0.2221526651666036,2.4,0.1900605996399999,0.3894091414,0.4265829604,1.132800000000001,0.2786110872,2.507701873779297,1.0453883409500122,1.462313532829285,0.5051916241645813,3.274295680058863,2.894572,30.0,0.998982257524838,moderate,True,https://di-india-collab.flow-analytics.io/tools/replay/2025-06-01T10:27:31Z,1,1.5571185830871742e-10,-22.58301387872528,7.22164623418226
10575014_10575092,2025-06-01 10:27:25.666373968,4,4,1,0.1514964270983712,7.2125244140625,1.359577775001526,-0.8350593302985385,0.8938987851142883,5.304973602294922,0.8952465057373047,-1.17409847133042,3.2021484375,0.4415683059160278,0.0131142725942991,0.441622721567115,5.279999999999999,0.1087730932399999,0.8630410526000002,0.4422968451999998,1.132800000000001,0.15081702706,1.2113224267959597,2.9156486988067627,-1.7043262720108032,-0.5881006717681885,1.763245523917112,2.898018,30.0,0.997582213954971,low,True,https://di-india-collab.flow-analytics.io/tools/replay/2025-06-01T10:27:25Z,1,0.024564525187610663,-3.7064519423653186,4.471114728496829
10575014_10575367,2025-06-01 10:27:20.368633032,4,4,1,0.1029575150447123,6.15928316116333,1.1706916093826294,-2.4591278903270544,-0.0698142051696777,5.261234760284424,1.6785871982574463,-6.391476140634635,3.3349609375,2.829068359412537,0.0855419643294764,2.8306266701445533,4.08,0.00129985486,1.8065270399999995,0.3636705588000001,1.1376000000000008,0.1462054266,0.5545746088027954,0.0238636471331119,0.5307109355926514,0.1852055490016937,1.3448835057256423,2.865524,30.0,0.9167663621003834,low,True,https://di-india-collab.flow-analytics.io/tools/replay/2025-06-01T10:27:20Z,1,0.019036857322038234,-3.961378319857899,3.9335324687049273
10577213_10577233,2025-06-01 10:29:49.261300087,4,4,1,0.334121544147913,7.3716559410095215,1.623425841331482,0.5885635523931064,2.2587931156158447,4.540802478790283,3.1333627700805664,-13.380589656277692,3.24755859375,0.5309465187502997,0.0173227815208113,0.5354873519529307,4.56,0.1080530017799999,0.9399839834,0.4299183809999998,1.152000000000001,0.1501813629,3.122180938720703,0.0190596655011177,3.103121280670166,1.0406920909881592,2.2712292807584444,2.981786,31.0,0.9927992110220072,moderate,True,https://di-india-collab.flow-analytics.io/tools/replay/2025-06-01T10:29:49Z,1,0.3832032197182713,-0.9591898307331741,1.8762031695649417
10577213_10577233,2025-06-01 10:30:29.228967905,4,4,1,0.1938260562437556,5.616940498352051,1.207985281944275,0.1323652116584772,1.406008243560791,4.649841785430908,22.6049747467041,0.7926406273775782,3.24755859375,1.290917016037508,0.0417853449611917,1.2951443448499225,4.32,0.0014075006,1.5539631319999991,0.3691758026,1.1520000000000008,0.1474942607999999,1.7932623624801636,0.3763530850410461,1.4169092178344729,0.4862235188484192,2.131866718696493,2.914111,30.0,0.9833146052599984,moderate,True,https://di-india-collab.flow-analytics.io/tools/replay/2025-06-01T10:30:29Z,1,1.6888508896730432,0.5240483507271949,2.5978066015534993
10577244_10577279,2025-06-01 10:30:04.947592020,4,4,1,0.0621822344515316,6.564903736114502,0.957911252975464,-1.435655506380535,-0.0603379011154174,6.853352546691895,35.138423919677734,4.487555372024777,3.133056640625,2.462617988396352,0.0635449622779729,2.465288379061356,6.0,0.00143603162,1.8078425299999996,0.3565692802000001,1.1472000000000009,0.1391263526999999,0.6666388511657715,1.624445557594299,-0.9578067064285278,-0.3193653523921966,0.7544875395090482,2.999094,31.0,0.9186363725313548,low,True,https://di-india-collab.flow-analytics.io/tools/replay/2025-06-01T10:30:04Z,1,0.28013568300480607,-1.2724812110248847,3.5729614955371045
10578139_10578561,2025-06-01 10:31:52.339757919,4,4,1,0.0815114688471874,7.111349105834961,1.212399959564209,-0.8749637942049252,0.634662926197052,5.865514278411865,0.3357174396514892,-1.9843741616938009,3.27734375,0.0285093169901408,0.0007823549201408,0.1309533943962749,5.76,0.12273198032,0.4902022078399999,0.4290233497999998,1.1376000000000008,0.14141421392,0.9601880311965942,0.0053546158596873,0.9548333883285522,0.3303872644901275,1.087698062242222,2.890043,30.0,0.9999570166000916,low,True,https://di-india-collab.flow-analytics.io/tools/replay/2025-06-01T10:31:52Z,1,0.017889648044124497,-4.0235330549851325,3.2997816095559394
10579063_10579080,2025-06-01 10:32:35.364088058,4,4,1,0.2156249999917107,7.430147647857666,1.3941932916641235,0.1765401116271437,1.9411370754241943,5.329352378845215,1.7904930114746094,-4.019895336636957,3.2353515625,0.0349564379018226,0.001017129915781,0.0770312500000012,5.279999999999999,0.14196487854,0.4902022078399999,0.4265324868,1.132800000000001,0.13919680902,2.691310405731201,0.0877727046608924,2.6035377979278564,0.8728291988372803,2.197812500393197,2.982872,31.0,0.9999420003350876,moderate,True,https://di-india-collab.flow-analytics.io/tools/replay/2025-06-01T10:32:35Z,1,2.7078405413411684,0.9961514690257225,2.458497479462896
10579063_10579080,2025-06-01 10:33:27.872275114,4,4,1,0.0357078917261663,7.225088596343994,0.65870201587677,-0.2489505916549537,1.0688209533691406,10.96867561340332,16.562061309814453,-1.5495410646486665,3.2353515625,5.732647592015253,0.1124279685711879,5.732675597371277,4.08,0.00141674468,1.8616069539999995,0.3668752358,1.1424000000000007,0.12779928474,3.225742816925049,0.4684081375598907,2.7573347091674805,0.9520006775856018,1.980534913337363,2.896358,30.0,0.9794384509420452,low,True,https://di-india-collab.flow-analytics.io/tools/replay/2025-06-01T10:33:27Z,1,7.346942440763412e-06,-11.821226325743183,5.409873477401061
10579198_10579246,2025-06-01 10:33:27.872275114,4,4,1,0.2526735646631707,6.52193546295166,1.5844650268554688,,2.012795209884644,4.116175174713135,2.685739517211914,,3.25439453125,0.5360344111440833,0.0185439059558697,0.5361995660856228,4.08,0.09602131914,0.9399839834,0.4299183809999998,1.1568000000000012,0.1479011461,2.364835262298584,0.1750722229480743,2.189763069152832,0.7560402154922485,2.078950033536173,2.896358,30.0,0.9998694630041318,moderate,True,https://di-india-collab.flow-analytics.io/tools/replay/2025-06-01T10:33:27Z,1,0.8008971701818404,-0.22202271695648218,1.9051735480948935
10580129_10580722,2025-06-01 10:35:14.266252995,4,4,1,0.0983923218222931,7.419167041778564,1.065924882888794,-0.1294761196757196,1.2095123529434204,6.960309505462647,31.55743980407715,0.0,3.181884765625,4.360401099571719,0.1119280763019378,4.360404116684505,4.56,0.00141674468,1.8616069539999995,0.3259263484000001,1.1424000000000007,0.1455655599,1.824971318244934,0.1092737689614296,1.7156975269317627,0.5738433599472046,1.5541414564718965,2.989836,31.0,0.966389965560448,low,True,https://di-india-collab.flow-analytics.io/tools/replay/2025-06-01T10:35:14Z,1,0.01554141126262348,-4.164247123325418,4.212463546015557
10581522_10581544,2025-06-01 10:36:18.542442083,4,4,1,0.1047522464028346,7.403843402862549,1.1972570419311523,-0.7803869047322549,1.530341386795044,6.184004783630371,1.342869758605957,2.2014873021929318,3.06494140625,1.8188745288864607,0.0497928609859973,1.8199558931812048,5.76,0.00145561094,1.8033415019999997,0.3392871876000001,1.1520000000000008,0.1418199175999999,3.885537624359131,0.7070574164390564,3.1784801483154297,1.0947648286819458,3.350998675508867,2.903345,30.0,0.9986184821544194,moderate,True,https://di-india-collab.flow-analytics.io/tools/replay/2025-06-01T10:36:18Z,1,1.048328300834143,0.04719680099659671,2.5870252522000543
10582499_10582518,2025-06-01 10:37:34.058084965,4,4,1,0.1349305459346909,7.324792861938477,1.4829134941101074,0.155423346165437,0.5169517397880554,4.939460754394531,0.8952465057373047,-5.96380612410868,3.10546875,1.314060891538115,0.0410350837671553,1.314389973408678,4.8,0.00154367736,1.547720361999999,0.3466899834000002,1.1520000000000008,0.1482243323999999,1.2062053680419922,0.1943420469760894,1.011863350868225,0.3376207947731018,1.3856457860778042,2.997041,31.0,0.9994770474728716,low,True,https://di-india-collab.flow-analytics.io/tools/replay/2025-06-01T10:37:34Z,1,0.08468502834647396,-2.4688164539107156,3.5516800345255306
10582896_10583138,2025-06-01 10:38:29.054655075,4,4,1,0.3137834899359026,6.982819080352783,2.6606013774871826,-11.3419518065003,0.0345547199249267,2.6245265007019043,77.74656677246094,-23.31027855283084,3.109619140625,4.552246051504165,0.2090361824487595,4.558698004678942,1.44,0.00156669716,2.073393209999999,0.3009417292,1.1472000000000009,0.282257423,2.246642827987671,1.8929401636123655,0.3537026643753052,0.1185066923499107,0.9165844506165598,2.984664,31.0,0.9999948930179688,low,True,https://di-india-collab.flow-analytics.io/tools/replay/2025-06-01T10:38:29Z,1,2.896535574321154e-25,-56.50111193154183,10.516790661353165
10582896_10583143,2025-06-01 10:38:32.232112885,4,4,1,0.0579220511759286,7.280677318572998,0.900093138217926,-0.2884252207899768,0.6663390398025513,8.088804244995117,15.617855072021484,-3.6005067871345298,3.107666015625,4.1662688121567255,0.0977527517790418,4.167191913489402,5.52,0.0014659861,1.8616149439999992,0.3554466418000001,1.1424000000000007,0.1387815668,2.629173517227173,2.8114845752716064,-0.1823110580444336,-0.0627048164606094,0.7443781747951872,2.907449,30.0,0.9485932620705384,low,True,https://di-india-collab.flow-analytics.io/tools/replay/2025-06-01T10:38:32Z,1,0.06459987627679571,-2.7395427834152954,3.951478079615061
10585081_10585104,2025-06-01 10:41:29.165124893,4,4,1,0.0391882664731445,6.946982383728027,0.7042539119720459,-0.0905772414014943,0.645147979259491,9.864315032958984,3.622950792312622,-1.8948863131151357,3.15283203125,1.4238934144840325,0.0294598453240701,1.425362139947504,9.36,0.00154367736,1.5703074199999996,0.3581319927999999,1.156800000000001,0.12656286128,1.3419294357299805,0.0488763526082038,1.2930530309677124,0.4349385201931,1.864378037687609,2.972956,31.0,0.9999998334528032,low,True,https://di-india-collab.flow-analytics.io/tools/replay/2025-06-01T10:41:29Z,1,0.6479092170216425,-0.4340046896332135,3.366739362505826
10585452_10585470,2025-06-01 10:42:01.708873034,4,4,1,0.2493921058032942,6.4888916015625,1.5154519081115725,0.1779875667613351,1.984001874923706,4.281819343566895,2.0143046379089355,-0.09430662378381,3.2001953125,0.1836820488194177,0.0061603760309402,0.194213470362672,4.32,0.1229683180999999,0.5524356697000004,0.4337313484,1.1520000000000008,0.13917645722,2.442593097686768,0.0863449871540069,2.356248140335083,0.7882912158966064,2.934526376315664,2.989058,31.0,0.999668633184582,moderate,True,https://di-india-collab.flow-analytics.io/tools/replay/2025-06-01T10:42:01Z,1,1.3805742349801198,0.322499524922832,1.596705194505541
10585498_10585526,2025-06-01 10:42:05.156485081,4,4,1,0.4378824488409489,7.361232280731201,1.9618501663208008,-0.2653098161829582,1.8545215129852293,3.752188920974731,0.4476232528686523,-1.3693990552954447,3.17041015625,0.3963909216704849,0.0144603703882432,0.4412735696608732,3.84,0.1436474990599999,0.8408621312000001,0.3993065984,1.1184000000000007,0.1809570371999999,2.278212070465088,0.0524980947375297,2.225713968276977,0.7460187077522278,1.6983253778470642,2.983456,31.0,0.9994588905064958,low,True,https://di-india-collab.flow-analytics.io/tools/replay/2025-06-01T10:42:05Z,1,0.35303318772634545,-1.0411932102461465,2.6818157101995967
10586375_10586388,2025-06-01 10:43:13.944840908,4,4,1,0.1327841401706893,6.076598644256592,1.20514976978302,0.4105270651637417,1.6891872882843018,5.04219388961792,1.342869758605957,2.214976069220381,3.19287109375,0.0637715620558788,0.0019259310212222,0.0638021099064568,5.04,0.1163355328399999,0.5356990113400001,0.4274968189999999,1.1376000000000008,0.13933900312,2.1118483543396,0.14341601729393,1.9684323072433472,0.6566691994667053,1.5560981423127422,2.997601,31.0,0.9999992061536204,low,True,https://di-india-collab.flow-analytics.io/tools/replay/2025-06-01T10:43:13Z,1,3.336532531325927,1.2049321034491416,2.0270749090375983
10586490_10586875,2025-06-01 10:44:31.673197031,4,4,1,0.0482388573957975,6.978183269500732,0.7757138609886169,-0.0988689214626231,0.7617358565330505,8.995820999145508,20.143047332763672,-0.6317457740811964,3.33544921875,2.772705090511429,0.0608889123862951,2.774109805177445,7.68,0.00145561094,1.8078425299999996,0.3838902564000001,1.1472000000000009,0.12563474522,1.3387213945388794,0.5909661054611206,0.7477552890777588,0.2493945062160492,2.1374931537509254,2.998283,31.0,0.9730357880315378,moderate,True,https://di-india-collab.flow-analytics.io/tools/replay/2025-06-01T10:44:31Z,1,0.7384258023351895,-0.30323465282980683,2.8143261776788746
10586644_10586660,2025-06-01 10:43:44.911570072,4,4,1,0.1714435134147684,7.394455909729004,1.4621027708053589,-1.1167482032591858,1.292152762413025,5.057411670684815,2.90955114364624,12.15454501841517,3.225830078125,0.8550446653630234,0.0262490737906518,0.8582330703198997,5.04,0.0423283858399999,1.0400247509999998,0.4038709903999998,1.1616000000000009,0.1470552750999999,2.125950336456299,1.0053904056549072,1.1205599308013916,0.3742947876453399,5.940339790020791,2.99379,25.0,0.9955481794843312,serious,True,https://di-india-collab.flow-analytics.io/tools/replay/2025-06-01T10:43:44Z,1,0.00010270688366990448,-9.183631416305136,4.849011726625124
10588215_10588232,2025-06-01 10:46:00.156893015,4,4,1,0.324393971096661,7.491466522216797,1.7642754316329956,-0.5923488926125575,2.4290213584899902,4.246200084686279,3.5809860229492188,10.071453585728946,3.1357421875,2.354580691530981,0.0807925346909807,2.3547097087539264,3.84,0.00144582128,1.8065270399999995,0.3364369648,1.1472000000000009,0.163226093,4.5752668380737305,3.592957735061645,0.982309103012085,0.3379890620708465,2.636127292933112,2.906334,30.0,0.978300268003131,moderate,True,https://di-india-collab.flow-analytics.io/tools/replay/2025-06-01T10:46:00Z,1,0.2960104923832298,-1.217360378045674,3.085035631500304
10588356_10589165,2025-06-01 10:47:16.958209991,4,6,1,0.3021775617547604,7.217397212982178,1.93192720413208,-1.5199225405437515,1.2932124137878418,3.735853672027588,9.064371109008787,-2.266498293969817,3.677734375,1.0841795848569613,0.0399342111510798,1.0888497778351758,3.6,0.00154367736,1.2041838846,0.3971622215999999,1.1520000000000008,0.1785828195999999,1.6151070594787598,2.5246639251708984,-0.9095568656921388,-0.3041749894618988,0.9616975004400432,2.990242,31.0,0.99469279222086,low,True,https://di-india-collab.flow-analytics.io/tools/replay/2025-06-01T10:47:16Z,1,0.00065974889848542,-7.323651252176141,4.23911465072976
10589205_10589261,2025-06-01 10:47:16.958209991,4,4,1,0.2158315966430525,7.395077228546143,1.6063328981399536,-0.8481731300698746,1.870884656906128,4.603701591491699,5.147667407989502,2.266493465139786,3.107177734375,1.482678267428745,0.048325339176592,1.49147326042818,4.32,0.0015052288,1.7406244859999995,0.3395817830000001,1.1520000000000008,0.1466450099999999,5.377907752990723,0.1859191954135894,5.191988468170166,1.7363104820251465,4.107173837047579,2.990242,31.0,0.9999899030486058,serious,True,https://di-india-collab.flow-analytics.io/tools/replay/2025-06-01T10:47:16Z,1,0.06452839113006652,-2.7406499794687615,2.995687281099702
10589261_10589285,2025-06-01 10:47:18.656311035,4,4,1,0.4091717302242405,7.289277076721191,1.9727991819381716,-0.9896923147864808,2.9027254581451416,3.6948904991149902,1.7904930114746094,-6.71179482086455,3.15380859375,0.5497531593594868,0.0202862092997953,0.5688493914270748,3.6,0.1213777235,0.9505669056,0.3925460463999999,1.152000000000001,0.1750764919999999,4.665969371795654,0.0788378715515136,4.587131500244141,1.5366255044937134,4.068950165110774,2.985198,31.0,0.9998976048698012,serious,True,https://di-india-collab.flow-analytics.io/tools/replay/2025-06-01T10:47:18Z,1,0.7060501141246873,-0.34806906082863787,
10589579_10589629,2025-06-01 10:48:28.908946991,4,4,1,0.0669204982729357,6.744807720184326,0.8855971693992615,-0.007279461170267,0.9462300539016724,7.61611270904541,10.742958068847656,-0.0805686030693459,3.252685546875,0.9743247608141272,0.0234560086280483,0.9744461342891052,7.439999999999999,0.0106548416999999,1.1783074166,0.4114235186,1.156800000000001,0.12981408706,1.2880128622055054,0.0079476479440927,1.2800651788711548,0.4409375786781311,1.2015903582528047,2.903053,30.0,0.9953015191583016,low,True,https://di-india-collab.flow-analytics.io/tools/replay/2025-06-01T10:48:28Z,1,2.475956844592764,0.9066269251844948,1.1308014606669572
10589629_10590078,2025-06-01 10:48:41.054178953,4,4,1,0.1835632680926129,3.798119783401489,1.044573187828064,-1.6366809252445855,0.1052466630935669,3.636049509048462,170.6553497314453,3.8989575083938335,3.10986328125,3.1234240177264887,0.1177878621664764,3.1237076261347485,1.2,0.00125896932,1.848055468,0.3257794452,1.156800000000001,0.1455655599,0.4618408679962158,0.1157479509711265,0.3460929095745086,0.1169335097074508,0.604700144494539,2.959741,28.0,0.622413736511876,low,True,https://di-india-collab.flow-analytics.io/tools/replay/2025-06-01T10:48:41Z,1,7.926651628189485e-11,-23.25820531754243,7.403247811091935
10590311_10590600,2025-06-01 10:49:34.857486963,4,4,1,0.230941700899086,6.085295677185059,0.6911256313323975,6.539445518404063,0.6047627925872803,8.80490493774414,4.56016206741333,-38.49502064287116,2.99462890625,0.131731642194983,0.0028682338930052,0.1426617263461454,8.879999999999999,0.09587197734,0.4308793178200001,0.4068401201999999,1.1472000000000009,0.11162308448,3.2473762035369877,4.327414989471436,-1.0800387859344482,-0.635983943939209,3.2188928037475018,1.698217,18.0,0.9999762570484976,moderate,True,https://di-india-collab.flow-analytics.io/tools/replay/2025-06-01T10:49:34Z,1,1.5408470540620053e-15,-34.10644409459381,8.575673306999654
10590738_10590762,2025-06-01 10:49:42.655385017,4,4,1,0.080736445231513,7.433034420013428,1.0300302505493164,0.0340342453336618,1.6773359775543213,7.216326236724853,3.5809860229492188,-27.7873204862263,3.29541015625,0.517818770678886,0.0128163138595327,0.5181784549099013,7.199999999999999,0.1024258454599999,0.9347676194,0.4407995413999998,1.1472000000000009,0.14590649696,3.76038670539856,0.1043859496712684,3.656000852584839,1.223519802093506,3.617529560471428,2.988101,31.0,0.9998928351312666,moderate,True,https://di-india-collab.flow-analytics.io/tools/replay/2025-06-01T10:49:42Z,1,0.17958033099793766,-1.7171326447129927,3.5759803874542095
10591657_10592145,2025-06-01 10:51:42.281905890,4,4,1,0.2140586896104666,6.810888290405273,1.4274216890335083,-0.1832531272774575,1.361994743347168,4.7714619636535645,21.485916137695312,-8.617238951143454,3.13232421875,1.454781821647959,0.0464091600086657,1.4548102888983736,4.56,0.0015052288,1.7136483639999995,0.3384875538000001,1.1520000000000008,0.1498476541999999,1.8026043176651,0.0644765868782997,1.7381277084350586,0.579910397529602,1.7775609738980054,2.997235,31.0,0.9998794553879186,low,True,https://di-india-collab.flow-analytics.io/tools/replay/2025-06-01T10:51:42Z,1,0.9252965371027578,-0.07764101219307927,3.0234797277511456
10591902_10592029,2025-06-01 10:51:26.588191032,4,4,1,0.1633403040887951,7.1660685539245605,1.4562374353408811,-1.6993993029256675,0.6223185658454895,4.920948028564453,0.7833406925201416,-1.2221316658349148,3.24853515625,0.3640120319205263,0.0112908076327743,0.3967605065226792,4.8,0.1145215032799999,0.5987333482,0.4315830813999999,1.1136000000000008,0.14446113382,0.9858230352401732,2.443142890930176,-1.4573198556900024,-0.5023375153541565,0.8824690709572387,2.901077,30.0,0.9990367490858392,low,True,https://di-india-collab.flow-analytics.io/tools/replay/2025-06-01T10:51:26Z,1,0.07078497039626679,-2.648108583356195,3.8802802286920706
10592769_10592792,2025-06-01 10:52:31.521141052,4,4,1,0.1673995254840757,6.4517107009887695,1.3733325004577637,0.5804957258797445,1.74050772190094,4.697850227355957,4.252420902252197,6.135946604150602,3.130126953125,0.0406646315983672,0.0012769443992121,0.1463087488839954,4.8,0.1284737769399999,0.56082049174,0.4010235615999999,1.142400000000001,0.14053076582,2.041509866714477,0.0500118620693683,1.9914979934692385,0.6832051873207092,2.085633979984041,2.914934,30.0,0.999292854006515,moderate,True,https://di-india-collab.flow-analytics.io/tools/replay/2025-06-01T10:52:31Z,1,0.21987555374692797,-1.5146935574651508,3.2522665402648263
10593071_10593388,2025-06-01 10:54:06.880564928,4,4,1,0.0784173446126623,5.491703987121582,0.8124361038208008,-0.201129880529485,1.060094952583313,6.759552001953125,6.070890426635742,-1.4000815886807625,3.1591796875,2.064270388696581,0.0536390902616236,2.0646386875567964,5.76,0.00130964452,1.7951407239999997,0.3550639958000001,1.1520000000000008,0.1242588888199999,1.380724549293518,0.0341012701392173,1.3466233015060425,0.4665988385677337,1.9998815018403064,2.886041,30.0,0.974068468960893,low,True,https://di-india-collab.flow-analytics.io/tools/replay/2025-06-01T10:54:06Z,1,0.4767603864329265,-0.7407412488282176,3.382785659203331
10593149_10593210,2025-06-01 10:52:53.113938093,4,6,1,0.2689625848607145,7.326592445373535,1.7683206796646118,-0.7218145579606038,1.1199095249176023,4.143248558044434,6.042913913726807,-27.334832293630143,3.582763671875,0.0277635169206918,0.0009371003557344,0.1151370152800464,4.08,0.16923111982,0.4902022078399999,0.4258444556,1.1376000000000008,0.1718779737999999,1.6506061553955078,0.1125240996479988,1.5380820035934448,0.5310776233673096,2.886237286980608,2.896153,29.0,0.998976119571444,moderate,True,https://di-india-collab.flow-analytics.io/tools/replay/2025-06-01T10:52:53Z,1,0.02862970461031699,-3.553310477413394,3.9735908403545914
10593404_10593437,2025-06-01 10:53:25.883363008,4,4,1,0.0415481358611315,6.723211765289307,0.6838066577911377,-0.2767959422158403,0.3207093775272369,9.832036018371582,13.204885482788086,1.4758468454476288,3.33203125,1.437755638845058,0.0298068377430022,1.4378411498901762,9.36,0.00154367736,1.5703074199999996,0.3847985964,1.156800000000001,0.1257259316,0.8008571863174438,0.1659902036190033,0.6348669528961182,0.2183325439691543,1.6078944666103672,2.907798,30.0,0.9975382955090328,low,True,https://di-india-collab.flow-analytics.io/tools/replay/2025-06-01T10:53:25Z,1,0.9886112873735,-0.011454060641077117,2.7307008043468013
10594220_10594276,2025-06-01 10:54:03.267390012,4,4,1,0.3636627925483576,7.457369804382324,1.8601899147033687,-0.0490518084439212,2.220999002456665,4.008929252624512,1.5666813850402832,3.875894896807385,3.1376953125,0.589468010711307,0.0207296071951674,0.6161515101098469,4.08,0.11195735424,1.3742386411999994,0.394383163,1.1664000000000008,0.1782972785999999,3.205519199371338,0.1809882968664169,3.02453088760376,1.037388801574707,3.1438265125516938,2.915523,30.0,0.9998073233697566,moderate,True,https://di-india-collab.flow-analytics.io/tools/replay/2025-06-01T10:54:03Z,1,0.03769722348746217,-3.2781688347877083,3.1637703440049143
10594220_10594276,2025-06-01 10:54:24.852086067,4,4,1,0.0303502633419848,6.592440128326416,0.5924769043922424,0.8774887290159069,0.620579719543457,11.126914978027344,0.8952465057373047,2.8313194907869845,3.1376953125,0.765255165938945,0.0146722285113998,0.7661778616124328,11.04,0.05577062056,1.0280494745999995,0.3770998799999998,1.1616000000000009,0.1190632801799999,2.9305310249328613,2.9753308296203613,-0.0447998046875,-0.01539096981287,0.7931451709008355,2.910785,30.0,0.9997550588344268,low,True,https://di-india-collab.flow-analytics.io/tools/replay/2025-06-01T10:54:24Z,1,0.07982086541498197,-2.527970337338365,3.1198859702890727
10594538_10594588,2025-06-01 10:55:38.978780031,4,4,1,0.1021295952703282,5.730478286743164,1.0543571710586548,-0.6642455505342327,0.755734920501709,5.435044765472412,9.176277160644531,7.990019632437711,2.885986328125,1.7240928000858342,0.0509539704523566,1.7274201183095368,5.04,0.00130964452,1.8033415019999997,0.3444373352000001,1.1520000000000008,0.1411800508999999,1.0930242538452148,2.002638816833496,-0.9096145629882812,-0.3070090115070343,1.267096383262306,2.962827,31.0,0.9849461597006656,low,True,https://di-india-collab.flow-analytics.io/tools/replay/2025-06-01T10:55:38Z,1,0.11563677956928321,-2.1573012109827303,3.7224508437196513
10594699_10596553,2025-06-01 10:57:04.049300909,4,4,1,0.0612770673760328,6.66706132888794,0.9543258547782898,-1.6773975558223742,1.204115867614746,6.986147880554199,14.54775619506836,26.14958038172681,3.193115234375,5.290641430056716,0.1356905816919581,5.291298576436601,2.64,0.00140866756,1.9051625019999991,0.3617502703999999,1.1424000000000007,0.1421360053,4.138270854949951,4.1198835372924805,0.0183873176574707,0.0061538317240774,2.0578649602048413,2.987946,31.0,0.9857617856234036,moderate,True,https://di-india-collab.flow-analytics.io/tools/replay/2025-06-01T10:57:04Z,1,0.0006400916244672138,-7.353899228627412,4.899258919475976
10595106_10595341,2025-06-01 10:55:58.786915064,4,4,1,0.1347181926114336,6.473654747009277,1.129954218864441,-0.1209435841683459,0.9218580722808838,5.729130268096924,6.042913913726807,-2.1739213030503453,3.27001953125,0.4020504858032743,0.0113980936982035,0.4064979486730412,5.76,0.0968904753399999,0.6027886868000001,0.4403360203999998,1.1280000000000008,0.14795868382,1.2966175079345703,0.0297347120940685,1.2668827772140503,0.4253638088703155,1.3195688980776563,2.978351,31.0,0.9994993627975606,low,True,https://di-india-collab.flow-analytics.io/tools/replay/2025-06-01T10:55:58Z,1,2.6726170467530834,0.9830581596850804,1.6176843316986602
10595449_10595483,2025-06-01 10:55:28.010415077,4,4,1,0.0830116445205609,5.99945592880249,0.9774147272109984,0.4933972351872498,1.0074646472930908,6.138086318969727,2.2381162643432617,-0.3658064118855795,3.2724609375,1.0717205891110009,0.0293607410799783,1.073256849166231,6.0,0.0014075006,1.2041838846,0.4209985167999999,1.156800000000001,0.1418984770999999,1.321089744567871,0.0218154862523078,1.299274206161499,0.4341143369674682,2.1798618808503663,2.992931,31.0,0.9979608954342242,moderate,True,https://di-india-collab.flow-analytics.io/tools/replay/2025-06-01T10:55:28Z,1,0.18733644666354896,-1.6748490986942137,2.2139313488907946
10595657_10595712,2025-06-01 10:55:43.779885054,4,4,1,0.2681557632704974,7.287443161010742,1.5533390045166016,0.8051947955766762,2.0351486206054688,4.691469669342041,17.79302406311035,13.206579455842574,3.112548828125,3.8117327834006303,0.1236609912460411,3.8127343197715815,3.36,0.00140866756,1.8829410919999992,0.3098058866000001,1.1472000000000009,0.1457793772,6.933989524841309,7.8993048667907715,-0.9653153419494628,-0.3228407204151153,3.932567653824023,2.990067,31.0,0.9826308935436864,moderate,True,https://di-india-collab.flow-analytics.io/tools/replay/2025-06-01T10:55:43Z,1,4.436355762835254e-05,-10.023092199681814,4.758808931864051
10596927_10596946,2025-06-01 10:56:53.146286964,4,4,1,0.0549689736929531,6.256238460540772,0.6646515130996704,-0.3783522705008276,0.3764736950397491,9.41281032562256,0.0,-0.7597013112122838,3.3056640625,0.2667395071836783,0.00560887523559,0.2677946574834159,9.36,0.0929243987999999,0.5078947637799999,0.4521645607999999,1.1424000000000007,0.1123731561799999,0.701037585735321,0.0107072982937097,0.6903302669525146,0.2302093058824539,1.4141124673808538,2.998707,31.0,0.9998422782240451,low,True,https://di-india-collab.flow-analytics.io/tools/replay/2025-06-01T10:56:53Z,1,0.40413759838269525,-0.9059998689524374,2.2254352911535307
10597022_10597045,2025-06-01 10:57:00.951639891,4,4,1,0.0855891067715099,7.452273368835449,0.9933645725250244,0.0037376967478517,0.8860797882080078,7.502052783966064,0.5595290660858154,-4.646519475448202,3.16455078125,0.1428898065295475,0.0034246913678951,0.15455773538356,7.439999999999999,0.1185793415199999,0.4282360984600001,0.4148518985999999,1.1424000000000007,0.13379391968,1.703301191329956,0.033479806035757,1.6698213815689087,0.5764771699905396,1.5165574109058266,2.896596,30.0,0.9997612645140098,low,True,https://di-india-collab.flow-analytics.io/tools/replay/2025-06-01T10:57:00Z,1,3.177766342904564,1.1561785420964377,2.691261198965904
10597036_10597111,2025-06-01 10:57:28.335803032,4,4,1,0.1509122250353194,6.847606658935547,1.3067069053649902,0.3713779028495034,1.2638705968856812,5.240354061126709,4.923855781555176,0.2415751098103506,3.320068359375,0.4007902920721864,0.0119823281457329,0.4078197979621189,5.279999999999999,0.1117831757999999,0.6027886868000001,0.4323532687999998,1.1232000000000009,0.14757660842,1.5793695449829102,0.0463202930986881,1.53304922580719,0.5300955772399902,1.7366613840441385,2.892024,30.0,0.99802359228273,low,True,https://di-india-collab.flow-analytics.io/tools/replay/2025-06-01T10:57:28Z,1,4.404858209331265,1.4827080702960194,1.715044513405066
10597123_10597233,2025-06-01 10:57:25.145612955,4,4,1,0.0545540213505456,6.63510799407959,0.8607840538024902,0.527991328230905,1.3689486980438232,7.708214282989502,1.45477557182312,3.896677075273899,2.999755859375,2.5893168693201885,0.0623154270691908,2.5898148792343463,6.48,0.00144582128,1.8078425299999996,0.3572236528,1.1472000000000009,0.12563474522,2.5874011516571045,5.732442855834961,-3.1450417041778564,-1.0533372163772583,0.6401151876062308,2.985788,31.0,0.9213908991420148,low,True,https://di-india-collab.flow-analytics.io/tools/replay/2025-06-01T10:57:25Z,1,0.004037140566110027,-5.5122186182699,5.232314904548216
10597233_10597318,2025-06-01 10:57:23.838721991,4,4,1,0.1075252560714879,6.7015767097473145,1.376103758811951,-2.0392414310927447,0.450098305940628,4.869964599609375,0.3357174396514892,-2.382900208719995,3.072509765625,0.3314060922643005,0.0103366583689827,0.3409224305288458,4.8,0.12414861768,0.398519129,0.4062476245999998,1.1184000000000007,0.14703491092,0.8092259168624878,1.5816028118133545,-0.7723768949508667,-0.2659168839454651,1.075533635519056,2.90458,30.0,0.99997555496271,low,True,https://di-india-collab.flow-analytics.io/tools/replay/2025-06-01T10:57:23Z,1,0.3144000031199385,-1.157089208503617,3.411603142124636
10597577_10597596,2025-06-01 10:57:55.377790928,6,4,1,0.1279111910459063,6.51920223236084,1.1351306438446045,-0.0675002532560784,1.1448099613189695,5.743129253387451,2.2381162643432617,-1.2795078979800978,3.38134765625,0.8732302142170558,0.0248545913170216,0.8839668338129264,5.76,0.0359834926399999,1.040187635,0.4184658861999998,1.156800000000001,0.1465086635,1.4559234380722046,0.1806672066450119,1.2752562761306765,0.4404569268226623,3.6764289660491514,2.895303,30.0,0.996729184612296,moderate,True,https://di-india-collab.flow-analytics.io/tools/replay/2025-06-01T10:57:55Z,1,1.569961974903362,0.4510513992601366,1.790915712172374
10597589_10597970,2025-06-01 10:58:30.553245068,4,4,1,0.0793171366547687,6.242804527282715,0.8301072716712952,0.3471615279362395,0.7415177822113037,7.520479202270508,2.6018102169036865,-9.373358181938364,2.963134765625,0.4623592892476679,0.0111566715796702,0.463510851620879,7.439999999999999,0.0881224336799999,0.9592403364000004,0.3950614643999999,1.1376000000000008,0.1216906212999999,3.243657112121582,2.369006872177124,0.874650239944458,0.2926909923553467,1.0623104854186882,2.988306,31.0,0.99868769540553,low,True,https://di-india-collab.flow-analytics.io/tools/replay/2025-06-01T10:58:30Z,1,2.5167628340279142,0.9229734860592784,2.3735327094862875
10597589_10597970,2025-06-01 10:58:33.451083899,4,4,1,0.0665817919074408,3.859501600265503,0.7507463693618774,0.3014588980717499,1.1861836910247805,5.140886306762695,3.930691719055176,2.299418355934694,2.963134765625,0.6388273363210258,0.0193813962073244,0.6395511495670989,5.04,0.08132956108,1.0545719774000002,0.4032827983999998,1.1616000000000009,0.12507306198,2.3651561737060547,1.0218257904052734,1.3433303833007812,0.6709167957305908,4.178686369389335,2.002231,21.0,0.9954690008248268,serious,True,https://di-india-collab.flow-analytics.io/tools/replay/2025-06-01T10:58:33Z,1,1.1705848513201641e-07,-15.960592154120288,6.311800112690877
10597919_10598094,2025-06-01 10:58:39.762464046,4,4,1,0.5715225325657483,6.566553592681885,2.1943302154541016,-1.0171611066402948,1.549820899963379,2.992509365081787,0.8952465057373047,12.493964156484978,3.03271484375,0.7280677292593725,0.0305233605359389,0.7470172642521858,2.88,0.06918714964,0.9434807562,0.3798084203999998,1.1616000000000009,0.2496618409999999,1.8758177757263184,0.3395447432994842,1.5362730026245115,0.5138549208641052,1.525036395726956,2.989702,31.0,0.99700529128059,low,True,https://di-india-collab.flow-analytics.io/tools/replay/2025-06-01T10:58:39Z,1,0.0266577169219094,-3.6246766047362247,3.8509772141937595
10598243_10598325,2025-06-01 10:58:55.039452076,4,4,1,0.5246060420465334,7.450356483459473,2.2764389514923096,-0.8791911186844826,2.1587443351745605,3.272811889648437,0.2238116264343261,1.982161828360258,3.18994140625,0.2175711075872345,0.0085746029655546,0.2988796958155586,3.36,0.1747022016399999,0.3953086337999999,0.4043204948,1.1424000000000007,0.2575231224,2.884663343429565,3.307961225509644,-0.4232978820800781,-0.1434762626886367,1.3822753274409791,2.950299,30.0,0.9996678534406992,low,True,https://di-india-collab.flow-analytics.io/tools/replay/2025-06-01T10:58:55Z,1,0.014642914734757737,-4.223798696361316,3.209596167326654
10599302_10599337,2025-06-01 11:00:37.469882011,4,4,1,0.3180552937205645,7.404414176940918,1.8244147300720213,-0.4976441097527895,2.377311944961548,4.058514595031738,2.2381162643432617,0.0,3.159912109375,0.1723200396188366,0.0059641130715841,0.1776573493809431,4.08,0.15600107768,0.4876044097000002,0.4003583416,1.1472000000000009,0.1775137689999999,3.127271175384521,1.2639931440353394,1.863278031349182,0.6227113008499146,3.654188380836476,2.992202,31.0,0.994535538077493,moderate,True,https://di-india-collab.flow-analytics.io/tools/replay/2025-06-01T11:00:37Z,1,0.8906603445442625,-0.11579213121022476,2.646361507949853
10599302_10599576,2025-06-01 11:00:48.551161051,4,6,1,1.474468998959349,7.4918341636657715,3.209512948989868,-1.7539228810513527,1.7702200412750244,2.334258794784546,100.6592788696289,-4.283277747282412,3.414794921875,1.5803263040702635,0.0772438160617455,1.597139249254554,2.16,0.00151649894,1.7480222739999995,0.348867745,1.1472000000000009,0.3205598366000001,2.639523983001709,3.485440731048584,-0.845916748046875,-0.2832667827606201,2.085744028033148,2.98629,31.0,0.999206365299682,moderate,True,https://di-india-collab.flow-analytics.io/tools/replay/2025-06-01T11:00:48Z,1,4.049112765085763e-08,-17.022182957182526,6.205466466391054
10599724_10599744,2025-06-01 11:01:03.137687922,4,4,1,0.1406218805325543,6.800232410430908,1.226241946220398,-0.0756312337564016,1.6218676567077637,5.54558801651001,1.5666813850402832,-5.373135899580387,2.964599609375,1.3914950697464157,0.0405728769170158,1.3921235539642138,5.279999999999999,0.00154367736,1.535456743999999,0.3401485246,1.1520000000000008,0.1474942607999999,1.9761724472045896,0.0104690417647361,1.965703368186951,0.6587857604026794,2.503298187881113,2.983828,31.0,0.9849418833797629,moderate,True,https://di-india-collab.flow-analytics.io/tools/replay/2025-06-01T11:01:03Z,1,1.3143050776415697,0.27330806787930273,3.042665241331137
10602446_10602450,2025-06-01 11:05:41.251581907,4,4,1,0.1159371043897409,5.585975646972656,1.0666120052337646,0.3145712589837823,1.1595537662506104,5.237120628356934,3.692891836166382,1.0720003528029858,3.098388671875,1.193293785767611,0.035962341896767,1.194169301795226,5.04,0.0014075006,1.5392162619999992,0.3545825138,1.156800000000001,0.1467284539,1.487736463546753,0.0308835413306951,1.456852912902832,0.4875659346580505,2.001860301876071,2.988012,31.0,0.9996166159950568,moderate,True,https://di-india-collab.flow-analytics.io/tools/replay/2025-06-01T11:05:41Z,1,0.4706037222171632,-0.7537388932064211,3.3188248035666357
10602743_10603763,2025-06-01 11:07:52.653064966,6,4,1,0.0570265903468697,4.386146545410156,0.7923277020454407,-1.7553893638327105,-0.0736074447631836,5.535773277282715,0.5595290660858154,3.384825612362637,3.294677734375,3.189083193625782,0.0936267130798642,3.1892799246953176,2.64,0.00129985486,1.8426422039999997,0.3786280628000001,1.1472000000000009,0.13063366352,1.2308542728424072,3.078375816345215,-1.847521543502808,-0.6159365773200989,0.6893948105960389,2.999532,31.0,0.7205950694128431,low,True,https://di-india-collab.flow-analytics.io/tools/replay/2025-06-01T11:07:52Z,1,1.3264454600464335e-05,-11.230422686902894,4.939862692024186
10603448_10603696,2025-06-01 11:07:57.962040901,4,4,1,0.2073691511609715,7.491978645324707,1.478271245956421,0.3748558162738672,1.5670759677886963,5.06806755065918,4.70004415512085,-7.316254648606617,2.953857421875,1.1438347451355624,0.0351421470122076,1.1517412157880011,5.04,0.00154367736,1.33119187,0.355966819,1.156800000000001,0.1478229807999999,2.381875514984131,0.1043578460812568,2.277517557144165,0.7601566910743713,3.508367891040504,2.996116,31.0,0.9857919931565264,moderate,True,https://di-india-collab.flow-analytics.io/tools/replay/2025-06-01T11:07:57Z,1,0.44641448932047495,-0.8065074102866046,3.165303488520319
10603589_10603665,2025-06-01 11:07:32.369543076,4,4,1,0.1073795824677037,6.552019119262695,1.0619324445724487,0.0690873320454914,1.1857354640960691,6.169901847839356,8.281030654907227,-2.2431585696253604,3.175048828125,0.8949408875462539,0.0244114514111764,0.8968661955823289,6.0,0.0312703359,1.1190983285999996,0.3941943913999999,1.1616000000000009,0.1448320884,1.5873053073883057,0.03006312251091,1.5572421550750732,0.5203733444213867,1.4169005440888185,2.992548,31.0,0.9999994291198324,low,True,https://di-india-collab.flow-analytics.io/tools/replay/2025-06-01T11:07:32Z,1,5.8564964087298765,1.767551542316621,1.8100648015779435
10603721_10603737,2025-06-01 11:07:39.764053106,4,4,1,0.3569527131126131,7.3695855140686035,1.752982497215271,0.013327575077551,1.9967131614685056,4.204026699066162,1.1190581321716309,-4.043975066779738,3.272216796875,0.0071724824061727,0.0002377371716522,0.2034324746163104,4.32,0.16767038982,0.7027079182200001,0.4277650818,1.1280000000000008,0.1714857207999999,2.8032283782958984,0.0080438377335667,2.79518461227417,0.9333902597427368,2.067783211708495,2.9946580000000003,31.0,0.9999577801673416,moderate,True,https://di-india-collab.flow-analytics.io/tools/replay/2025-06-01T11:07:39Z,1,3.8495812079817125e-07,-14.770131285722897,6.200262810513159
10603737_10603754,2025-06-01 11:07:41.960654020,4,4,1,0.2275103271871708,5.947442531585693,1.4073858261108398,-0.0069543578602015,1.7354286909103394,4.225879192352295,2.685739517211914,7.879271079884814,3.23046875,0.9079341407077992,0.0310353523433364,0.9104393981842578,4.08,0.02604022012,1.1149331645999998,0.4122256373999998,1.166400000000001,0.1513768845999999,2.101049423217773,0.0462487265467643,2.054800748825073,0.6849509477615356,2.1019559555786738,2.999924,31.0,0.9966387716553804,moderate,True,https://di-india-collab.flow-analytics.io/tools/replay/2025-06-01T11:07:41Z,1,0.4293803370981865,-0.8454121861597779,2.3985068326061985
10603737_10603754,2025-06-01 11:08:02.353082895,4,4,1,0.0710040876644853,7.453874588012695,0.9082476496696472,0.0181927025872577,1.0287621021270752,8.20687484741211,0.0,1.452429150858026,3.23046875,0.714261891049272,0.0164106973994084,0.7147345758503751,8.16,0.0610288522,1.0831516048000005,0.4390093551999998,1.166400000000001,0.13428781866,1.977396368980408,0.0214128103107213,1.9559835195541384,0.654848575592041,2.6324536635225324,2.9869250000000003,31.0,0.9959682476788564,moderate,True,https://di-india-collab.flow-analytics.io/tools/replay/2025-06-01T11:08:02Z,1,0.3262598045022583,-1.120061268682588,2.775740839295731
10603785_10603962,2025-06-01 11:08:34.313709021,6,4,1,0.0866320779662104,6.65740966796875,1.0248934030532837,0.0909851531713807,1.1340943574905396,6.495709419250488,3.3571743965148926,1.4485766258515662,3.330078125,0.14099285684059,0.0036817862737009,0.1416017564653844,6.48,0.1151828921199999,0.38495109266,0.4452316633999998,1.1472000000000009,0.13993908142,1.4979298114776611,0.0358249433338642,1.4621049165725708,0.5024312138557434,1.8040081783922528,2.91006,30.0,0.9977495966454522,low,True,https://di-india-collab.flow-analytics.io/tools/replay/2025-06-01T11:08:34Z,1,1.8392313755060743,0.609347753643898,2.3413329062439714
10604224_10604237,2025-06-01 11:08:40.631556988,4,4,1,0.1031870500151937,7.428451061248779,1.0604697465896606,0.3056934420556175,1.1608309745788574,7.004868507385254,2.90955114364624,-5.163141583401038,3.25244140625,1.0843062503981262,0.0274588385485852,1.0900638673602183,6.96,0.00154367736,1.2041838846,0.4095107203999999,1.156800000000001,0.1458879114,1.7864762544631958,0.0434424802660942,1.743033766746521,0.5846644043922424,2.0287911987407288,2.981255,31.0,0.99993669610877,moderate,True,https://di-india-collab.flow-analytics.io/tools/replay/2025-06-01T11:08:40Z,1,0.5581617384168965,-0.5831065048066,2.285086202828185
10604237_10604261,2025-06-01 11:08:41.818276882,4,4,1,0.0450937367001658,6.761888980865479,0.7422692179679871,-0.1984627400389786,0.6509655117988586,9.109752655029297,0.4476232528686523,2.225841040955308,3.192626953125,0.1301322056284388,0.0027762724948393,0.1305245249419747,9.12,0.1078196211399999,0.3702867623400001,0.4513005431999999,1.1424000000000007,0.1150913493999999,1.206834077835083,0.0284481551498174,1.1783859729766846,0.3951640725135803,1.6194319750939714,2.982017,31.0,0.999635651547662,low,True,https://di-india-collab.flow-analytics.io/tools/replay/2025-06-01T11:08:41Z,1,0.7785805317994005,-0.25028284822910063,2.202198077523556
10604539_10604563,2025-06-01 11:09:13.286223888,4,4,1,0.0480270755900087,6.838325500488281,0.7927967309951782,0.3903426894660954,1.0273106098175049,8.625572204589844,0.3357174396514892,-0.4162220317458073,3.27734375,0.0153204035439873,0.0003326442570801,0.0191398277895208,8.64,0.1120435512199999,0.45650383794,0.4447487471999999,1.132800000000001,0.1193397852799999,1.4552116394042969,0.0428468734025955,1.4123647212982178,0.4726153910160064,1.8284984781047788,2.988402,31.0,0.9999477921505656,low,True,https://di-india-collab.flow-analytics.io/tools/replay/2025-06-01T11:09:13Z,1,2.336305562798977,0.8485708624043355,2.3038120782565583
10604597_10604675,2025-06-01 11:09:14.869580030,6,4,1,0.0708761042832025,7.481879234313965,0.8496724963188171,0.8167153182242178,0.0921071767807006,8.805603981018066,11.750110626220703,-77.23233015858753,3.381591796875,0.0711481027633676,0.0015423912210253,0.0956257978418505,8.879999999999999,0.1189103939799999,0.4444794812400002,0.4435795967999998,1.132800000000001,0.1186246526799999,1.3511532545089722,0.2193852365016937,1.131767988204956,0.378457099199295,9.404925310113828,2.990479,31.0,0.9793971811229314,critical,True,https://di-india-collab.flow-analytics.io/tools/replay/2025-06-01T11:09:14Z,1,0.0003361564627755836,-7.997933843365878,4.766056003082743
10604610_10604651,2025-06-01 11:09:16.467267036,4,4,1,0.1354523518117183,7.474239826202393,1.233903169631958,-0.2597126476390633,1.272627353668213,6.057395935058594,2.350022077560425,8.753764409493678,3.087890625,0.4287735148922674,0.0117639628626271,0.4312659661474911,6.0,0.1072156978399999,0.8653661972000001,0.3876986919999999,1.132800000000001,0.15103976376,1.9090553522109983,0.0671393051743507,1.8419160842895508,0.6154080033302307,1.6937747569726085,2.993,31.0,0.9995945699556812,low,True,https://di-india-collab.flow-analytics.io/tools/replay/2025-06-01T11:09:16Z,1,1.8011567928802934,0.5884291211941468,3.131969548591393
10605282_10605559,2025-06-01 11:10:58.723781109,4,4,1,0.0479050754966005,5.985944747924805,0.7732651233673096,0.4485490733826669,0.885345995426178,7.741128444671631,16.114437103271484,-3.300425502082136,3.1826171875,1.860183102588893,0.0445510320198945,1.8603834749559456,6.96,0.00136905204,1.8033415019999997,0.3572236528,1.1520000000000008,0.12709050902,1.2315683364868164,0.0589575096964836,1.172610878944397,0.405627429485321,1.6532175175302724,2.890857,30.0,0.981811201195532,low,True,https://di-india-collab.flow-analytics.io/tools/replay/2025-06-01T11:10:58Z,1,1.0494871427265242,0.04830160934740939,3.2857796586186416
10605455_10605477,2025-06-01 11:10:41.025024891,4,4,1,0.0903203588309026,7.452256679534912,1.1406514644622805,-0.5736810538328034,0.9008291959762572,6.533333778381348,0.7833406925201416,-1.1042500397559991,3.1826171875,0.1301275090701302,0.0033844793058113,0.1427021774115182,6.48,0.12110544964,0.4314235086600002,0.4072443261999999,1.1424000000000007,0.14068561212,1.3028724193572998,0.0389904789626598,1.2638819217681885,0.4351136088371277,1.1343333380350071,2.904717,30.0,0.9999161729842384,low,True,https://di-india-collab.flow-analytics.io/tools/replay/2025-06-01T11:10:41Z,1,2.6137873804843146,0.9608002731349843,2.789960766450025
10605477_10605502,2025-06-01 11:10:42.533946991,4,4,1,0.157338523000261,5.807058334350586,1.0853745937347412,-0.4167014044954149,0.8969379663467407,5.350280284881592,1.342869758605957,1.0800051565122013,3.137939453125,0.2917851190063736,0.0085970350607618,0.2982365595818049,5.279999999999999,0.10221994202,0.3971196533,0.3995985793999999,1.1376000000000008,0.14395419892,1.2170592546463013,0.0283626336604356,1.1886966228485107,0.3982793688774109,1.5677708007765847,2.98458,31.0,0.9995111676903352,low,True,https://di-india-collab.flow-analytics.io/tools/replay/2025-06-01T11:10:42Z,1,0.33889885045257434,-1.082053592370829,3.343915378338571
10605756_10606315,2025-06-01 11:12:06.266467094,4,4,1,0.0448997710435022,7.42814302444458,0.8034528493881226,-0.7544900956867548,0.9301531314849854,9.245275497436523,3.3571743965148926,-12.422670337424616,3.102783203125,0.304443890756189,0.0064765856096211,0.3169764152923093,9.12,0.1120859652399999,0.4376839129,0.3960652213999999,1.1280000000000008,0.1157212878999999,3.592963933944702,2.630897760391236,0.9620661735534668,0.321756511926651,1.2964979979053273,2.990044,31.0,0.9981180622737794,low,True,https://di-india-collab.flow-analytics.io/tools/replay/2025-06-01T11:12:06Z,1,0.3862466280845675,-0.9512791806864298,2.6572495150309554
10605864_10605873,2025-06-01 11:11:22.092820883,4,4,1,0.1272724427893629,5.730030536651611,1.0953874588012695,0.3082963856926752,1.3050490617752075,5.231053829193115,4.70004415512085,1.911637592744418,3.181884765625,0.1502603874759611,0.0044662783945327,0.1609132642552541,5.279999999999999,0.1063664787599999,0.4752695884600003,0.4102377069999999,1.1472000000000009,0.14067295992,1.6964000463485718,0.0438603349030017,1.6525397300720217,0.5740025639533997,1.8863785876816883,2.878976,30.0,0.9998849892665056,low,True,https://di-india-collab.flow-analytics.io/tools/replay/2025-06-01T11:11:22Z,1,1.4195648186121295,0.3503503588768337,2.7986482335430676
10605916_10605951,2025-06-01 11:12:25.556724072,4,4,1,0.0913678512372426,7.408552169799805,1.0471199750900269,-0.0443081607848289,1.4738621711730957,7.075170516967773,14.995378494262695,4.19419805041785,3.3427734375,1.8809279805265164,0.0475326584016775,1.8840960372493585,6.72,0.0015052288,1.8033415019999997,0.3749736214,1.1520000000000008,0.1415377484999999,3.911604404449463,0.2705261707305908,3.641078233718872,1.2162078619003296,2.340029640942969,2.993796,31.0,0.9952533787296388,moderate,True,https://di-india-collab.flow-analytics.io/tools/replay/2025-06-01T11:12:25Z,1,1.1729114758487176,0.1594890986638125,2.350673145633383
10605916_10606372,2025-06-01 11:12:20.244431019,4,4,1,0.0415782053893451,3.302864789962769,0.4568790197372436,0.0866434545292275,1.479077935218811,7.229188919067383,1.342869758605957,-4.331392370434375,3.2001953125,2.753504091272714,0.0688795134911901,2.7537540117938897,2.16,0.00128602664,1.7860352919999998,0.3838328246,1.152000000000001,0.1171194963999999,1.8248772621154783,4.68064546585083,-2.855768203735352,-0.953707754611969,0.774352364445133,2.994385,22.0,0.5670554878057255,low,True,https://di-india-collab.flow-analytics.io/tools/replay/2025-06-01T11:12:20Z,1,1.9818799024362427e-16,-36.15731564796187,8.031617754515999
10605951_10606372,2025-06-01 11:12:51.226810932,4,4,1,0.0432154612125537,6.668637275695801,0.5954629182815552,0.4831593399666587,0.2413773536682129,11.19908046722412,1.3009051084518433,0.7381985199913839,3.228515625,3.7036403317881694,0.0715219007797473,3.7039304022316353,7.68,0.00144582128,1.8078425299999996,0.3840679404,1.1376000000000008,0.12630876654,4.938920974731445,4.916355609893799,0.0225653648376464,0.007529086433351,1.2613308198270403,2.997092,31.0,0.9541551356787996,low,True,https://di-india-collab.flow-analytics.io/tools/replay/2025-06-01T11:12:51Z,1,0.031695455991719614,-3.4515819524834424,4.758047485559388
10606286_10606451,2025-06-01 11:12:54.635371923,6,4,1,0.0759429655813797,6.832344055175781,1.318928837776184,-3.667246939471448,1.0916848182678225,5.180222034454346,9.840717315673828,-4.16432781213045,3.32763671875,3.4793819273366724,0.1063367830336072,3.479385388350084,3.84,0.0014659861,1.8616069539999995,0.3588493514,1.1472000000000009,0.1469885115,5.420856952667236,3.929659843444824,1.491197109222412,0.4997356235980987,1.7264784456864717,2.983972,31.0,0.9446123009322775,low,True,https://di-india-collab.flow-analytics.io/tools/replay/2025-06-01T11:12:54Z,1,0.010334495794949395,-4.572267873206908,4.229355121493235
10606328_10606751,2025-06-01 11:12:31.649485111,4,4,1,0.3299748799309677,7.480508327484131,2.036813974380493,-1.0898238205532051,1.542183518409729,3.672651767730713,0.7833406925201416,2.357301424358845,3.06494140625,1.1410489835325406,0.0424736924048728,1.141353928178142,3.6,0.00154367736,1.274300056,0.3742996047999999,1.1520000000000008,0.1772504343999999,3.003063678741455,4.214568614959717,-1.2115049362182615,-0.4693114459514618,0.6409965418038729,2.581452,27.0,0.9884732550644896,low,True,https://di-india-collab.flow-analytics.io/tools/replay/2025-06-01T11:12:31Z,1,0.0007046867701457799,-7.257757151547018,5.2584296663176175
10606372_10606411,2025-06-01 11:12:26.453758001,4,4,1,0.4290356339042495,7.361684322357178,1.9776618480682373,-0.1251388955305219,2.354400634765625,3.7224180698394775,7.385783672332764,-4.840319576297368,3.18310546875,0.0218311110275619,0.0007841156323855,0.2336248411583193,3.84,0.19463999532,0.7983203271400002,0.3951650342,1.1280000000000008,0.1770133499999999,2.9501869678497314,0.0039298217743635,2.9462571144104004,0.9855502247810364,2.132968101420188,2.989454,31.0,0.9999013372403132,moderate,True,https://di-india-collab.flow-analytics.io/tools/replay/2025-06-01T11:12:26Z,1,3.9448901762168415e-09,-19.350844721764382,6.810865452854618
10606451_10606475,2025-06-01 11:12:29.543414116,4,4,1,0.1646118106522087,6.831106662750244,1.2619290351867676,-0.3452753607503125,2.1069202423095703,5.4132256507873535,3.3571743965148926,-1.3311801358626625,3.154296875,2.207171301112135,0.065500643962775,2.208102970223947,4.8,0.00144582128,1.8078425299999996,0.3389313,1.1424000000000007,0.14539571,3.426927328109741,0.0786748230457305,3.348252534866333,1.1175305843353271,2.4040648900615285,2.996117,31.0,0.9730018253591592,moderate,True,https://di-india-collab.flow-analytics.io/tools/replay/2025-06-01T11:12:29Z,1,1.0109158530642655,0.010856705183970274,2.6567205603278836
10606451_10606898,2025-06-01 11:12:48.923285961,4,4,1,0.8737876610920041,7.428731441497803,2.7021758556365967,-1.16831555257634,2.4620795249938965,2.749166488647461,2.685739517211914,-2.13253157647198,3.053466796875,1.4295251754229177,0.0633369084524272,1.4296690159004055,2.64,0.00151649894,1.5748084479999995,0.3316131016000001,1.1424000000000007,0.2733260402,2.986303329467773,2.648207187652588,0.3380961418151855,0.1167771518230438,2.159778484100206,2.895225,30.0,0.980556070624322,moderate,True,https://di-india-collab.flow-analytics.io/tools/replay/2025-06-01T11:12:48Z,1,0.008686512585974096,-4.745983733719369,3.7864777300336274
10606807_10606851,2025-06-01 11:12:41.835947990,4,4,1,0.2566979690988948,6.5858588218688965,1.4977566003799438,-0.0631086227502073,1.348129153251648,4.397149085998535,0.2238116264343261,0.299767697431321,3.20703125,0.4194023690629938,0.0139252113956617,0.428746199076629,4.32,0.1038355483399999,0.9016349392,0.4315830813999999,1.1376000000000008,0.14831896516,1.6845662593841553,0.0515827946364879,1.6329834461212158,0.5464308261871338,2.4894934153316277,2.988454,31.0,0.9994009528591072,moderate,True,https://di-india-collab.flow-analytics.io/tools/replay/2025-06-01T11:12:41Z,1,1.0234392159897032,0.023168735972357832,1.9446964531154234
10606807_10606851,2025-06-01 11:12:57.024058104,4,4,1,0.1238551573085126,6.658294677734375,1.133474349975586,-0.0632115691982865,1.4486184120178225,5.874235153198242,14.54775619506836,0.7889313051602654,3.20703125,4.448314094485198,0.1263514856592995,4.451336538474682,3.36,0.00140866756,1.8829410919999992,0.3478227722,1.1424000000000007,0.1462054266,4.594028472900391,0.5279925465583801,4.066035747528076,1.359788179397583,3.407240239247093,2.990198,31.0,0.9931849451045304,moderate,True,https://di-india-collab.flow-analytics.io/tools/replay/2025-06-01T11:12:57Z,1,0.020261607473132714,-3.8990274411010937,4.583892198419176
10608025_10608055,2025-06-01 11:14:40.820028067,4,4,1,0.4625591004872401,6.241424560546875,1.843011498451233,-0.3030492661292865,2.6076016426086426,3.386535882949829,7.1619720458984375,-1.0880895265171393,3.1923828125,2.0607947912287026,0.0808427607244961,2.0705201712618138,3.12,0.00129985486,1.8065270399999995,0.3459445478000001,1.142400000000001,0.1735114123999999,2.9476332664489746,0.0704941824078559,2.877139091491699,0.9597428441047668,2.877142115443362,2.997823,31.0,0.9937276023645756,moderate,True,https://di-india-collab.flow-analytics.io/tools/replay/2025-06-01T11:14:40Z,1,0.18915918594704798,-1.6651663647310109,3.1588635451912896
10608361_10608765,2025-06-01 11:16:35.976506948,4,4,1,0.0398200172431614,7.491650104522705,0.71396803855896,0.1377117409405368,0.8661091327667236,10.492977142333984,7.357807159423828,1.475204471514668,3.188232421875,2.7354684018023376,0.0547996537256992,2.735541015897624,9.12,0.00145561094,1.8033415019999997,0.3665799238000001,1.1520000000000008,0.12073161328,2.155270576477051,1.785172939300537,0.3700976371765136,0.1235576421022415,1.3727552974275703,2.995344,31.0,0.992689619827978,low,True,https://di-india-collab.flow-analytics.io/tools/replay/2025-06-01T11:16:35Z,1,0.44195184872280785,-0.8165543423799404,3.3657295240000686
10609279_10609293,2025-06-01 11:16:26.043222904,4,4,1,0.1003872851311366,6.196056365966797,1.0579347610473633,0.3280088620968058,1.2721768617630005,5.856747150421143,2.2381162643432617,2.4038550379479364,3.15234375,0.2914580532194523,0.0081366823931348,0.3046681083572747,5.76,0.10178533842,0.3974017567,0.4046817913999997,1.1376000000000008,0.14395419892,1.590303897857666,0.0620074495673179,1.5282964706420898,0.5099817514419556,2.035316741476118,2.996767,31.0,0.9999877237481668,moderate,True,https://di-india-collab.flow-analytics.io/tools/replay/2025-06-01T11:16:26Z,1,1.3176449987857357,0.27584605138201607,2.90198083581859
10609507_10610348,2025-06-01 11:18:21.578838110,4,4,1,0.0512780324067966,7.430147647857666,0.896435022354126,-0.9698745387105197,0.8361468315124512,8.288551330566406,0.3357174396514892,-3.330103584861126,3.14453125,1.334610191237093,0.0306168978066657,1.3377882009151565,7.92,0.00154367736,1.547720361999999,0.3676704644000002,1.156800000000001,0.137863237,6.0058794021606445,4.562500953674316,1.443378448486328,0.4968554377555847,2.606654322085228,2.905027,30.0,0.9979546500098178,moderate,True,https://di-india-collab.flow-analytics.io/tools/replay/2025-06-01T11:18:21Z,1,0.318150834041543,-1.1452296877711978,2.842286524944649
10610169_10610346,2025-06-01 11:18:34.368715048,4,4,1,0.0382177343115538,6.3251051902771,0.5746052265167236,0.5247772861750635,0.8618412017822266,11.007740020751951,9.623899459838867,-1.7605299160102292,3.10546875,2.998988098587939,0.0584257089322855,2.999799470191709,8.64,0.00130964452,1.8078425299999996,0.3576318436,1.142400000000001,0.11068504886,1.6678869724273682,0.024653835222125,1.6432331800460815,0.5516633987426758,1.6099470529852076,2.978688,31.0,0.999230501657192,low,True,https://di-india-collab.flow-analytics.io/tools/replay/2025-06-01T11:18:34Z,1,0.04559199024852143,-3.0880232303351995,3.6846284032123786
10610169_10610346,2025-06-01 11:18:49.734181881,4,4,1,0.0453528130225724,7.113478183746338,0.7346264123916626,0.4364352493552081,0.5613374710083008,9.683123588562012,20.75503158569336,-2.420125165108972,3.10546875,5.569267154901315,0.1176240003686497,5.570332223822516,3.84,0.00141674468,1.8616069539999995,0.3398004414,1.1424000000000007,0.13063366352,3.296445608139038,1.924144983291626,1.372300624847412,0.4730337262153625,1.8704017716197097,2.901063,30.0,0.998975602362252,low,True,https://di-india-collab.flow-analytics.io/tools/replay/2025-06-01T11:18:49Z,1,0.0005274512582218431,-7.547454098358511,4.755798380509306
10610297_10610389,2025-06-01 11:18:25.584180117,4,4,1,0.2991989319191571,7.452001094818115,1.7481144666671753,-0.4214567173454365,2.6631503105163574,4.262879371643066,1.7904930114746094,-4.623735995214831,3.1923828125,0.6698809981262924,0.0227310323208444,0.6888917774973914,4.32,0.0916943071,1.1451743844,0.3941376791999998,1.1712000000000011,0.1558166395,4.379519939422607,0.0785159319639206,4.301003932952881,1.4401789903640747,3.3027974699610367,2.986437,31.0,0.9989015440750182,moderate,True,https://di-india-collab.flow-analytics.io/tools/replay/2025-06-01T11:18:25Z,1,1.1418509678817546,0.1326506017386256,1.7380360683321363
10610346_10610642,2025-06-01 11:18:50.737919092,4,4,1,0.0808476455889862,6.781988620758057,0.8732607364654541,0.618876169090637,1.0413403511047363,7.766281604766846,17.610166549682617,-2.696654445525977,3.0654296875,5.456306597413818,0.1314112542590862,5.458264640368091,2.64,0.00140866756,1.9051625019999991,0.3341305317999999,1.1424000000000007,0.1347614342,3.5797152519226074,1.849374771118164,1.7303404808044434,0.5964073538780212,2.56173534888461,2.901273,30.0,0.9939071440449284,moderate,True,https://di-india-collab.flow-analytics.io/tools/replay/2025-06-01T11:18:50Z,1,0.005842973901032439,-5.142515382126566,4.187342224102483
10611203_10611295,2025-06-01 11:19:57.558722973,4,4,1,0.1204482845304219,7.447507381439209,1.12704598903656,-0.2016509164140549,1.6914206743240356,6.607988834381104,8.728652954101562,-6.68652895540282,3.376953125,0.0921021193003522,0.0023735628657728,0.1571977700732922,6.72,0.12369165296,0.4886021386600002,0.4368775843999998,1.1376000000000008,0.14077962392,2.500339984893799,0.0381124913692474,2.4622275829315186,0.8442978858947754,2.441187258992473,2.916302,30.0,0.9999312287769128,moderate,True,https://di-india-collab.flow-analytics.io/tools/replay/2025-06-01T11:19:57Z,1,0.5863385734997278,-0.5338578857728731,3.4361050887896205
10611276_10611335,2025-06-01 11:19:58.554677010,4,4,1,0.0550209938239729,7.469563007354736,0.9068193435668944,-0.3545427856002591,0.7668441534042358,8.237101554870605,16.562061309814453,4.714190322375114,3.3017578125,1.763136529296562,0.0406771878853458,1.7655145189136083,7.68,0.00154367736,1.8033415019999997,0.383610505,1.1520000000000008,0.1382645886,1.6537556648254397,0.3385389447212219,1.3152167797088623,0.4541949331760406,0.9757841229762658,2.89571,30.0,0.9868258898058304,low,True,https://di-india-collab.flow-analytics.io/tools/replay/2025-06-01T11:19:58Z,1,0.7609151348704654,-0.27323344524906806,2.881200292240866
10611631_10611644,2025-06-01 11:19:46.665191889,4,4,1,0.1331318681131657,6.145771503448486,1.1391037702560425,0.0273709628838655,0.944023370742798,5.395269393920898,2.126210451126098,-1.1104858677383154,3.26513671875,0.2103992361294191,0.0061541513211024,0.2443090544013875,5.279999999999999,0.10570738184,0.5258320220999999,0.4423969247999998,1.1424000000000007,0.14107955492,1.252882957458496,0.0392475165426731,1.2136354446411133,0.404735118150711,1.4363143157741316,2.998592,31.0,0.9989276877566258,low,True,https://di-india-collab.flow-analytics.io/tools/replay/2025-06-01T11:19:46Z,1,1.8619536576480362,0.6216262900639684,1.475057213598215
10612656_10613039,2025-06-01 11:21:46.245093107,4,4,1,0.4791461103316501,7.452959537506103,2.0918619632720947,-0.7358900320595162,2.632680892944336,3.562835216522217,3.3571743965148926,7.103101089470437,3.205078125,1.2244834935401194,0.0464345111431896,1.2452013580618766,3.36,0.0015052288,1.5607465839999992,0.3671220226,1.1520000000000008,0.2150838945999999,4.244302749633789,0.0103567410260438,4.233945846557617,1.4250389337539673,3.667016592344909,2.971109,31.0,0.9933969613261868,moderate,True,https://di-india-collab.flow-analytics.io/tools/replay/2025-06-01T11:21:46Z,1,0.4698449371678517,-0.7553525596333771,4.313341341168831
10612669_10612822,2025-06-01 11:21:21.454953909,4,4,1,0.0603232120351534,3.8655693531036377,0.7228383421897888,-1.2275597883825222,-0.2092952728271484,5.347764492034912,1.342869758605957,1.1320304654863012,3.14013671875,2.6520618390744177,0.0793780796575636,2.652516075035232,2.88,0.00128804592,1.7864271699999994,0.3551291104000001,1.156800000000001,0.13028681938,1.2550668716430664,3.565821886062622,-2.310755014419556,-1.2761313915252686,0.3288907301077816,1.81075,19.0,0.7145009816648423,low,True,https://di-india-collab.flow-analytics.io/tools/replay/2025-06-01T11:21:21Z,1,1.017762281806895e-15,-34.521170018975674,8.268179368256455
10613269_10613340,2025-06-01 11:23:00.271193027,4,4,1,0.1086871731487419,6.711328983306885,1.1917295455932615,0.6595301061346479,1.6418746709823608,5.631587505340576,1.342869758605957,0.0,3.16015625,0.8100008474687196,0.0233137118218659,0.8107775688271606,5.52,0.0508762632799999,1.0304933533999998,0.3833298721999998,1.156800000000001,0.1462332521,1.9471056461334229,0.0357465371489524,1.9113590717315676,0.638190746307373,1.7642913283584505,2.994965,31.0,0.9988346585904015,low,True,https://di-india-collab.flow-analytics.io/tools/replay/2025-06-01T11:23:00Z,1,9.870863724699507,2.289587359717872,2.105760711324035
10613525_10613535,2025-06-01 11:22:36.163180113,4,4,1,0.1587380369696991,7.365609169006348,1.264108419418335,0.2893362739694585,1.2583938837051392,5.826722621917725,0.2238116264343261,0.0,3.20751953125,0.3949666204866303,0.0110837300196913,0.4000000000000003,5.76,0.1097126884599999,0.597638487,0.4323532687999998,1.1184000000000007,0.14757660842,1.8769657611846924,0.0334804058074951,1.8434853553771973,0.6305819153785706,1.5303134700706595,2.923467,30.0,0.9992925921601694,low,True,https://di-india-collab.flow-analytics.io/tools/replay/2025-06-01T11:22:36Z,1,2.035931702099191,0.7109535529877037,2.039058713477539
10614161_10614353,2025-06-01 11:23:57.423887014,4,4,1,0.0631164536884336,6.677870273590088,1.057164192199707,-1.7173515521245422,0.3684803545475006,6.316776752471924,5.993955135345459,12.557685764632868,2.96240234375,0.049263349206092,0.0012984307676837,0.0946368358269811,6.24,0.1195961922799999,0.4804777479400001,0.3912512515999999,1.1376000000000008,0.14016587862,0.6915721893310547,2.5932323932647705,-1.901660203933716,-0.6364865899085999,0.3573519334066102,2.987746,31.0,0.9997395335008727,low,True,https://di-india-collab.flow-analytics.io/tools/replay/2025-06-01T11:23:57Z,1,0.07756543069424052,-2.556633431793313,2.457864269949607
10614220_10614238,2025-06-01 11:23:42.238713980,4,4,1,0.1682202439936074,6.481493949890137,1.3522220849990845,0.4166592173238117,1.3105111122131348,4.793217182159424,1.7904930114746094,3.905484616310452,3.072509765625,0.0125593275899145,0.0003864986026806,0.0155662959727899,4.8,0.1284737769399999,0.4893859215799999,0.4010235615999999,1.1376000000000008,0.13899613322,1.6884690523147583,0.1521543115377426,1.5363147258758545,0.5161612629890442,2.2379722142146727,2.976424,31.0,0.996271387821556,moderate,True,https://di-india-collab.flow-analytics.io/tools/replay/2025-06-01T11:23:42Z,1,2.834995893007285,1.0420404885039871,2.5668006060588247
10614238_10614261,2025-06-01 11:23:43.316559076,4,4,1,0.6967807638426313,4.739838123321533,1.830978751182556,-0.0884765752015175,2.1624679565429688,2.588690996170044,2.0143046379089355,4.6423213724050605,3.250244140625,0.4075189953491671,0.0185509269779536,0.4275890306712632,2.64,0.1208062786399999,0.8644518618000002,0.4553505412,1.1184000000000007,0.1813660505999999,2.6023144721984863,0.088436022400856,2.513878345489502,0.8668441772460938,2.7064150985174007,2.900035,30.0,0.9922769369996722,moderate,True,https://di-india-collab.flow-analytics.io/tools/replay/2025-06-01T11:23:43Z,1,9.452834299552207e-05,-9.266610842554812,4.350446744297481
10614238_10614315,2025-06-01 11:24:13.655966043,4,4,1,0.3123356773558691,3.902029037475586,1.7726056575775146,2.864491121194256,2.189201593399048,2.2012956142425537,7.385783672332764,-4.4491633637647405,2.960205078125,2.0321073112984385,0.1030406259676783,2.038181648982008,1.68,0.00130821074,1.8354204299999997,0.3336814656,1.1616000000000009,0.161902193,2.7050037384033203,5.064523220062256,-2.3595194816589355,-0.8044766187667847,1.0844625741047962,2.932987,30.0,0.8595347922213553,low,True,https://di-india-collab.flow-analytics.io/tools/replay/2025-06-01T11:24:13Z,1,9.821358040935722e-11,-23.043876616755465,7.161306649305812
10614261_10614315,2025-06-01 11:24:12.700623989,4,4,1,0.0538779480352482,3.439771890640259,0.491862416267395,0.1000558949097558,0.7950352430343628,6.993361949920654,7.385783672332764,-2.204651506383624,3.3056640625,2.4719787771228674,0.0630239650007507,2.4720260993696983,3.36,0.00128602664,1.7860352919999998,0.3826562136,1.156800000000001,0.11208126986,1.3833932876586914,4.82550048828125,-3.4421072006225586,-1.1585716009140017,1.0844625741047962,2.970992,31.0,0.7129615452007572,low,True,https://di-india-collab.flow-analytics.io/tools/replay/2025-06-01T11:24:12Z,1,7.441625697659671e-08,-16.41359141122675,5.6919942354516975
10614352_10614434,2025-06-01 11:24:05.100123882,4,4,1,0.9337734084204438,7.014842033386231,2.51922345161438,0.2554294685008532,1.997232675552368,2.7845256328582764,27.640735626220703,-68.41991019035433,2.884765625,0.2732421724232879,0.011876114264895,0.3712695821099512,2.88,0.1568391246999999,0.6366892164000002,0.3867278124,1.1328000000000007,0.2801322463999999,2.36283802986145,0.0542924515902996,2.308545589447021,0.7796001434326172,1.759384995465576,2.961192,30.0,0.9950813215593952,low,True,https://di-india-collab.flow-analytics.io/tools/replay/2025-06-01T11:24:05Z,1,0.0023764005630080155,-6.042168304566365,4.667939828651493
10614369_10614395,2025-06-01 11:24:04.511445045,4,4,1,0.1006372011961154,5.4026360511779785,0.9339160323143004,-0.2277748180783116,0.7821942567825317,5.784926891326904,25.73833656311035,-23.69306864467285,3.064208984375,1.6668335312791127,0.0474524315834568,1.6674377751214515,5.279999999999999,0.00136905204,1.7951407239999997,0.3550639958000001,1.1520000000000008,0.1365468764,1.2842543125152588,0.0662725046277046,1.2179818153381348,0.4215892255306244,1.068709616072658,2.889025,11.0,0.956375528679466,low,True,https://di-india-collab.flow-analytics.io/tools/replay/2025-06-01T11:24:04Z,1,1.098725584191895e-40,-92.0092527714323,13.914112405152366
10614461_10614482,2025-06-01 11:24:14.187819958,4,4,1,0.2320548518808134,7.364664554595947,1.5956426858901978,-1.1371923255420622,2.848625421524048,4.615484714508057,0.4476232528686523,4.631046706600911,3.155029296875,0.1113363476164877,0.0035582170719596,0.1412107646091611,4.56,0.1407968054999999,0.41556487516,0.4059918223999999,1.1424000000000007,0.14537598822,3.602353811264038,0.0195521265268325,3.582801580429077,1.1981775760650637,4.67391452683221,2.990209,31.0,0.99925575294637,serious,True,https://di-india-collab.flow-analytics.io/tools/replay/2025-06-01T11:24:14Z,1,0.4644990166419387,-0.7667958377553745,2.971315952112908
10615078_10615202,2025-06-01 11:25:58.488724947,4,4,1,0.0507087550759683,6.756852626800537,0.7587161064147949,0.0254452247948766,0.7267135381698608,8.905640602111816,8.281030654907227,-1.535812507189502,3.247802734375,1.8432483019557668,0.0406055149279412,1.844407338214705,8.16,0.00154367736,1.8033415019999997,0.3838902564000001,1.1520000000000008,0.12880822122,1.739902138710022,0.1675553917884826,1.5723466873168943,0.5261715054512024,1.914781585266309,2.988278,31.0,0.998524760263996,low,True,https://di-india-collab.flow-analytics.io/tools/replay/2025-06-01T11:25:58Z,1,1.7088628244001802,0.535828134323376,2.5245942500483953
10615192_10615220,2025-06-01 11:25:13.748605013,4,4,1,0.0724464222862002,6.600059986114502,0.8424647450447083,-0.222085052521892,0.7090896368026733,7.834227085113525,2.573833703994751,-0.2147240817525424,3.085205078125,0.1561865198360671,0.0036502270145791,0.1736863548018674,7.92,0.1019505184599999,0.4705841099600002,0.3990690091999999,1.1472000000000009,0.1151853611999999,1.048906326293945,0.0572917908430099,0.9916145205497742,0.340568482875824,1.5517120086271745,2.911645,30.0,0.9999867873309144,low,True,https://di-india-collab.flow-analytics.io/tools/replay/2025-06-01T11:25:13Z,1,2.6518629907909874,0.9752624083913912,2.6144886191664165
10615193_10615229,2025-06-01 11:25:12.955452919,4,4,1,0.4947832297274417,5.793652057647705,1.7896047830581665,-0.0683296255525658,2.043811798095703,3.237391948699951,0.5595290660858154,-2.8766403397460083,3.2080078125,0.0153132642713606,0.0005962513765477,0.2106033522350871,3.12,0.15681298482,0.7927998472400003,0.4299009561999999,1.132800000000001,0.1758324425999999,2.373621702194214,0.0541031993925571,2.319518566131592,0.8022462725639343,3.074403972402095,2.89128,30.0,0.9998153912585616,moderate,True,https://di-india-collab.flow-analytics.io/tools/replay/2025-06-01T11:25:12Z,1,2.8784863154276197e-07,-15.0608310798996,5.97681475104444
10615202_10615236,2025-06-01 11:25:15.758935928,4,4,1,0.2454742357866717,5.947442531585693,1.4398252964019775,0.3127080816670488,2.0187103748321533,4.130669593811035,2.90955114364624,-1.56323573444399,3.14501953125,0.431866971053004,0.0148864717915693,0.4338760518220918,4.08,0.1044619821399999,0.8285551176,0.3991913081999999,1.1376000000000008,0.14792428916,2.472903251647949,0.040859181433916,2.43204402923584,0.8109846711158752,2.7232147896376064,2.998878,31.0,0.9999695904088036,moderate,True,https://di-india-collab.flow-analytics.io/tools/replay/2025-06-01T11:25:15Z,1,1.8053904911479866,0.590776906973169,2.14149414962971
10615236_10615254,2025-06-01 11:25:17.266215086,4,4,1,0.1235197077959635,6.938485145568848,1.2374368906021118,0.4412891865008675,1.5571900606155396,5.607142448425293,4.028609275817871,0.0,3.159423828125,1.7251532542235233,0.050046996522269,1.7253329049237134,5.279999999999999,0.00145561094,1.8033415019999997,0.3395669390000001,1.1520000000000008,0.1418199175999999,1.942525863647461,0.0411491766571998,1.901376724243164,0.6361559629440308,1.933214786407877,2.988853,31.0,0.9964535842690276,low,True,https://di-india-collab.flow-analytics.io/tools/replay/2025-06-01T11:25:17Z,1,1.0521316740166513,0.050818271898048904,3.131473956099562
10615358_10615427,2025-06-01 11:25:36.538873911,4,4,1,0.1712633869056854,5.963482856750488,1.2098993062973022,0.0326449901823286,1.129595398902893,4.928908348083496,6.938160419464111,-3.209319825152001,3.255126953125,0.6389647916424879,0.0198782594704826,0.6449974639606152,4.8,0.0846027584999999,1.2041970284000003,0.4266159355999999,1.1664000000000008,0.1433625031,1.5397990942001345,0.0162410847842693,1.5235580205917358,0.5086962580680847,2.0570051246001597,2.995025,31.0,0.9949507697200964,moderate,True,https://di-india-collab.flow-analytics.io/tools/replay/2025-06-01T11:25:36Z,1,0.22616422818617055,-1.486493870218986,2.96508359790911
10615533_10615587,2025-06-01 11:25:41.030191898,4,4,1,0.0875762051581461,6.550584316253662,0.9694453477859496,0.0081117417573997,0.9422227144241332,6.757043361663818,2.461927890777588,9.206224133570151,3.110595703125,0.747660504557879,0.0192942501494924,0.7493137811211832,6.72,0.05744225334,1.0958742687999996,0.3773113475999998,1.1616000000000009,0.13944350426,1.7749712467193604,0.1617710143327713,1.6132001876831057,0.5377346277236938,1.3851248635862436,2.999993,31.0,0.998174109656223,low,True,https://di-india-collab.flow-analytics.io/tools/replay/2025-06-01T11:25:41Z,1,4.825526683505265,1.573919886036899,2.707249596669783
10616341_10616380,2025-06-01 11:27:25.052319050,4,6,1,0.0484268784209511,7.41231632232666,0.8439157009124756,0.1542313827812003,1.667918086051941,8.783242225646973,23.05259704589844,-6.777238218546339,3.5302734375,5.274589058948427,0.1180234170900348,5.2746225915198135,4.32,0.00141674468,1.8616069539999995,0.366467045,1.1424000000000007,0.13063366352,3.044711112976074,0.0678128227591514,2.976898193359375,1.0203568935394287,4.033691284174733,2.917507,30.0,0.997873144879058,serious,True,https://di-india-collab.flow-analytics.io/tools/replay/2025-06-01T11:27:25Z,1,0.0002097062883217977,-8.469802633277597,4.842722611005032
10616424_10616444,2025-06-01 11:26:40.635813951,4,4,1,0.1316431887457563,7.355260372161865,1.1556687355041504,0.0897349190676454,1.4042887687683103,6.364505767822266,6.042913913726807,0.0,3.08740234375,3.474745134775832,0.0939308376550995,3.477019959369167,5.04,0.00144582128,1.8616149439999992,0.3358192524000001,1.1424000000000007,0.1462054266,4.255167484283447,0.2349305599927902,4.020236968994141,1.366105079650879,2.822055016021314,2.942846,30.0,0.9970978401897316,moderate,True,https://di-india-collab.flow-analytics.io/tools/replay/2025-06-01T11:26:40Z,1,0.19697060889503804,-1.6247007548007977,2.8683149757785875
10616616_10616643,2025-06-01 11:26:56.074404955,4,4,1,0.0999328003748231,7.439666271209717,0.9565351605415344,0.3496344870230544,1.1202770471572876,7.777723789215088,0.0,2.161387922491616,3.2373046875,0.1602977984846012,0.0037631929134445,0.183856261791651,7.68,0.11777543312,0.4972151178600002,0.4527858305999998,1.1424000000000007,0.13444078108,1.9335800409317017,0.0349740795791149,1.8986059427261357,0.6339848637580872,3.392548130223424,2.994718,31.0,0.9999537731643652,moderate,True,https://di-india-collab.flow-analytics.io/tools/replay/2025-06-01T11:26:56Z,1,0.5289276709762468,-0.6369035843051217,2.7641745941425064
10616643_10616658,2025-06-01 11:26:55.689342976,4,4,1,0.1088982486921168,7.406975269317627,1.0603853464126587,0.5852848446780528,1.7695631980895996,6.985173225402832,2.685739517211914,-4.824622317699215,3.14697265625,0.6503177639742966,0.016437297968641,0.6510336020333838,6.96,0.08974520648,0.9981072408,0.3821656001999998,1.1616000000000009,0.1431047118,4.867433547973633,0.1494594663381576,4.717974185943604,1.5789940357208252,4.252499739301354,2.987962,31.0,0.999986649373828,serious,True,https://di-india-collab.flow-analytics.io/tools/replay/2025-06-01T11:26:55Z,1,0.4011199397262918,-0.9134947948356977,3.510326479166383
10617362_10617371,2025-06-01 11:28:31.435969114,4,4,1,0.0950066237604979,4.798401832580566,0.4984989464282989,-2.046606981102567,0.3138422966003418,9.62570095062256,3.469080209732056,-4.359436809311355,3.137939453125,0.020110244727455,0.0004097869451217,0.0237992909558248,9.6,0.0966777138599999,0.44214466814,0.4225717895999999,1.1376000000000008,0.1081919603599999,5.875514030456543,6.1980881690979,-0.3225741386413574,-0.1197135001420974,3.3276051711858847,2.694551,28.0,0.9999364417204096,moderate,True,https://di-india-collab.flow-analytics.io/tools/replay/2025-06-01T11:28:31Z,1,0.00013948416813514661,-8.877559453213973,4.792233203842979
10617570_10618000,2025-06-01 11:29:17.384385109,4,4,1,0.2013929518263548,6.913724899291992,1.7505251169204712,-2.5131768397528367,0.8587302565574646,3.949514865875244,12.30963897705078,7.964940970192093,3.34033203125,0.9236882284392852,0.0328765730048027,0.9262558415649554,3.84,0.02043445296,1.1563592091999997,0.3867509307999999,1.166400000000001,0.1650514798,1.2167396545410156,2.199083089828491,-0.9823434352874756,-0.3373988270759582,1.304002839776458,2.91152,30.0,0.992091990107083,low,True,https://di-india-collab.flow-analytics.io/tools/replay/2025-06-01T11:29:17Z,1,0.038634867730051585,-3.253600101180771,3.0992113276622866
10617605_10617682,2025-06-01 11:28:53.909137964,4,4,1,0.0418932500750915,6.334506988525391,0.6329873204231262,-0.2258268304861827,1.2453452348709106,10.007320404052734,1.6785871982574463,4.129134699339773,3.181640625,0.3352836640134394,0.0068083739281292,0.3413076018181221,10.08,0.0922473993999999,0.4279473693,0.4123351177999999,1.1232000000000009,0.1152181377799999,1.5787817239761353,1.8112834692001345,-0.232501745223999,-0.0782327577471733,14.715203069651706,2.971923,29.0,0.8581635607417266,critical,True,https://di-india-collab.flow-analytics.io/tools/replay/2025-06-01T11:28:53Z,1,8.434526128811509e-10,-20.893517394677538,6.958843201549842
10617741_10617762,2025-06-01 11:28:46.709940910,4,4,1,0.3867375885324324,7.471107482910156,1.8827463388442995,-0.0394754038014109,1.8817741870880127,3.968196630477905,2.0143046379089355,0.0,3.097412109375,0.2591931362986995,0.0091180056001172,0.339727907698987,4.08,0.15059839736,0.4125931340000001,0.3917786077999999,1.1424000000000007,0.1822120665999999,2.309126138687134,0.0671095177531242,2.242016553878784,0.7716571092605591,2.131699207040896,2.905457,30.0,0.991966618476222,moderate,True,https://di-india-collab.flow-analytics.io/tools/replay/2025-06-01T11:28:46Z,1,0.7036005043259161,-0.35154454933968987,3.140287429100342
10618000_10618191,2025-06-01 11:29:22.682230949,4,4,1,0.4588557064613249,7.491276264190674,2.0686709880828857,-1.1925605657791754,2.711487293243408,3.6212990283966064,7.385783672332764,2.579272572220158,3.131591796875,1.6530234485560211,0.0622108768921979,1.6628194525562048,3.36,0.00145561094,1.8078425299999996,0.3390625120000001,1.1472000000000009,0.1923780222,3.6998708248138423,0.0252795256674289,3.674591302871704,1.2321077585220337,2.9693798448015727,2.982362,31.0,0.99602712734904,moderate,True,https://di-india-collab.flow-analytics.io/tools/replay/2025-06-01T11:29:22Z,1,0.40774868294145683,-0.8971042675501009,2.8925917580676965
10618696_10618781,2025-06-01 11:29:56.576107025,4,4,1,0.2227155755113586,6.81936502456665,1.7218406200408936,-1.165173339854722,1.0195735692977903,3.960508823394776,0.0979175865650177,6.565862650361207,3.030029296875,0.2939041395775338,0.0103601510356747,0.3527168980997056,3.84,0.13547106054,0.4184903818,0.3919440011999999,1.1232000000000009,0.15813137702,1.3983454704284668,2.3243236541748047,-0.925978183746338,-0.3097754120826721,1.499181263646364,2.989192,31.0,0.9966290547699892,low,True,https://di-india-collab.flow-analytics.io/tools/replay/2025-06-01T11:29:56Z,1,0.09450479827815797,-2.3591046703412255,3.787503263567263
10618769_10618815,2025-06-01 11:30:26.948869944,4,4,1,0.0376658714420071,7.286985397338867,0.6277956366539001,0.4818172659605864,0.5701391696929932,11.607256889343262,0.2238116264343261,-2.07887802148561,3.11083984375,0.6414701428465731,0.0119781672762904,0.6414723816394986,11.52,0.08615005556,1.0876075844000002,0.3909626511999998,1.1616000000000009,0.1173277048799999,4.069431781768799,4.490941524505615,-0.4215097427368164,-0.140942096710205,0.528312881462499,2.990659,31.0,0.9965261200559824,low,True,https://di-india-collab.flow-analytics.io/tools/replay/2025-06-01T11:30:26Z,1,0.013987811943442719,-4.269568904006159,3.3899548596458544
10618769_10618815,2025-06-01 11:30:32.445344925,4,4,1,0.1292643959670244,7.354186058044434,1.2204782962799072,-0.1349341817538665,0.929068088531494,6.025659084320068,6.490537166595459,-5.887004373254347,3.11083984375,2.8111482358841595,0.07839452780366,2.8145808342490315,5.04,0.00144582128,1.8078425299999996,0.3367242038000001,1.1472000000000009,0.1481039424,6.572869300842285,3.852948665618897,2.7199206352233887,0.9068490862846376,2.1751971010087074,2.999309,31.0,0.9948363202598078,moderate,True,https://di-india-collab.flow-analytics.io/tools/replay/2025-06-01T11:30:32Z,1,0.5639698183216325,-0.5727545425301095,2.1795098496691794
10618851_10618875,2025-06-01 11:30:04.953165054,4,4,1,0.0402359739783993,7.4187164306640625,0.7195393443107605,-0.0077627015019162,0.6670562028884888,10.310369491577148,9.847711563110352,-8.105233876065213,3.134033203125,0.7077627874679109,0.0141927982422832,0.7117037122793903,10.32,0.0604935107,0.9567625442,0.3866773945999998,1.166400000000001,0.1187045701599999,1.2068030834197998,0.4118202328681946,0.7949828505516052,0.2733644247055053,2.8766023704371,2.908143,30.0,0.9845217723240344,moderate,True,https://di-india-collab.flow-analytics.io/tools/replay/2025-06-01T11:30:04Z,1,0.5941015017852608,-0.5207050957911825,3.1149661701001254
10619275_10619392,2025-06-01 11:31:07.207668066,4,4,1,0.0295422990706376,6.410935878753662,0.5993521213531494,-0.2234173812240949,0.6897941827774048,10.696443557739258,1.1190581321716309,2.248868667660514,3.2021484375,0.0578543674004977,0.0011152913876737,0.0852344014336446,10.8,0.0993617680199999,0.47986124528,0.4521169248,1.1376000000000008,0.1151563877599999,1.0273611545562744,2.7594363689422607,-1.7320752143859863,-0.5959576368331909,0.3805055382613175,2.906373,30.0,0.9990059402220796,low,True,https://di-india-collab.flow-analytics.io/tools/replay/2025-06-01T11:31:07Z,1,0.04417118323531414,-3.119682665520724,2.5613527316513
10619582_10619615,2025-06-01 11:31:56.382936954,4,4,1,0.6904548859953125,7.440531253814697,2.334857225418091,-0.4836342342568462,2.9069995880126958,3.186717987060547,15.443002700805664,-4.518900212299784,3.20263671875,1.9346463392838675,0.0786606486828284,1.9471938478026296,2.88,0.00144582128,1.8078425299999996,0.3567092464000001,1.1472000000000009,0.260382845,3.336449146270752,0.0733734965324401,3.263075590133667,1.1286247968673706,3.320373962387158,2.891196,30.0,0.9748303838879268,moderate,True,https://di-india-collab.flow-analytics.io/tools/replay/2025-06-01T11:31:56Z,1,0.06870827216114914,-2.6778856770876907,4.440821810420228
10619867_10619910,2025-06-01 11:31:43.749062061,4,6,1,0.5624012122797415,7.393399238586426,2.191888332366944,-0.7882640828853871,2.288204431533813,3.373072862625122,0.4476232528686523,1.9803888022805651,3.482421875,0.1514465666546077,0.0058473682937868,0.1535879680053606,3.36,0.18649540332,0.4465432802000002,0.4234750636,1.1472000000000009,0.2451324628,2.7924647331237797,0.0188120249658823,2.7736527919769287,0.925671637058258,2.236764643771879,2.996368,31.0,0.9998769487931204,moderate,True,https://di-india-collab.flow-analytics.io/tools/replay/2025-06-01T11:31:43Z,1,0.002737543351582773,-5.900694347770289,4.7304447289090765
10620756_10620764,2025-06-01 11:32:53.043838978,4,4,1,0.0486606955958304,5.762903690338135,0.6893590092658997,-0.0386446301098019,0.7034323811531067,8.359800338745117,5.595290660858154,-4.4125593286070295,3.098388671875,2.16412114991176,0.0495612569197891,2.164167768761853,7.199999999999999,0.00130964452,1.8033415019999997,0.3576318436,1.1520000000000008,0.1197349427,1.326918125152588,0.0236436743289232,1.303274393081665,0.4348500669002533,1.3151103458957147,2.997066,31.0,0.9997132871234526,low,True,https://di-india-collab.flow-analytics.io/tools/replay/2025-06-01T11:32:53Z,1,0.45636683370033493,-0.7844583330030037,3.3771016470275517
10620846_10620910,2025-06-01 11:32:58.233043909,4,4,1,0.3731681837950691,7.389918804168701,1.906773328781128,-0.575405568855912,2.6328840255737305,3.875614643096924,1.1190581321716309,5.931768498856653,3.14404296875,0.7444394077005944,0.0267561548583693,0.7444734532918219,3.84,0.06487920192,0.9859158995999998,0.3730941623999998,1.166400000000001,0.1781531917999999,3.611925840377808,0.0376553125679492,3.574270486831665,1.2308378219604492,3.0333438380089515,2.903933,30.0,0.9992379614733616,moderate,True,https://di-india-collab.flow-analytics.io/tools/replay/2025-06-01T11:32:58Z,1,1.8909022891501732,0.6370541168183892,2.5397454225548617
10622387_10622721,2025-06-01 11:34:53.369820118,4,4,1,0.0575558950527604,7.077831745147705,0.8071116805076599,-0.0438318291322562,0.8350405693054199,8.769333839416504,1.45477557182312,-2.7023616373761863,3.14501953125,0.0631132510794647,0.0013704267625694,0.1098308693508598,8.879999999999999,0.1130805184599999,0.5028169277000001,0.3990690091999999,1.132800000000001,0.1171555007399999,1.2425544261932373,2.15905499458313,-0.9165005683898926,-0.306154727935791,0.448742751305183,2.993586,31.0,0.999846003092808,low,True,https://di-india-collab.flow-analytics.io/tools/replay/2025-06-01T11:34:53Z,1,0.32056746138664605,-1.1376625368250384,2.543339123980666
10622765_10622855,2025-06-01 11:35:07.359589100,4,4,1,0.160293557811979,7.4902143478393555,1.465742111206055,-2.1803304899596334,1.4411506652832031,5.110185623168945,1.0071523189544678,-1.1490012306320372,3.005126953125,2.4462824516392474,0.0751865951928387,2.446295259532884,4.56,0.00144582128,1.8078425299999996,0.3367987662000001,1.1472000000000009,0.147239182,7.016243934631348,4.998438835144043,2.0178050994873047,0.6948189735412598,1.9793501158185915,2.904073,30.0,0.9895545754745976,low,True,https://di-india-collab.flow-analytics.io/tools/replay/2025-06-01T11:35:07Z,1,0.12512610988191583,-2.0784331712009507,3.3104981114646232
10622952_10623024,2025-06-01 11:35:20.849226952,4,4,1,0.0406637697576096,7.493675231933594,0.7630137801170349,-0.3310574099287675,0.8822171688079834,9.82115364074707,0.3357174396514892,1.09190158968186,3.015380859375,0.698240743554562,0.0144120878688358,0.7027846094468704,9.84,0.06062783246,0.943618887,0.3866047813999999,1.166400000000001,0.1209499300999999,3.6570138931274414,1.0994025468826294,2.5576114654541016,0.8765550851821899,1.803755156319712,2.917799,30.0,0.9985515682324396,low,True,https://di-india-collab.flow-analytics.io/tools/replay/2025-06-01T11:35:20Z,1,1.0204811038402408,0.020274186526255945,3.3746707402475242
10623024_10623034,2025-06-01 11:35:24.141694069,4,4,1,0.0324782888968808,7.477485179901123,0.6552426815032959,-0.0008769680980839,0.8543055057525635,11.411779403686523,1.230963945388794,1.95660076194124,3.273681640625,0.8919133691967397,0.0168630006290322,0.892141720106667,11.28,0.0321832987799999,1.1308312405999996,0.4276973835999998,1.1616000000000009,0.12225928216,1.583898425102234,0.9090912342071532,0.6748071908950806,0.2251768112182617,1.4124922421913289,2.996788,31.0,0.9999970822593354,low,True,https://di-india-collab.flow-analytics.io/tools/replay/2025-06-01T11:35:24Z,1,0.189985953758441,-1.6608051371415824,2.70615978503803
10623416_10623588,2025-06-01 11:36:29.947369099,4,4,1,0.0567045299313985,7.495127201080322,0.9460875391960144,-0.2982498070869109,0.5716846585273743,7.922234535217285,8.728652954101562,-3.918812751289433,2.9931640625,0.0339202521004212,0.0007791150424184,0.0339768535139297,7.92,0.1192027484799999,0.4569205569999999,0.3980276793999999,1.1376000000000008,0.13019245578,1.5506340265274048,0.6865634322166443,0.8640705943107605,0.2885541915893554,1.7322324695054336,2.994483,31.0,0.9997472181624798,low,True,https://di-india-collab.flow-analytics.io/tools/replay/2025-06-01T11:36:29Z,1,0.7592697999103188,-0.27539809714761926,3.1502744311807582
10623627_10623882,2025-06-01 11:36:49.327156067,4,4,1,0.0696308583825899,6.528193473815918,0.8185321688652039,0.698638337502334,0.9729058742523192,7.975488185882568,9.847711563110352,1.4340443035373225,3.1669921875,1.7188788773972004,0.0404191509241728,1.7189425069749005,7.439999999999999,0.00154367736,1.8033415019999997,0.3572236528,1.1472000000000009,0.12880822122,3.0927953720092773,0.6693768501281738,2.4234185218811035,0.8079004287719727,2.573637762919253,2.99965,31.0,0.9936388262269484,moderate,True,https://di-india-collab.flow-analytics.io/tools/replay/2025-06-01T11:36:49Z,1,1.2466134596996767,0.22043064246225397,2.474856590273702
10623677_10623725,2025-06-01 11:36:56.016683101,4,4,1,0.3473019754616787,7.492578506469727,2.1538403034210205,-1.8864296858240448,2.6627745628356934,3.4787065982818604,4.63010311126709,7.024097022127277,3.310546875,2.088119467149736,0.0806215514470348,2.097535058184368,3.12,0.00144582128,1.8065270399999995,0.3587389050000001,1.1472000000000009,0.2216404873999999,9.439613342285156,5.739555835723877,3.7000575065612793,1.236854910850525,3.970957307092177,2.991505,31.0,0.9991472983975288,moderate,True,https://di-india-collab.flow-analytics.io/tools/replay/2025-06-01T11:36:56Z,1,0.004702749109835985,-5.3596080242770086,4.965069790469853
10623725_10623883,2025-06-01 11:36:40.332942963,4,4,1,0.329933189075795,7.47360372543335,1.9647538661956787,-0.9134099993542516,1.435218095779419,3.8038370609283447,7.60959529876709,-3.358582935819431,3.3056640625,0.2822401420694497,0.0101883390451276,0.2938462691320281,3.84,0.1572346806399999,0.3833604562000002,0.4290850552,1.1328000000000007,0.1791269535999999,1.866590976715088,0.9494123458862304,0.9171786308288574,0.3063284456729889,1.1867399177107307,2.994102,31.0,0.9942241979475468,low,True,https://di-india-collab.flow-analytics.io/tools/replay/2025-06-01T11:36:40Z,1,0.41551230588526683,-0.8782430480728234,3.105574458035704
10623746_10624191,2025-06-01 11:37:34.577241898,4,4,1,0.2205465431469107,7.128430843353272,1.9574278593063357,-5.492103817393236,1.2811551094055176,3.6417336463928223,20.520729064941406,24.09649947365453,3.117431640625,4.731820752909167,0.1787953991737338,4.74173463460058,1.92,0.00145700286,2.0658422639999987,0.3083349818,1.1472000000000009,0.1808234584,4.12135124206543,3.919748306274414,0.2016029357910156,0.0675430372357368,9.33255129390823,2.984807,31.0,0.9777063086065227,critical,True,https://di-india-collab.flow-analytics.io/tools/replay/2025-06-01T11:37:34Z,1,2.583060404862341e-10,-22.076876030555344,6.766095697071279
10623783_10623833,2025-06-01 11:36:24.160157919,4,4,1,0.0356288325608365,6.974422931671143,0.6429393291473389,0.1859661751883697,0.7814850807189941,10.847715377807615,7.1619720458984375,12.056179806795765,3.2705078125,3.6383984684196777,0.0716007459918636,3.638445162858031,7.92,0.00144582128,1.8078425299999996,0.3840679404,1.1376000000000008,0.12630876654,2.919272422790528,5.333017349243164,-2.4137449264526367,-0.8317227363586426,0.4928511685892077,2.902103,30.0,0.9863711072201828,low,True,https://di-india-collab.flow-analytics.io/tools/replay/2025-06-01T11:36:24Z,1,0.016920157155926693,-4.079249636671858,5.37201598527616
10623882_10623974,2025-06-01 11:36:50.443717957,4,4,1,0.0348673971220866,6.023894786834717,0.5454815030097961,0.7406010622543244,1.10345458984375,11.043261528015137,12.085827827453612,1.9780102504598829,3.14794921875,4.7673550015431765,0.0929997843297089,4.767536221523142,4.08,0.00129985486,1.8616149439999992,0.3558548326000001,1.1424000000000007,0.1186100146,2.9656901359558105,0.3708401024341583,2.5948500633239746,0.8692752122879028,2.65192481518019,2.985073,31.0,0.9735248981466338,moderate,True,https://di-india-collab.flow-analytics.io/tools/replay/2025-06-01T11:36:50Z,1,2.148111843544986e-06,-13.05092131398371,5.7839869661984675
10624516_10624544,2025-06-01 11:37:25.080849886,4,4,1,0.0544633603024694,6.70596981048584,0.7692292332649231,-0.2038990297372706,0.5489481687545776,8.717778205871582,2.685739517211914,-2.235558678566291,3.232421875,0.4456061552477722,0.0098436123920812,0.4466341680594136,8.64,0.0987924805599999,0.8680093248000003,0.4407412023999998,1.1472000000000009,0.1216906212999999,0.993123173713684,0.0210219305008649,0.9721012711524964,0.3262853324413299,1.2831082902472153,2.979298,31.0,0.998172154485752,low,True,https://di-india-collab.flow-analytics.io/tools/replay/2025-06-01T11:37:25Z,1,1.2498579020528267,0.22302986649459686,2.466976966438391
10625563_10625677,2025-06-01 11:39:27.932851076,4,4,1,0.4206131274598283,5.560744762420654,1.673190712928772,-0.1007227373978821,2.1440253257751465,3.323437452316284,8.504841804504395,2.7163271118111454,3.283203125,1.120020450955741,0.0442432385849267,1.1261359451918862,3.12,0.00136905204,1.208229772,0.3956921997999999,1.1520000000000008,0.1523702495999999,2.668424367904663,0.0330715626478195,2.635352849960327,0.8788279891014099,3.0478361531083293,2.998713,31.0,0.996137590894824,moderate,True,https://di-india-collab.flow-analytics.io/tools/replay/2025-06-01T11:39:27Z,1,0.019020696761270328,-3.962227589451203,3.424220551849813
10625563_10626377,2025-06-01 11:40:00.333465099,4,4,1,0.4906754694753517,7.485518932342529,2.018319129943848,-0.0174742783906982,0.9853928089141846,3.7087886333465576,26.324831008911133,-0.5846631695978852,3.30712890625,4.78339210686359,0.178802811682285,4.784239731264872,2.16,0.00145700286,2.0658422639999987,0.331590057,1.1472000000000009,0.1810804904,3.695592164993286,3.958071708679199,-0.2624795436859131,-0.0886852294206619,1.407782738780302,2.959676,30.0,0.937405731979998,low,True,https://di-india-collab.flow-analytics.io/tools/replay/2025-06-01T11:40:00Z,1,9.60035047888394e-08,-16.158881137927906,6.1460832497575435
10625605_10625780,2025-06-01 11:39:20.024060965,4,6,1,0.3073266379149825,7.363840579986572,1.8366248607635496,-0.945186439101048,1.3773834705352783,4.00944185256958,0.8952465057373047,-6.501678499219602,3.44775390625,0.3633313082318095,0.012732962421864,0.3922034313112106,4.08,0.1376364162599999,0.5966841469999999,0.4263898074,1.1136000000000008,0.1803903589999999,1.7381452322006226,4.204336166381836,-2.466190814971924,-0.8230254054069519,1.3720365978201667,2.996494,31.0,0.9994975966257204,low,True,https://di-india-collab.flow-analytics.io/tools/replay/2025-06-01T11:39:20Z,1,0.017365588853693374,-4.05326468298423,5.197059384516298
10625677_10625718,2025-06-01 11:40:04.989077091,4,4,1,0.2683015531875917,7.471478462219238,1.7883459329605105,0.0109983955146577,1.5463685989379885,4.177870750427246,7.553642272949219,-0.2020343901856799,3.187255859375,0.2426140712267941,0.0082730137934885,0.294668921555512,4.08,0.1484662172599999,0.3963458822000001,0.4054848916,1.1424000000000007,0.1780233439999999,5.05571985244751,2.680710792541504,2.375009059906006,0.7942071557044983,2.802326165724094,2.990415,31.0,0.9988993472821333,moderate,True,https://di-india-collab.flow-analytics.io/tools/replay/2025-06-01T11:40:04Z,1,1.5549788678287393,0.4414619557181086,2.533685405491945
10625718_10625830,2025-06-01 11:39:21.723540068,4,4,1,0.1447923711149772,6.773487091064453,1.4435112476348877,-1.2446780858171589,0.9198541045188904,4.692368984222412,2.685739517211914,-2.1811241022658048,3.191162109375,0.0998377757723601,0.0031570595049647,0.1859336019155469,4.8,0.13684447942,0.5287236605600002,0.40259614,1.1424000000000007,0.14028932842,1.251690149307251,3.3035404682159424,-2.0518503189086914,-0.7064332962036133,1.3640453078706445,2.904521,30.0,0.9999222711543558,low,True,https://di-india-collab.flow-analytics.io/tools/replay/2025-06-01T11:39:21Z,1,0.06795863967179529,-2.6888559989797516,3.378093368826461
10625718_10625830,2025-06-01 11:40:06.481431007,4,4,1,0.0950228820713897,7.383499145507812,1.0626243352890017,-0.023113369287183,0.9660048484802246,6.948362350463867,13.554591178894045,1.848803604355124,3.191162109375,2.908992417784392,0.0745365647712662,2.911761177165341,5.76,0.00144582128,1.8078425299999996,0.3553336670000001,1.1424000000000007,0.1451708839,4.262589931488037,2.9187257289886475,1.3438642024993896,0.4499746859073639,3.820223070855453,2.986533,31.0,0.9964161343988848,moderate,True,https://di-india-collab.flow-analytics.io/tools/replay/2025-06-01T11:40:06Z,1,2.9025681638181653,1.0655959188337616,2.2382431927907005
10625751_10625885,2025-06-01 11:39:58.969439983,4,4,1,0.1407270813398307,5.769143581390381,1.2737231254577637,0.7412999237258739,0.4079470634460449,4.529354572296143,17.250980377197266,-5.199806287800681,3.087890625,4.607131408757798,0.1528338305791988,4.607876725880772,1.68,0.00126270114,1.9703266799999992,0.310836423,1.1472000000000009,0.1462054266,3.4280834197998047,5.515027046203613,-2.0869436264038086,-0.7152554392814636,0.9278759092780908,2.91776,30.0,0.9553987009816785,low,True,https://di-india-collab.flow-analytics.io/tools/replay/2025-06-01T11:39:58Z,1,7.775663425159729e-05,-9.461926682550336,3.9222637241104517
10625830_10625885,2025-06-01 11:39:31.232453108,4,4,1,0.0741647411058558,6.31428861618042,0.8872946500778198,-0.1806174059290356,0.9112424850463868,7.116337776184082,1.342869758605957,5.419605625925893,3.204833984375,0.6625716198933738,0.0165645287322392,0.6662147395266765,6.96,0.0801570104999999,1.1586266548000004,0.4380187747999998,1.1664000000000008,0.12874216066,1.211350440979004,0.0241515077650547,1.1871988773345947,0.4088106751441955,2.4152176142208672,2.904031,30.0,0.9999224789199134,moderate,True,https://di-india-collab.flow-analytics.io/tools/replay/2025-06-01T11:39:31Z,1,0.15970852126176358,-1.834404867252509,3.0436808195141816
10625830_10626600,2025-06-01 11:40:08.190845966,4,4,1,0.0548090052850003,7.48679780960083,0.7205718755722046,1.3214067291405374,0.8761045932769775,10.390077590942385,21.54085731506348,-11.144254251580572,3.2724609375,6.348547360678554,0.1286858560864705,6.348770288899527,2.88,0.00140866756,1.9051625019999991,0.3621584611999999,1.1424000000000007,0.1283883035799999,3.149892091751098,3.165254831314087,-0.0153627395629882,-0.0053119305521249,1.0425764367025985,2.89212,30.0,0.9882549084614902,low,True,https://di-india-collab.flow-analytics.io/tools/replay/2025-06-01T11:40:08Z,1,2.2716365921874442e-07,-15.297595113514603,6.4147651946018405
10626701_10626755,2025-06-01 11:40:12.591095924,4,4,1,0.3671477355356767,7.458756923675537,1.860457181930542,-0.5094194249942064,1.9436982870101929,4.009099006652832,1.1190581321716309,4.680342694839308,3.17236328125,0.1905683588550792,0.0066487162487616,0.2345984619935755,4.08,0.15492516638,0.5248123488000002,0.3989901127999999,1.1376000000000008,0.1798169971999999,2.324083089828491,0.195074662566185,2.1290085315704346,0.7107157111167908,1.9999520842172789,2.995584,31.0,0.9985881796224948,low,True,https://di-india-collab.flow-analytics.io/tools/replay/2025-06-01T11:40:12Z,1,4.336668555111841,1.4671064393162805,2.6008894929650612
10627081_10627172,2025-06-01 11:40:33.873035908,4,4,1,0.0404398810658793,7.493910312652588,0.7587688565254211,0.0464685662324089,0.5955901145935059,9.876407623291016,3.5809860229492188,-17.621338337149723,3.23828125,0.8380056460860904,0.0172612084310278,0.840640243902574,9.84,0.0423417310999999,1.0637352839999998,0.4268142927999998,1.156800000000001,0.12637828018,1.1017334461212158,0.6059422492980957,0.4957911968231201,0.1704773306846618,1.6684611310786133,2.908253,30.0,0.9965368652210524,low,True,https://di-india-collab.flow-analytics.io/tools/replay/2025-06-01T11:40:33Z,1,0.9726962525087647,-0.027683421783265747,1.7691178531708185
10627377_10627594,2025-06-01 11:41:03.764377117,6,7,1,0.3094930266017007,2.4689478874206543,0.7842589616775513,0.70774562435449,2.323763370513916,3.1481282711029053,29.99075698852539,1299.4162029967576,4.46142578125,2.022448400265158,0.0828556027850181,2.0250947906537147,0.96,0.00122738322,1.7880433579999997,0.3642333648000001,1.1616000000000009,0.13063366352,2.6641385555267334,0.8290062546730042,1.835132360458374,3.034244537353516,24.14084847691388,0.604807,7.0,-0.7171812387827978,critical,True,https://di-india-collab.flow-analytics.io/tools/replay/2025-06-01T11:41:03Z,-1,3.8424150777044185e-200,-459.17091750341535,30.41219940708781
10628171_10628202,2025-06-01 11:41:47.235084057,4,4,1,0.0516187445786199,7.39247465133667,0.8518117666244507,-0.158474361389788,1.1838330030441284,8.6785306930542,4.252420902252197,14.898253736520552,3.19482421875,1.8983632109140445,0.0424772661516766,1.8989546877822017,8.16,0.00154367736,1.8033415019999997,0.383610505,1.1520000000000008,0.12880822122,2.453641176223755,1.207287073135376,1.246354103088379,0.4297144412994385,2.209335589590282,2.900424,30.0,0.9984566683126505,moderate,True,https://di-india-collab.flow-analytics.io/tools/replay/2025-06-01T11:41:47Z,1,1.4628991666719602,0.38042019736059013,2.545518128897732
10628202_10628236,2025-06-01 11:41:58.220058918,4,4,1,0.2126519752277582,6.245120048522949,1.3661435842514038,0.0003427360314282,1.1365149021148682,4.571349620819092,4.70004415512085,1.0068057098993646,3.1953125,0.6627152998526787,0.0215691153070496,0.6650045320170003,4.56,0.08506839944,1.1515814908,0.4307894711999998,1.171200000000001,0.143160131,1.4574168920516968,0.0352785773575305,1.4221383333206177,0.4752930998802185,1.7517274811756425,2.9921290000000003,31.0,0.9997962119120872,low,True,https://di-india-collab.flow-analytics.io/tools/replay/2025-06-01T11:41:58Z,1,0.13900246905884991,-1.973263582995897,2.78375555067362
10628236_10628262,2025-06-01 11:41:50.237093925,4,4,1,0.6028116596569222,7.148484230041504,2.493932247161865,-2.4811384068024425,-1.896435260772705,2.866350650787353,4.252420902252197,10.026049415791269,3.2744140625,1.4381448830868322,0.0621557793512417,1.4653245565089676,2.64,0.0015262886,1.6463892019999995,0.3684818342000001,1.1472000000000009,0.280863545,1.2013118267059326,1.6567972898483276,-0.455485463142395,-0.1524585932493209,1.067177744069076,2.987601,31.0,0.9999970945669044,low,True,https://di-india-collab.flow-analytics.io/tools/replay/2025-06-01T11:41:50Z,1,4.0613744217652845e-15,-33.137254951056164,7.983665670507173
10628310_10628346,2025-06-01 11:42:00.815237999,4,4,1,0.0998822242933279,7.433165550231934,1.013211965560913,0.2002264635999057,1.6318610906600952,7.336239337921143,0.6714348793029785,4.28175451090304,3.28076171875,1.1417960707596282,0.0281392160604244,1.142421530401541,7.199999999999999,0.00154367736,1.262466342,0.4126712247999999,1.156800000000001,0.1467284539,2.637613296508789,0.1072818636894226,2.5303313732147217,0.8440756797790527,3.293064847814981,2.997754,31.0,0.989034070054406,moderate,True,https://di-india-collab.flow-analytics.io/tools/replay/2025-06-01T11:42:00Z,1,0.38626408982249455,-0.951233972930666,3.2142483986607857
10628489_10628507,2025-06-01 11:42:17.672707081,4,4,1,0.0352499247665013,6.742490768432617,0.6178500056266785,0.2459588926360579,0.6642899513244629,10.912827491760254,1.1190581321716309,-2.831335785188415,3.3017578125,0.0027907146932588,5.204360274713009e-05,0.069765668742988,10.8,0.10762882922,0.45630405434,0.4618193027999999,1.132800000000001,0.11587152036,1.7304435968399048,0.0140139758586883,1.716429591178894,0.5941675901412964,1.9020748749746268,2.888797,30.0,0.9994757928857116,low,True,https://di-india-collab.flow-analytics.io/tools/replay/2025-06-01T11:42:17Z,1,0.0024538454638670984,-6.0100989078356015,4.121807230949534
10629371_10629474,2025-06-01 11:43:57.164876938,4,4,1,0.0813941831711289,7.482226848602295,1.0190815925598145,-0.4198679830806054,1.232640027999878,7.342127323150635,14.54775619506836,-4.917809149060224,3.1923828125,4.512002842299269,0.112218025217735,4.514279095115431,4.56,0.00141674468,1.8616069539999995,0.337889668,1.1424000000000007,0.1455655599,3.5770723819732666,0.8571000695228577,2.7199723720550537,0.9388577342033386,2.3270802823348986,2.897108,30.0,0.9825429194589612,moderate,True,https://di-india-collab.flow-analytics.io/tools/replay/2025-06-01T11:43:57Z,1,0.03986036858831931,-3.222372717167505,3.715068021271653
10629441_10629474,2025-06-01 11:44:29.446240902,4,4,1,0.0477254167893438,5.321218013763428,0.6690036058425903,0.0126320736685999,0.3578155040740967,7.953945159912109,20.729541778564453,-7.029213772544726,3.2890625,4.271866558540392,0.1012575249759098,4.272268941757479,2.88,0.00132001968,1.8534141659999996,0.3803617792000001,1.1472000000000009,0.12779928474,0.9905933141708374,0.0318011231720447,0.958792209625244,0.3197109997272491,0.9426961429289836,2.998934,31.0,0.9614035620465452,low,True,https://di-india-collab.flow-analytics.io/tools/replay/2025-06-01T11:44:29Z,1,0.0016316716824870058,-6.418150217625303,4.235384047534598
10629568_10629603,2025-06-01 11:43:26.873445988,4,4,1,0.0496836354695102,7.4818830490112305,0.8481771945953369,0.0523534345431431,1.1252238750457764,8.821131706237793,0.8952465057373047,0.0,3.216796875,0.6101103474908246,0.013412702559972,0.6182536282369271,8.879999999999999,0.0931268104599999,1.135693417,0.4524223221999998,1.1616000000000009,0.1209499300999999,3.763654947280884,0.2610839605331421,3.5025711059570312,1.167974591255188,1.9768645423708533,2.998842,31.0,0.9999782369013612,low,True,https://di-india-collab.flow-analytics.io/tools/replay/2025-06-01T11:43:26Z,1,0.004000339829787643,-5.521375964024015,4.253346366090629
10629633_10629673,2025-06-01 11:43:30.865680933,4,4,1,0.0438898100039203,5.903604030609131,0.687999427318573,0.4300398015321474,1.1254826784133911,8.580826759338379,3.1333627700805664,-3.0510682066085484,3.01220703125,2.1522769992732464,0.0485274665435224,2.1522770137680096,7.439999999999999,0.00136905204,1.8033415019999997,0.3576318436,1.1520000000000008,0.1209503267,2.1846961975097656,0.0556419640779495,2.129054307937622,0.7343544363975525,2.3700622699167555,2.899219,30.0,0.9613395267338288,moderate,True,https://di-india-collab.flow-analytics.io/tools/replay/2025-06-01T11:43:30Z,1,0.6644339506886402,-0.40881980277636043,3.01115273052323
10629779_10629796,2025-06-01 11:43:35.761552095,4,4,1,0.0743380986316689,7.21028995513916,0.9473951458930968,0.2550008792714164,1.0663111209869385,7.610646724700928,9.176277160644531,-20.06340134664821,3.24560546875,0.0965953905180735,0.0022891084937589,0.1175598251955147,7.68,0.1148121807599999,0.3863921946600001,0.4438728107999998,1.1376000000000008,0.13380657188,2.199795961380005,0.1026240214705467,2.0971720218658447,0.7194131016731262,2.0750067355638047,2.915115,30.0,0.9998491675294144,moderate,True,https://di-india-collab.flow-analytics.io/tools/replay/2025-06-01T11:43:35Z,1,1.9948044341465554,0.6905460175400546,2.674831670932764
10629779_10629843,2025-06-01 11:44:30.277637959,4,4,1,0.1759638805548872,7.450220584869385,1.375792384147644,0.0800911809972774,2.222344398498535,5.415221691131592,8.504841804504395,2.3780933074693857,3.38525390625,2.481437871951945,0.0736840657781895,2.4815278639980525,4.8,0.00144582128,1.8078425299999996,0.3716268242000001,1.1472000000000009,0.1467945113,3.861828565597534,0.0921322256326675,3.7696962356567374,1.2719998359680176,3.6747107578004696,2.963598,31.0,0.994838662772262,moderate,True,https://di-india-collab.flow-analytics.io/tools/replay/2025-06-01T11:44:30Z,1,1.12873983829438,0.1211018230900449,2.434961334476204
10629937_10630446,2025-06-01 11:44:45.582103014,4,4,1,0.0453055407214515,7.458548545837402,0.8034906387329102,-0.5721710754515654,0.4295411109924316,9.282682418823242,32.005062103271484,20.56042594367929,3.294921875,6.644965745557289,0.1440984552642764,6.644972437219454,1.92,0.00140866756,1.9703266799999992,0.3614517967999999,1.1424000000000007,0.13063366352,2.699647903442383,1.887220025062561,0.8124278783798218,0.2709288597106933,1.198086521321818,2.998676,31.0,0.9965048356852232,low,True,https://di-india-collab.flow-analytics.io/tools/replay/2025-06-01T11:44:45Z,1,2.678263694176321e-07,-15.132926941704795,6.167627643951457
10630441_10630489,2025-06-01 11:44:27.341356993,4,4,1,0.4608462457066528,7.464781284332275,2.1710193157196045,-0.8350327454117946,2.3274078369140625,3.4383761882781982,0.4476232528686523,-2.2146638599321244,3.187744140625,0.0779371788914904,0.0029611663430627,0.186425174542295,3.36,0.20221258634,0.5973600855600002,0.3987181173999999,1.1424000000000007,0.244258837,3.3140416145324707,1.7358181476593018,1.578223466873169,0.5374907851219177,3.2350945555968837,2.93628,30.0,0.999565263928577,moderate,True,https://di-india-collab.flow-analytics.io/tools/replay/2025-06-01T11:44:27Z,1,0.00796941355286807,-4.832144370710617,4.058317946756488
10630633_10631213,2025-06-01 11:45:25.253880977,4,4,1,0.0859232933381346,7.43330717086792,1.0222773551940918,-0.3547264647643726,1.084867000579834,7.2713212966918945,14.88347339630127,18.007356026453753,3.139892578125,5.940495116300372,0.1488882361441751,5.940534394921389,2.64,0.00140866756,1.9703266799999992,0.3198562532,1.1424000000000007,0.1455655599,4.966642379760742,2.635000705718994,2.331641674041748,0.7777528762817383,1.6668062453829728,2.997921,31.0,0.9950918741413256,low,True,https://di-india-collab.flow-analytics.io/tools/replay/2025-06-01T11:45:25Z,1,0.0003443940800951537,-7.9737239745968935,4.653863867076391
10630678_10630929,2025-06-01 11:45:27.240896940,4,4,1,0.0775904193893396,5.088406085968018,0.9883310794830322,-1.894363729501372,1.4380661249160769,5.148483276367188,4.252420902252197,12.852268830708216,3.1298828125,1.6797058015402493,0.0512615246626804,1.6799518178660846,4.56,0.00130964452,1.7951407239999997,0.357356726,1.1472000000000009,0.1377504962999999,3.1176059246063232,0.0800255164504051,3.0375804901123047,1.0426506996154783,3.527019316156959,2.913325,30.0,0.9999711244396486,moderate,True,https://di-india-collab.flow-analytics.io/tools/replay/2025-06-01T11:45:27Z,1,0.010150575031766038,-4.590224921723118,4.236888151287575
10632389_10632435,2025-06-01 11:46:24.865056038,4,4,1,0.0291432676814824,7.0172953605651855,0.5934520959854126,0.1450450374650462,0.8171796798706055,11.824535369873049,0.0,-2.203923040108809,3.177978515625,0.3067068606915571,0.0056349980713185,0.3077173076156912,11.76,0.1017020491999999,0.5373034447,0.4123351177999999,1.1184000000000007,0.1123731561799999,2.1874382495880127,1.2481083869934082,0.9393298625946044,0.3240158855915069,1.5359245861090447,2.899024,30.0,0.9977455009856488,low,True,https://di-india-collab.flow-analytics.io/tools/replay/2025-06-01T11:46:24Z,1,0.04534821257107923,-3.093384517286408,3.822881961879597
10632493_10632569,2025-06-01 11:47:03.380732059,4,4,1,0.1756365139387089,5.604215145111084,1.308360934257507,0.6421097710879649,0.9717230796813964,4.28338623046875,2.2381162643432617,1.00992928292474,3.0478515625,2.0161178946843346,0.0687455948179909,2.0221140701008933,3.84,0.00129985486,1.7996417519999994,0.3371576534,1.1376000000000008,0.14539571,4.930920600891113,6.823949813842773,-1.89302921295166,-0.6311523914337158,2.950656461558298,2.9993220000000003,31.0,0.9610793486581882,moderate,True,https://di-india-collab.flow-analytics.io/tools/replay/2025-06-01T11:47:03Z,1,0.0042678218603823224,-5.456651684843337,4.426422755182016
10632569_10632606,2025-06-01 11:47:24.757827044,4,4,1,0.029369953545024,5.837198257446289,0.5301896929740906,0.3286910454013504,0.7264792919158936,11.00964069366455,22.6049747467041,0.0338476280007459,3.027587890625,3.154793491920389,0.061476547392686,3.155607192287113,7.68,0.00130964452,1.8078425299999996,0.3576318436,1.1472000000000009,0.11208126986,1.122249722480774,0.030108381062746,1.0921413898468018,0.3645537495613098,1.73541715143278,2.995831,31.0,0.9488207058292496,low,True,https://di-india-collab.flow-analytics.io/tools/replay/2025-06-01T11:47:24Z,1,0.04912197308796212,-3.0134488272211213,3.816112175042293
10632606_10633121,2025-06-01 11:47:39.143716097,4,4,1,0.0539032117155896,6.448641300201416,0.593115508556366,0.6028617447565031,0.0208382606506347,10.872488021850586,17.309419631958008,-0.8423375422058483,2.985107421875,6.205682619046179,0.122413572183027,6.208376177967221,0.72,0.0013873757,1.8673624699999996,0.3414547551999999,1.1136000000000008,0.12950933612,4.685984611511231,4.663857936859131,0.0221266746520996,0.0073847696185112,1.5547579689443898,2.996258,31.0,0.999981567207248,low,True,https://di-india-collab.flow-analytics.io/tools/replay/2025-06-01T11:47:39Z,1,4.393943860892346e-17,-37.66371938332832,9.118569713400234
10632783_10632811,2025-06-01 11:46:51.955710888,4,4,1,0.1471556355551316,6.96601676940918,1.2338473796844482,0.0739853555521555,0.8755418062210083,5.645768642425537,2.797645330429077,-0.4712955370966054,3.30419921875,1.2413019203428837,0.035780808219171,1.243113454512908,5.52,0.00154367736,1.5607465839999992,0.3718825116000001,1.156800000000001,0.1470929091999999,1.2040109634399414,1.167517066001892,0.0364938974380493,0.0124607495963573,2.452180427729125,2.928708,30.0,0.9996349010822918,moderate,True,https://di-india-collab.flow-analytics.io/tools/replay/2025-06-01T11:46:51Z,1,1.6237992668881915,0.48476862996697884,2.342644363848184
10633167_10633293,2025-06-01 11:47:51.134927988,4,4,1,0.0565105732593195,7.036564826965332,0.8368712067604065,0.1422700657336681,0.648975670337677,8.408181190490723,12.533451080322266,-5.904102453157813,2.99462890625,1.7419768138422376,0.0396962762159325,1.7421343693727265,7.92,0.00154367736,1.8033415019999997,0.3572236528,1.1520000000000008,0.12880822122,1.3295528888702393,1.0908851623535156,0.2386677265167236,0.0798804387450218,1.093833935931498,2.987812,31.0,0.9974857326616916,low,True,https://di-india-collab.flow-analytics.io/tools/replay/2025-06-01T11:47:51Z,1,1.0157763205996997,0.015653168028145148,3.103928237806521
10633391_10633406,2025-06-01 11:47:34.535171986,4,4,1,0.1308103736675649,7.435874938964844,1.2723060846328735,-0.2065899063911558,1.7501673698425293,5.844407081604004,1.5666813850402832,6.312203010275368,3.2607421875,0.3011851441445333,0.0084207466134127,0.3158940684786593,5.76,0.1280218986,0.4087723836000001,0.4323532687999998,1.132800000000001,0.14421199022,3.833292007446289,0.0345764197409153,3.798715591430664,1.2984038591384888,3.2699047644820896,2.925681,30.0,0.9999535169190584,moderate,True,https://di-india-collab.flow-analytics.io/tools/replay/2025-06-01T11:47:34Z,1,2.215837646611177,0.7956305020364561,2.452062788501766
10633391_10633406,2025-06-01 11:48:26.926929951,4,4,1,0.0299724798613652,6.620320796966553,0.5810912847518921,-0.1047599337423276,1.015253663063049,11.39291000366211,16.785871505737305,1.8269875460644371,3.2607421875,5.284350407156895,0.1012606752189857,5.284608992274917,4.08,0.00145619644,1.8616149439999992,0.3825214362000001,1.1424000000000007,0.1186100146,2.700601577758789,0.6618778109550476,2.0387237071990967,0.7012950778007507,2.204790079614391,2.907084,30.0,0.9795424902709784,moderate,True,https://di-india-collab.flow-analytics.io/tools/replay/2025-06-01T11:48:26Z,1,1.2266342260609505e-06,-13.611236540947214,5.742731442351042
10633528_10633664,2025-06-01 11:48:30.117805004,4,4,1,0.0673042376399848,6.363472938537598,0.8953681588172913,-0.0256129085205488,1.0277721881866455,7.107101917266846,2.2381162643432617,0.8538844223598833,3.197265625,0.4603919332709256,0.0114895593978122,0.4708446039972014,6.96,0.0881222296799999,0.9133419586000004,0.4407412023999998,1.1376000000000008,0.1253597199799999,1.5539648532867432,0.5243172645568848,1.0296475887298584,0.3434667289257049,1.7122858164011043,2.997809,31.0,0.99749196301181,low,True,https://di-india-collab.flow-analytics.io/tools/replay/2025-06-01T11:48:30Z,1,1.5512537968562286,0.43906350514446846,2.1384654647031027
10633664_10633708,2025-06-01 11:48:29.424576044,4,4,1,0.162752384973331,7.3797197341918945,1.42607581615448,-0.733688148112802,1.7826168537139893,5.174843788146973,1.1190581321716309,2.310360187752188,3.1552734375,0.8388365252631427,0.025398194649891,0.8444932562568402,5.04,0.0431749225799999,1.0659644119999998,0.3793346005999999,1.1616000000000009,0.1519159958999999,3.8558058738708496,0.241648644208908,3.614157199859619,1.210677981376648,2.5739465382467706,2.985234,31.0,0.9906683967717306,moderate,True,https://di-india-collab.flow-analytics.io/tools/replay/2025-06-01T11:48:29Z,1,4.530450867962865,1.5108214638938513,2.699813449889579
10633910_10633945,2025-06-01 11:48:14.728579044,4,4,1,0.3446427233004054,7.472883701324463,1.875322699546814,-0.5838239126552777,2.1216301918029785,3.9848520755767822,1.45477557182312,-7.9515318474931185,3.30419921875,0.1616856131029257,0.0056549521532452,0.2434267187118384,4.08,0.15984402918,0.59341704188,0.4241301006,1.1376000000000008,0.1798169971999999,2.607252597808838,0.0970001593232154,2.5102524757385254,0.8414796590805054,2.485117534912209,2.983141,31.0,0.9999663730717496,moderate,True,https://di-india-collab.flow-analytics.io/tools/replay/2025-06-01T11:48:14Z,1,1.5608812484232701,0.44525056459933277,2.3553416005288463
10634058_10634131,2025-06-01 11:48:27.921561956,4,4,1,0.4967817372063163,7.071206092834473,2.1779911518096924,-1.5659275406187367,1.416865348815918,3.24666428565979,3.0214569568634038,21.507705042678257,3.28271484375,0.002325958812472,8.92265466129442e-05,0.2468560629233193,3.36,0.19643552284,0.71626564566,0.4362611477999998,1.1280000000000008,0.244258837,1.7635061740875244,3.380032539367676,-1.6165263652801514,-0.5576284527778625,2.505366987751404,2.898931,30.0,0.9999110430022068,moderate,True,https://di-india-collab.flow-analytics.io/tools/replay/2025-06-01T11:48:27Z,1,2.5849471163558117e-12,-26.681316066066856,7.025925874960914
10634195_10634262,2025-06-01 11:48:47.903234959,4,4,1,0.1961717162509164,6.285563945770264,1.4081000089645386,0.2520563192506038,2.0290749073028564,4.46386194229126,1.7904930114746094,0.0,3.223876953125,0.0123562258618151,0.0003966833393462,0.1359587189348091,4.56,0.1301081177399999,0.4899301124199999,0.4265324868,1.142400000000001,0.14420850022,2.332556962966919,0.0428788997232914,2.28967809677124,0.785636842250824,2.1673304483666893,2.914423,30.0,0.9994450362358256,moderate,True,https://di-india-collab.flow-analytics.io/tools/replay/2025-06-01T11:48:47Z,1,0.02202698870150934,-3.8154868183184902,3.776125630296282
10634286_10634324,2025-06-01 11:48:47.601979017,4,4,1,0.1701796999314218,4.935447692871094,1.129627704620361,0.0111930413415597,1.061717510223389,4.3690924644470215,0.8952465057373047,-1.2430150151172652,2.97021484375,0.6464973508240042,0.0216127520572255,0.6471692840945021,4.32,0.0805529157599999,0.9828253448,0.3948687241999997,1.1616000000000009,0.1437445785,1.4186108112335205,0.0476120747625827,1.370998740196228,0.4717667996883392,6.928441093368452,2.906094,30.0,0.9960322594749078,critical,True,https://di-india-collab.flow-analytics.io/tools/replay/2025-06-01T11:48:47Z,1,0.030869371849858603,-3.4779907889142097,3.868165735113358
10634286_10634324,2025-06-01 11:49:00.103905916,4,4,1,0.0328354063163897,6.716192245483398,0.5953347682952881,0.2896679076940172,0.8037546277046204,11.281371116638184,1.5666813850402832,4.506016940179757,2.97021484375,0.2415466377750974,0.0045563476193542,0.2416750027325972,11.28,0.1035442508199999,0.5620415825799999,0.4064848227999998,1.1424000000000007,0.1115969630799999,1.3568153381347656,0.6893849968910217,0.6674303412437439,0.2229871153831482,2.1666617860884645,2.993134,31.0,0.99945015276241,moderate,True,https://di-india-collab.flow-analytics.io/tools/replay/2025-06-01T11:49:00Z,1,0.07934769947140845,-2.5339158245987656,3.749421631467723
10634607_10635438,2025-06-01 11:50:16.846327066,4,4,1,0.0438959501718642,7.494948863983154,0.763463020324707,0.0824551329967901,0.7232043147087097,9.817042350769045,7.385783672332764,0.0,3.255859375,0.3421553489732873,0.007028860952919,0.3437605555907745,9.84,0.1109886690799999,0.4106130011000001,0.4407412023999998,1.1232000000000009,0.1185662694999999,1.3507806062698364,0.4167100191116333,0.9340705871582032,0.3125194311141968,1.3523674937861858,2.98884,31.0,0.9999054504072028,low,True,https://di-india-collab.flow-analytics.io/tools/replay/2025-06-01T11:50:16Z,1,0.6467702168394472,-0.4357641992790083,2.687809318560828
10634775_10634869,2025-06-01 11:49:20.478171110,4,4,1,0.1343678769505536,6.500770092010498,1.168394923210144,0.017848992456354,1.099581241607666,5.563846588134766,3.5809860229492188,11.436569401372722,3.217529296875,0.0911112556838719,0.002601285258928,0.1039088584170955,5.52,0.1103087597599999,0.4127502833600001,0.4274968189999999,1.142400000000001,0.14057894812,1.4008880853652954,0.0548517554998397,1.3460363149642944,0.4643993079662323,1.395449290098883,2.898446,30.0,0.9944310079040576,low,True,https://di-india-collab.flow-analytics.io/tools/replay/2025-06-01T11:49:20Z,1,5.438945013322438,1.6935851106861788,1.612411631436595
10635346_10635529,2025-06-01 11:50:17.448329926,4,4,1,0.5337529251000434,7.423760414123535,2.197420597076416,-0.4671895717252062,2.307379007339477,3.3783974647521973,8.728652954101562,2.2489381101734427,3.182861328125,0.8937001300536049,0.0349044735697034,0.8962570224736904,3.36,0.0319096329,1.1232951107999998,0.3869174729999999,1.166400000000001,0.2388924454,2.7554357051849365,0.2987444996833801,2.456691265106201,0.8211851716041565,2.7534089271919315,2.991641,31.0,0.996479282761036,moderate,True,https://di-india-collab.flow-analytics.io/tools/replay/2025-06-01T11:50:17Z,1,0.07476830317267846,-2.5933612381869198,3.8481737892521326
10635550_10635582,2025-06-01 11:50:26.943497896,4,4,1,0.241106998784134,7.482912540435791,1.7579946517944336,-0.7510957192531044,1.928483486175537,4.256504535675049,18.128742218017575,-5.247941282686804,3.208251953125,1.583917461652221,0.0541199712944095,1.5841236020764349,4.08,0.00145561094,1.7595997339999994,0.3617170068000001,1.1520000000000008,0.1636395283999999,4.699700355529785,1.1105293035507202,3.5891709327697754,1.202573537826538,3.296302082433223,2.984575,31.0,0.9939443038835788,moderate,True,https://di-india-collab.flow-analytics.io/tools/replay/2025-06-01T11:50:26Z,1,0.7064867236663638,-0.3474508687307045,2.7349648736970855
10636623_10637128,2025-06-01 11:52:56.935303926,4,4,1,0.1756254574821144,6.284912586212158,1.3198705911636353,-0.5207086655889709,2.100665330886841,4.761764049530029,3.5809860229492188,-5.6241657181927565,3.314453125,1.9516252537288288,0.0624628913661723,1.9517746847845976,4.32,0.00130964452,1.8078425299999996,0.3750523288,1.1424000000000007,0.1439788588999999,3.294002056121826,0.3192245960235595,2.9747774600982666,1.0232843160629272,3.502767741285975,2.907088,30.0,0.938496753405649,moderate,True,https://di-india-collab.flow-analytics.io/tools/replay/2025-06-01T11:52:56Z,1,0.5582678440186069,-0.5829164245656262,2.5076384191898926
10636948_10636996,2025-06-01 11:52:04.469486952,4,4,1,0.4551831227337539,7.350861072540283,2.314331531524658,-1.049376936332499,2.891008853912353,3.1762351989746094,2.0143046379089355,1.0673253628060866,3.198486328125,1.1212765114037777,0.0455054384011,1.1220395618338566,3.12,0.0015052288,1.2160175986,0.3975721053999999,1.1520000000000008,0.2561272414,6.641682624816895,0.8375923037528992,5.80409049987793,1.9933018684387207,4.887125477272123,2.911797,30.0,0.9968817814313322,serious,True,https://di-india-collab.flow-analytics.io/tools/replay/2025-06-01T11:52:04Z,1,0.0001366951473635604,-8.897757313302199,7.195801063169686
10637285_10637472,2025-06-01 11:52:43.649071932,4,4,1,0.0466784742957507,6.75328254699707,0.7076529264450073,-0.1625879377313825,1.0111546516418457,9.543212890625,0.5595290660858154,-4.595038218084055,3.030517578125,3.811742434171245,0.0809908494391828,3.8117931857932383,6.48,0.00144582128,1.8065270399999995,0.3570395354,1.1424000000000007,0.13028681938,3.8533143997192383,2.9707579612731934,0.8825564384460449,0.2952550053596496,1.5625255780389162,2.989133,31.0,0.9753401963842394,low,True,https://di-india-collab.flow-analytics.io/tools/replay/2025-06-01T11:52:43Z,1,0.4349056662084396,-0.8326261307017724,3.180384631733236
10637315_10637564,2025-06-01 11:53:10.441826105,4,4,1,0.0834088672195418,7.480127334594727,1.0734069347381592,-0.4065031128848959,0.814464807510376,6.968585014343262,1.1190581321716309,-7.753305088045713,3.029052734375,0.3829182556483069,0.0096564203403971,0.3830594806748209,6.96,0.1118785620599999,0.6015455858,0.3957134445999998,1.1232000000000009,0.14731881712,1.2008200883865356,0.1453950852155685,1.055425047874451,0.3662476539611816,0.921008172900366,2.881725,30.0,0.9970226859713456,low,True,https://di-india-collab.flow-analytics.io/tools/replay/2025-06-01T11:53:10Z,1,1.1464191714953302,0.1366433206084366,3.3405709267786
10638271_10638301,2025-06-01 11:53:41.570611000,4,4,1,0.0465805448829184,7.463272571563721,0.8484296798706055,-0.3687949582879734,0.733975887298584,8.796571731567383,5.147667407989502,7.262665415809233,3.274169921875,2.8292937725757863,0.0629754827975907,2.830561493615821,7.439999999999999,0.00144582128,1.8078425299999996,0.3829561324000001,1.1472000000000009,0.12563474522,4.95033073425293,5.757310390472412,-0.8069796562194824,-0.2695083320140838,0.6789763034722855,2.994266,31.0,0.9756449866331228,low,True,https://di-india-collab.flow-analytics.io/tools/replay/2025-06-01T11:53:41Z,1,0.12239197182742134,-2.1005265007002567,4.633103343774425
10638701_10639434,2025-06-01 11:55:25.624485016,4,4,1,0.2468244452712286,6.748575687408447,1.8622130155563357,-1.0534867489481272,1.0560920238494873,3.6239547729492183,2.461927890777588,-15.257072611148752,2.951904296875,0.3927793235789608,0.0146277408918265,0.3933830066617018,3.6,0.1317206768599999,0.594207249,0.3903405867999999,1.1184000000000007,0.1821442297999999,1.36198627948761,0.3094761967658996,1.0525100231170654,0.3513026237487793,1.918930371729999,2.996021,31.0,0.9978175663825622,low,True,https://di-india-collab.flow-analytics.io/tools/replay/2025-06-01T11:55:25Z,1,0.1979673794372629,-1.61965301217728,3.5893433109587005
10639034_10639059,2025-06-01 11:54:48.548933983,4,4,1,0.1383418964555875,7.463714122772217,1.2127153873443604,0.0020282907333879,1.128490328788757,6.154547214508057,0.4476232528686523,-4.394750082668773,3.08984375,0.3555250182379849,0.009649568853893,0.3754556232750126,6.24,0.1169856549799999,0.6063193760000002,0.3876772877999998,1.1232000000000009,0.14757660842,1.684838891029358,0.0862620770931243,1.5985767841339111,0.5506584048271179,1.3164031167305346,2.903028,30.0,0.9999898092999222,low,True,https://di-india-collab.flow-analytics.io/tools/replay/2025-06-01T11:54:48Z,1,1.683049454415712,0.5206072994565152,3.1415626696354244
10639282_10639332,2025-06-01 11:55:59.275933981,4,4,1,0.7009066453811053,5.150774002075195,2.0372889041900635,0.6235843520503381,3.1288013458251958,2.528249263763428,11.63820457458496,8.413278711195993,3.345703125,0.4359181054005926,0.0201345820301671,0.4906505019248043,2.4,0.12079853154,0.9677996610000004,0.4608517159999999,1.1472000000000009,0.1798254623999999,4.249793529510498,1.3612655401229858,2.8885278701782227,1.320864200592041,13.3042848800714,2.186847,23.0,0.995165411886455,critical,True,https://di-india-collab.flow-analytics.io/tools/replay/2025-06-01T11:55:59Z,1,1.1534515324060348e-10,-22.88309215004502,7.210815664309396
10639490_10639512,2025-06-01 11:56:04.458806038,4,4,1,2.9037109375,2.025988817214966,1.386565327644348,-1.5045991427651402,-3.162848234176636,1.4611563682556152,28.871700286865234,12.424091997478936,3.10009765625,1.7786289063700595,0.1150321519262893,1.7997832044804405,0.24,0.00119142736,1.867991228,0.3160207244,1.1376000000000008,0.14985348464,2.2374303340911865,3.649376153945923,-1.4119458198547363,-2.335477828979492,0.9332108049775976,0.604564,7.0,0.4035916324687503,low,True,https://di-india-collab.flow-analytics.io/tools/replay/2025-06-01T11:56:04Z,1,4.516331508008e-118,-270.1973409222622,23.027166772056297
10639727_10639744,2025-06-01 11:55:52.870135069,4,4,1,0.1980559905901591,6.144420623779297,1.283984899520874,0.1769207332672655,1.160050868988037,4.785430431365967,6.042913913726807,-12.168720508453989,2.99658203125,0.905172964468445,0.0287301772847472,0.918134625970642,4.8,0.02175427892,1.1091752181999996,0.3727939933999999,1.1616000000000009,0.146131098,1.6639641523361206,0.4037365019321441,1.2602276802062988,0.4210556745529175,12.4465102218099,2.993019,30.0,0.9955494630065174,critical,True,https://di-india-collab.flow-analytics.io/tools/replay/2025-06-01T11:55:52Z,1,0.00010815863979643072,-9.131911521595306,4.882556028577385
10639744_10639851,2025-06-01 11:55:58.366652966,4,4,1,0.2026414758819421,5.170907020568848,1.8092273473739624,-5.147428939459579,-0.0970520973205566,2.85807466506958,14.995378494262695,32.87527945753658,3.110107421875,2.6043141140584907,0.113220717120864,2.604923636988427,2.16,0.00127077826,1.8534061759999996,0.3108878718000001,1.152000000000001,0.1720764684,2.2201244831085205,3.194331645965576,-0.9742071628570556,-0.3364851176738739,13.83057691448766,2.895246,29.0,0.9580943559110088,critical,True,https://di-india-collab.flow-analytics.io/tools/replay/2025-06-01T11:55:58Z,1,2.1460757148457165e-10,-22.262210004506382,6.890001898051801
10639881_10639957,2025-06-01 11:56:13.562434912,4,4,1,0.0874849276991691,7.261155605316162,0.9902239441871644,0.164311796073036,1.0668978691101074,7.332841873168945,0.111905813217163,-1.1317452185634174,3.0556640625,0.3139429995585325,0.0076695341821908,0.3354147458860638,7.199999999999999,0.1091340818199999,0.4151931229000001,0.4041023047999998,1.1184000000000007,0.14056000698,3.651741981506348,2.8408775329589844,0.8108644485473633,0.2704277038574219,0.953229044009783,2.998452,31.0,0.9999710609845882,low,True,https://di-india-collab.flow-analytics.io/tools/replay/2025-06-01T11:56:13Z,1,0.9538536826727013,-0.04724499175708988,2.340257763357266
10639886_10640231,2025-06-01 11:57:24.737514973,4,4,1,0.0851475915769723,5.783988952636719,0.8007397055625916,-0.7267647634257357,1.751168131828308,7.223307132720947,8.504841804504395,-3.114226733427079,3.039794921875,1.5465582560032645,0.0385502922018385,1.5465967163074756,6.72,0.0014075006,1.7406244859999995,0.3575570856,1.1520000000000008,0.12880822122,2.8995602130889893,0.0534425787627697,2.8461177349090576,0.9499642848968506,3.294327313678369,2.996026,31.0,0.999168591380772,moderate,True,https://di-india-collab.flow-analytics.io/tools/replay/2025-06-01T11:57:24Z,1,0.1368359453858359,-1.9889725496403088,3.674555688202817
10640033_10640499,2025-06-01 11:57:27.542217970,4,4,1,0.1863746477302087,6.719209671020508,1.3258988857269287,0.0169691460671873,1.3470842838287354,5.067663669586182,10.071523666381836,-2.0952765857825497,3.287109375,1.1676842114836303,0.0358817633589273,1.1778374358928425,4.8,0.00154367736,1.33119187,0.3882086546,1.156800000000001,0.1487336805,1.996112823486328,0.0184913910925388,1.97762143611908,0.6821445226669312,2.4619729503977275,2.899124,30.0,0.987729420466972,moderate,True,https://di-india-collab.flow-analytics.io/tools/replay/2025-06-01T11:57:27Z,1,2.744483789907006,1.0095930025983093,1.841931914840463
10640077_10640157,2025-06-01 11:56:19.856641054,4,4,1,0.9921671549303008,7.339123725891113,2.64503812789917,-0.6575838932460948,3.156991958618164,2.7746760845184326,2.573833703994751,-8.25325955461121,3.19091796875,0.0398692737332726,0.0017132896780684,0.2816431388584061,2.88,0.20512826196,0.7171014590600001,0.4097005632000001,1.1280000000000008,0.2800248911999999,5.586646556854248,1.2019315958023071,4.384715080261231,1.4646371603012085,3.312220848724688,2.993721,31.0,0.9982245157637945,moderate,True,https://di-india-collab.flow-analytics.io/tools/replay/2025-06-01T11:56:19Z,1,7.726732391732998e-10,-20.98116487446916,7.796279032790128
10640374_10640386,2025-06-01 11:56:29.370877028,4,4,1,0.2037502932802584,7.4341511726379395,1.673564076423645,-2.529852469732988,2.409152746200561,4.442107200622559,1.230963945388794,4.952682956901431,3.16259765625,0.1241818122454556,0.004063458844266,0.234910339133126,4.56,0.14455935294,0.63297118626,0.4001592632,1.1328000000000007,0.1561934988199999,4.836694717407227,0.0959598496556282,4.740735054016113,1.62909734249115,3.5767464142470837,2.910038,30.0,0.9996329161149902,moderate,True,https://di-india-collab.flow-analytics.io/tools/replay/2025-06-01T11:56:29Z,1,0.007868256046947391,-4.844918836159794,4.969894076490609
10640533_10640554,2025-06-01 11:56:43.170994997,4,4,1,0.0267406711730051,6.345236301422119,0.5358845591545105,0.2264482367913095,0.4693741798400879,11.84067726135254,3.5809860229492188,0.7457034417714602,3.184814453125,0.5760047247740143,0.0106208466680049,0.5760764804504044,11.76,0.07856622188,0.9699441353999998,0.4262538311999998,1.1520000000000008,0.1086987093399999,1.5111018419265747,0.5951235890388489,0.9159782528877258,0.3158308267593384,1.6007483230742778,2.900218,30.0,0.999990254837207,low,True,https://di-india-collab.flow-analytics.io/tools/replay/2025-06-01T11:56:43Z,1,0.03325502903030156,-3.4035492742856297,3.781654494138687
10640810_10640881,2025-06-01 11:57:16.643955946,4,4,1,0.3488155191812457,3.88899302482605,1.2181596755981443,-0.11967803241097,0.7845837473869324,3.1925148963928223,179.8326416015625,0.350687782513818,3.080322265625,1.440036194406588,0.0583661873854981,1.4478821770912436,2.64,0.00129783558,1.5348267019999997,0.3401626196,1.1616000000000009,0.1418199175999999,1.2483636140823364,0.0439469777047634,1.2044166326522827,0.4037061929702759,1.5107773023139217,2.983399,31.0,0.9030098751097818,low,True,https://di-india-collab.flow-analytics.io/tools/replay/2025-06-01T11:57:16Z,1,7.047775108213063e-14,-30.28347932238818,8.205059071849588
10640810_10640881,2025-06-01 11:57:17.740329027,4,4,1,0.1094516948741928,3.9813101291656494,0.8492427468299866,-0.4951515952032235,0.0854784548282623,4.688070774078369,176.923095703125,-2.069287017174048,3.080322265625,1.393941846984348,0.0449246167282574,1.394270395623947,4.08,0.0013572431,1.4867869659999997,0.3598373128,1.1616000000000009,0.12709050902,0.4679019451141357,0.0673133954405784,0.4005885422229767,0.1342697441577911,1.5107773023139217,2.983461,31.0,0.9244675753532836,low,True,https://di-india-collab.flow-analytics.io/tools/replay/2025-06-01T11:57:17Z,1,3.435978982446662e-14,-31.00188941467985,8.232021073002945
10640852_10640881,2025-06-01 11:57:06.853580952,4,4,1,0.0715235141478743,7.481242656707764,0.9639995098114014,-0.878019847433246,1.3813378810882568,7.760629177093506,0.4476232528686523,5.214073699417141,3.1875,1.6956221567123635,0.040522697335619,1.6973802841736918,7.439999999999999,0.00154367736,1.8033415019999997,0.3661717330000001,1.1520000000000008,0.1422998286999999,4.415412902832031,0.0806122124195098,4.334800720214844,1.5012181997299194,2.5133999514443928,2.887522,30.0,0.9990175685586558,moderate,True,https://di-india-collab.flow-analytics.io/tools/replay/2025-06-01T11:57:06Z,1,0.3167028200356665,-1.1497914210387075,3.07965262140101
10640852_10640881,2025-06-01 11:57:30.947290897,4,4,1,0.3144239642137714,6.176403045654297,1.6738661527633667,0.1556252915753335,2.4176974296569824,3.6899025440216064,0.6714348793029785,1.6611526545100308,3.1875,0.8893433818024965,0.03295449166748,0.8896321220032474,3.6,0.03155856434,1.0979785571999998,0.3743733113999998,1.1616000000000009,0.1546955075999999,2.745924949645996,0.0505417957901954,2.695383071899414,0.900903046131134,2.6116532294951678,2.991868,31.0,0.9884476713206812,moderate,True,https://di-india-collab.flow-analytics.io/tools/replay/2025-06-01T11:57:30Z,1,0.4833491731752795,-0.7270159606858346,2.956219023326535
10642223_10642255,2025-06-01 11:58:44.473222971,4,4,1,0.1985619362894398,5.853455543518066,1.2541693449020386,-0.1138680080321399,1.0744410753250122,4.667197227478027,0.0,-2.870854116932167,3.068603515625,0.0446465298696619,0.0014083846612546,0.1413427659311901,4.56,0.1158629853999999,0.5132152079399999,0.3847007399999998,1.142400000000001,0.14057894812,1.4129551649093628,0.0430536568164825,1.3699015378952026,0.4589021801948547,1.483278004128081,2.985171,31.0,0.9991727383153648,low,True,https://di-india-collab.flow-analytics.io/tools/replay/2025-06-01T11:58:44Z,1,0.023143335802340723,-3.766048410201761,3.9937296055704863
10642255_10642274,2025-06-01 11:58:45.568972111,4,4,1,0.1151748853996115,5.579858779907227,1.0411289930343628,0.1260493121761538,1.1194820404052734,5.35943078994751,2.0143046379089355,2.9958006032822664,3.095458984375,0.5425831196653451,0.0160396670031022,0.5434162780233058,5.279999999999999,0.08895780382,0.8959724715999999,0.3884711597999998,1.1520000000000008,0.1431047118,1.463762283325195,0.0307007599622011,1.4330614805221558,0.4787149727344513,1.667149334053146,2.993559,31.0,0.9999659115445434,low,True,https://di-india-collab.flow-analytics.io/tools/replay/2025-06-01T11:58:45Z,1,1.1013295754314265,0.09651815484626533,3.2893786705614225
10642274_10642380,2025-06-01 11:58:53.366235971,4,4,1,0.0431685422422943,7.46884822845459,0.8428264260292053,-0.642540631074132,0.0652565360069274,8.861668586730957,7.385783672332764,-4.554750089120335,3.12890625,0.1350790299426228,0.0029303894307862,0.1362594730688734,8.879999999999999,0.1160791903799999,0.3705588577600001,0.3989036157999999,1.1424000000000007,0.1150913493999999,0.5597438812255859,0.3303955495357513,0.2293483316898346,0.0766238868236541,1.4306337946677576,2.99317,31.0,0.9999773596279816,low,True,https://di-india-collab.flow-analytics.io/tools/replay/2025-06-01T11:58:53Z,1,0.2547605546902366,-1.367431176176284,3.5419603363101335
10642274_10642380,2025-06-01 11:58:54.961927891,4,4,1,0.0280063641581918,6.031857013702393,0.505072295665741,0.3054108313542795,0.8908154964447021,11.942561149597168,6.490537166595459,0.8971408702177935,3.12890625,0.8410722064495033,0.0154703290612375,0.84145319124297,11.76,0.0409199311199999,1.0349872491999996,0.3816445393999998,1.156800000000001,0.1103841222399999,1.2763793468475342,0.0478480271995067,1.2285313606262207,0.410360723733902,1.4306337946677576,2.993784,31.0,0.9999385832881502,low,True,https://di-india-collab.flow-analytics.io/tools/replay/2025-06-01T11:58:54Z,1,0.0029255994494879743,-5.834255879299761,4.650275413043045
10644397_10644452,2025-06-01 12:01:22.040292025,4,4,1,0.2023502892007584,6.546282768249512,1.365612268447876,-0.1205991879482832,1.2118942737579346,4.793661594390869,3.5809860229492188,-2.7062075476569185,3.22802734375,1.717668213511881,0.054707721963008,1.7230741411575718,4.56,0.00144582128,1.8033415019999997,0.3741894432000001,1.1520000000000008,0.1428036782999999,1.5981403589248655,0.0336340144276618,1.5645062923431396,0.5242082476615906,1.4946296353116777,2.984513,31.0,0.9873357395393192,low,True,https://di-india-collab.flow-analytics.io/tools/replay/2025-06-01T12:01:22Z,1,1.085509720520467,0.08204966517448135,2.3736889291332326
10644620_10644733,2025-06-01 12:01:57.431361914,4,4,1,0.0493819276911963,7.498912811279297,0.7966042757034302,-0.2556585898776435,0.7488420009613037,9.41359806060791,11.862016677856444,2.508275125931362,3.224609375,1.672286455798481,0.0356170552574772,1.6731416133587322,8.879999999999999,0.00154367736,1.8033415019999997,0.383610505,1.156800000000001,0.12880822122,1.203722596168518,0.1426024734973907,1.0611201524734497,0.3551116585731506,0.8717430144258311,2.988131,31.0,0.9887193334746636,low,True,https://di-india-collab.flow-analytics.io/tools/replay/2025-06-01T12:01:57Z,1,0.5991501136258482,-0.5122431052085518,2.911845621968807
10644620_10644733,2025-06-01 12:02:16.508474112,4,4,1,0.6532589750504874,7.181846618652344,2.4656243324279785,-0.380739606854285,1.8830872774124143,2.912790298461914,4.112538814544678,1.2150405864898683,3.224609375,1.1378007587140535,0.048626489631408,1.1422466060515368,2.88,0.00157590646,1.275853772,0.3983030752000001,1.1520000000000008,0.2764804722,2.1842823028564453,3.231682777404785,-1.0474004745483398,-0.3505574762821197,1.4527090965021443,2.987814,31.0,0.9972564243790978,low,True,https://di-india-collab.flow-analytics.io/tools/replay/2025-06-01T12:02:16Z,1,6.038460259409285e-05,-9.714776409460995,4.228749588837353
10644804_10644842,2025-06-01 12:01:55.113810062,4,4,1,0.0271396115956791,6.309966087341309,0.5322335362434387,0.1830457522690904,0.6782082319259644,11.855633735656738,0.2238116264343261,-9.035905808933254,3.0673828125,0.9690307025027122,0.0179194743480252,0.9695005157296206,11.52,0.0105823167799999,1.1750396026,0.3854861232,1.1520000000000008,0.11394707582,1.4062472581863403,2.293335437774658,-0.8870881795883179,-0.3055739402770996,1.581181925587642,2.903023,29.0,0.9514855233061846,low,True,https://di-india-collab.flow-analytics.io/tools/replay/2025-06-01T12:01:55Z,1,0.042976062839191226,-3.1471119964497314,3.304437356813335
10644842_10645020,2025-06-01 12:02:18.011113882,4,4,1,0.1532347066607546,5.659414291381836,1.1345834732055664,0.2098558315283295,1.2508642673492432,4.988098621368408,13.876320838928224,3.817475370121104,3.11767578125,1.2320306067033993,0.0382321832952339,1.23330903593849,4.8,0.0014075006,1.552545805999999,0.3545291086000001,1.1520000000000008,0.1477696721999999,1.5743290185928345,0.0312088299542665,1.5431201457977295,0.5176039338111877,2.4585483839613853,2.9812760000000003,31.0,0.9858070588166644,moderate,True,https://di-india-collab.flow-analytics.io/tools/replay/2025-06-01T12:02:18Z,1,0.990990307585388,-0.00905052513853692,3.043386150721222
10644951_10644975,2025-06-01 12:01:57.025675058,4,4,1,0.1907766098939474,7.338428974151611,1.3228085041046145,0.101108779293434,2.0368475914001465,5.54761266708374,0.2238116264343261,2.331129011230044,3.21875,0.2123883738347708,0.0061104885093835,0.2145517902584947,5.52,0.1329835173,0.6051431704000002,0.4460334145999998,1.1376000000000008,0.14075015422,2.702755928039551,0.0916926190257072,2.611063241958618,0.8752297163009644,2.8470423145340717,2.983289,31.0,0.9997431573667968,moderate,True,https://di-india-collab.flow-analytics.io/tools/replay/2025-06-01T12:01:57Z,1,0.4785899533414017,-0.7369110954929212,2.514120945987692
10645020_10645440,2025-06-01 12:02:27.383301973,4,4,1,0.0537616196871296,7.136793613433838,0.8018476366996765,-0.119162320742269,0.7526871562004089,8.900436401367188,13.876320838928224,-0.8096301403521,3.292236328125,1.9905091709396785,0.043888458526868,1.9909138783634468,8.16,0.0015052288,1.8033415019999997,0.383610505,1.1520000000000008,0.12709050902,1.1982793807983398,0.2108911275863647,0.9873882532119752,0.3407820165157318,2.1280907511237857,2.897419,30.0,0.9822982446164156,moderate,True,https://di-india-collab.flow-analytics.io/tools/replay/2025-06-01T12:02:27Z,1,1.4988711270827342,0.40471224283136603,2.5550529819999133
10645722_10645749,2025-06-01 12:02:34.995346069,4,4,1,0.2397329947243701,7.466150760650635,1.441914200782776,0.349357110269169,1.986682415008545,5.177943706512451,0.2238116264343261,0.0,3.1875,0.0233656356728126,0.0006897034675738,0.1490724086067315,5.279999999999999,0.14196487854,0.5636341760400001,0.4024307465999999,1.1376000000000008,0.13964246702,2.784198522567749,0.0897909924387931,2.6944074630737305,0.9027307033538818,3.3771889675467226,2.98473,31.0,0.9998486230848328,moderate,True,https://di-india-collab.flow-analytics.io/tools/replay/2025-06-01T12:02:34Z,1,0.016750484232307655,-4.089328111737428,4.272034413690017
10646528_10646570,2025-06-01 12:03:36.439634085,4,4,1,0.0636105203492261,7.428779602050781,1.0682003498077393,-2.1210527845194207,0.5014805793762207,6.954481601715088,0.2238116264343261,-2.3256829243235506,2.997802734375,2.006545183229385,0.0512529442540948,2.0068769707635914,6.48,0.00145561094,1.8033415019999997,0.3483070178000001,1.1520000000000008,0.1411800508999999,7.38428258895874,7.798459053039551,-0.4141764640808105,-0.1429959535598755,1.248673383501698,2.896421,30.0,0.9998131186922086,low,True,https://di-india-collab.flow-analytics.io/tools/replay/2025-06-01T12:03:36Z,1,0.0022257663889282994,-6.107653978209152,4.246507914461817
10647220_10647325,2025-06-01 12:04:48.574875116,4,4,1,0.0518160815586429,5.5230560302734375,0.5496016144752502,0.8589317224005688,1.4526057243347168,10.049199104309082,7.385783672332764,1.1151605485194012,3.102783203125,2.3599354570898123,0.0484599110376113,2.360167713025064,8.16,0.00136905204,1.7951407239999997,0.3554721866000001,1.1520000000000008,0.11190043286,1.7777609825134275,1.3301619291305542,0.4475990533828735,0.2978015840053558,1.3793275502301552,1.503011,15.0,0.9541326930898032,low,True,https://di-india-collab.flow-analytics.io/tools/replay/2025-06-01T12:04:48Z,1,2.9817942860393615e-10,-21.933325701209103,7.367704382915959
10648944_10648999,2025-06-01 12:06:28.808469057,4,4,1,0.5501564749415737,6.565512657165527,1.9333374500274656,-0.0984567392880598,2.3279874324798584,3.3959476947784424,4.923855781555176,1.915015410236504,2.8876953125,0.0170358179827366,0.0006451672471093,0.0715135698579516,3.36,0.1612562563,0.4996818799399999,0.3874085598,1.1376000000000008,0.1770692381999999,3.268200635910034,0.1430243253707885,3.125176429748535,1.0775660276412964,3.466939293324386,2.900218,30.0,0.9979698298154096,moderate,True,https://di-india-collab.flow-analytics.io/tools/replay/2025-06-01T12:06:28Z,1,0.36417836231368317,-1.010111525003035,2.793918364102607
10649356_10649357,2025-06-01 12:06:48.801031113,4,4,1,0.1463902379897424,7.30734395980835,1.228221416473389,0.5508030953867339,1.5561678409576416,5.949532985687256,4.028609275817871,2.721657806028806,3.3271484375,0.0140757810569091,0.0003811207083208,0.0635891429535144,6.0,0.12819229364,0.4899301124199999,0.4290233497999998,1.132800000000001,0.14017426892,5.446654319763184,0.9992080330848694,4.447446346282959,1.4835646152496338,6.772648944536427,2.997811,31.0,0.984456290298258,critical,True,https://di-india-collab.flow-analytics.io/tools/replay/2025-06-01T12:06:48Z,1,0.32529579350338794,-1.12302037671651,3.552675523520225
10649357_10649379,2025-06-01 12:06:50.881268024,4,4,1,0.0386162255449118,7.385210037231445,0.7649102807044983,-0.1415238384171322,1.1235100030899048,9.655001640319824,4.140515327453613,-4.291612737053201,3.2021484375,0.5286660669559178,0.0110020555887339,0.528683050439737,9.6,0.0978508979999999,0.9352723136,0.4424167979999998,1.1472000000000009,0.1217099299999999,2.841961622238159,0.7232128381729126,2.118748664855957,0.7283904552459717,4.262826713569865,2.908809,30.0,0.9826927505384236,serious,True,https://di-india-collab.flow-analytics.io/tools/replay/2025-06-01T12:06:50Z,1,0.16913399815718877,-1.777063989725021,3.486528286226537
10649423_10649458,2025-06-01 12:06:50.292597055,4,4,1,0.7802582579706595,7.14423131942749,2.3295085430145264,0.0724818065492406,3.016222715377808,3.066840648651123,1.5666813850402832,6.467173860773204,2.9775390625,0.0794688792610689,0.0032327568245757,0.1478924460482844,3.12,0.19821229566,0.5246201886600002,0.3873732148,1.1424000000000007,0.2624567282,3.695986032485962,0.0281954556703567,3.667790651321411,1.227190613746643,6.004129904653289,2.98877,31.0,0.9983149773913172,serious,True,https://di-india-collab.flow-analytics.io/tools/replay/2025-06-01T12:06:50Z,1,0.002741773624299966,-5.8991502598570325,4.660675901118442
10649423_10649458,2025-06-01 12:07:12.272408009,4,4,1,0.0865557070893344,7.02946138381958,1.0433731079101562,0.1027731017770002,0.781404972076416,6.737246036529541,1.1190581321716309,4.688532339434126,2.9775390625,0.4987944063841259,0.0128580183626116,0.4990992863712087,6.72,0.09780587458,0.9057500731999998,0.3969378833999998,1.152000000000001,0.14590649696,5.061228752136231,6.525894165039063,-1.464665412902832,-0.4906857013702392,1.69095650866582,2.9849360000000003,22.0,0.9981994148407708,low,True,https://di-india-collab.flow-analytics.io/tools/replay/2025-06-01T12:07:12Z,1,2.732102113208212e-08,-17.415609426218957,6.150325601829652
10649765_10649952,2025-06-01 12:07:51.752127886,4,4,1,0.0422517644200474,6.38834810256958,0.7567120790481567,-0.7688626247660808,0.2044779062271118,8.442244529724121,0.4476232528686523,0.0,3.18701171875,0.2890409757595862,0.0064887305021135,0.2896587511465585,8.4,0.0966404702799999,0.4340611569,0.4085973197999999,1.132800000000001,0.1157212878999999,0.5358070731163025,2.847810745239258,-2.3120036125183105,-0.7991865873336792,0.5850954723341278,2.892946,30.0,0.999210005536256,low,True,https://di-india-collab.flow-analytics.io/tools/replay/2025-06-01T12:07:51Z,1,0.36360712188181177,-1.011681329736943,2.650083042384033
10649952_10650197,2025-06-01 12:07:49.351835966,4,4,1,0.4427712521532623,7.47946834564209,2.253204584121704,-1.1838305419419866,1.7703124284744265,3.3194804191589355,3.3571743965148926,-2.2943292819304477,3.20361328125,0.6834319027801191,0.0269229633119895,0.7006542929958094,3.36,0.09059055798,1.0998688188,0.4146599793999998,1.1712000000000011,0.2444655854,2.4856834411621094,0.4744092226028442,2.0112743377685547,0.6944934129714966,2.4665173494879027,2.896031,30.0,0.9985905633048752,moderate,True,https://di-india-collab.flow-analytics.io/tools/replay/2025-06-01T12:07:49Z,1,0.03820342436487293,-3.2648301243278057,3.9315661087276133
10651219_10651236,2025-06-01 12:09:00.971410036,4,4,1,0.171613880830799,7.398862361907959,1.3014283180236816,0.155462651650885,2.098443984985352,5.685186386108398,3.0214569568634038,4.845141243832005,3.1923828125,0.7345370649216861,0.0210082799804018,0.7482815110147798,5.52,0.05899360382,1.0394940923999996,0.3899685933999998,1.1616000000000009,0.1459404691,2.794999837875366,0.0732465833425521,2.7217533588409424,0.9082608222961426,2.5942220592827114,2.996665,31.0,0.998969544218728,moderate,True,https://di-india-collab.flow-analytics.io/tools/replay/2025-06-01T12:09:00Z,1,7.13742926816741,1.965352665044046,2.6806373253289943
10651633_10651675,2025-06-01 12:09:37.065881968,4,4,1,0.5821036978018642,6.1641764640808105,1.9209829568862915,0.1131615158161206,2.688403606414795,3.2088658809661865,3.1333627700805664,4.870198764556787,2.9794921875,0.3997176086754463,0.0160074646518618,0.4252372456498728,3.12,0.1228463565399999,0.8186689192,0.3903702377999999,1.1280000000000008,0.1825567471999999,3.0867059230804443,0.0660594999790191,3.020646333694458,1.0124248266220093,4.686057001285915,2.983576,31.0,0.9998329781049284,serious,True,https://di-india-collab.flow-analytics.io/tools/replay/2025-06-01T12:09:37Z,1,0.37940447741905464,-0.9691524202354795,2.2990573836602044
10651633_10651675,2025-06-01 12:10:13.682226896,4,4,1,0.0489738519587164,6.561681270599365,0.701580286026001,2.4168812987200456,0.741832971572876,9.352716445922852,2.461927890777588,3.6843461133156175,2.9794921875,2.589716325486691,0.055540346058034,2.589781830189276,7.92,0.00144582128,1.8033415019999997,0.3576318436,1.1520000000000008,0.12073161328,3.1011857986450195,4.77681303024292,-1.6756272315979004,-0.560737133026123,1.8103236673623573,2.988258,31.0,0.9960790300367564,low,True,https://di-india-collab.flow-analytics.io/tools/replay/2025-06-01T12:10:13Z,1,0.06256275384527048,-2.7715851644480685,4.557814927083632
10652215_10652234,2025-06-01 12:10:22.970884085,4,4,1,0.0618231202854794,6.948348045349121,1.0091532468795776,0.7862910167666866,0.9718788862228394,6.885324954986572,1.1190581321716309,-0.7799944224238052,3.164306640625,0.4046368397568742,0.0102814517514485,0.4165931602235201,6.96,0.1044606098999999,0.6641466022000002,0.4110097471999998,1.1232000000000009,0.14731881712,1.3445245027542114,0.0260580405592918,1.3184664249420166,0.4409073293209076,2.5538587259477428,2.990348,31.0,0.9983675208896988,moderate,True,https://di-india-collab.flow-analytics.io/tools/replay/2025-06-01T12:10:22Z,1,5.500161033918848,1.7047773707041427,2.48592101973256
10652825_10652963,2025-06-01 12:11:15.777893066,4,4,1,0.0442019947105356,7.2594895362854,0.6446316242218018,1.1159145503600238,1.165306806564331,11.261454582214355,12.085827827453612,-3.1428066292650394,3.312744140625,0.1959075142824615,0.003693921543472,0.1966653459580038,11.28,0.1050583144199999,0.5389610659400003,0.4529516177999999,1.1424000000000007,0.1115969630799999,1.656771183013916,0.6856590509414673,0.9711121320724488,0.3250636756420135,1.560452546593819,2.987452,31.0,0.9898488353761,low,True,https://di-india-collab.flow-analytics.io/tools/replay/2025-06-01T12:11:15Z,1,0.03308616663108134,-3.4086400105081953,3.5906103752960434
10654117_10654157,2025-06-01 12:12:12.168175936,4,4,1,0.1270123712700139,6.226738929748535,1.109149932861328,-0.0712433136576533,0.9668933153152466,5.613974094390869,1.1190581321716309,0.5787275055440256,3.285400390625,0.4604138021576247,0.0132241492684666,0.4657619869800724,5.52,0.0905685079799999,0.9911151648000004,0.4403360203999998,1.1376000000000008,0.15142183916,1.313711404800415,0.035040583461523,1.2786707878112793,0.4268566071987152,1.3549500393653933,2.995551,31.0,0.9987602024061452,low,True,https://di-india-collab.flow-analytics.io/tools/replay/2025-06-01T12:12:12Z,1,0.5382703880951816,-0.6193942649688653,2.6606811720267554
10654424_10655304,2025-06-01 12:13:22.990576029,4,4,1,0.2863014714864251,7.422845363616943,1.8803545236587524,-0.360451640561608,2.683300495147705,3.947577476501465,2.2381162643432617,-2.296953270505566,2.907470703125,0.1839881849122626,0.0064769854400357,0.2701301769517801,3.84,0.1541059257599999,0.4304807964,0.3937912856,1.1376000000000008,0.1798169971999999,4.45409107208252,0.97306227684021,3.4810287952423096,1.198273539543152,5.732755159673916,2.905037,30.0,0.9999726427953198,serious,True,https://di-india-collab.flow-analytics.io/tools/replay/2025-06-01T12:13:22Z,1,0.23258585114832186,-1.4584958698607142,3.3414124096949385
10655304_10655370,2025-06-01 12:13:23.989734888,4,4,1,0.685555898307328,7.267556667327881,2.390568971633911,-0.2121173305143065,3.3748745918273926,3.0400948524475098,2.0143046379089355,0.0,2.960205078125,0.0708597088885935,0.0028953025875401,0.2043943660788271,3.12,0.19751932556,0.6910833954600001,0.387662974,1.1328000000000007,0.2705736846,5.434381008148193,0.3240383267402649,5.110342502593994,1.759318232536316,4.847730418712096,2.904729,30.0,0.9999757547499536,serious,True,https://di-india-collab.flow-analytics.io/tools/replay/2025-06-01T12:13:23Z,1,0.00019968673252049402,-8.518760756802653,5.686862523844298
10655583_10655897,2025-06-01 12:14:56.525332928,4,4,1,0.0593417476232372,7.42623233795166,0.8475328683853149,-0.0989151612006144,1.0586600303649902,8.762176513671875,4.476232528686523,-7.972669570792583,3.128173828125,2.4885482949817552,0.05547067827587,2.4901168710022428,7.68,0.00145561094,1.8033415019999997,0.3569439014,1.1520000000000008,0.1242588888199999,4.402482986450195,0.647223949432373,3.7552590370178223,1.2624059915542605,3.157219087602917,2.974684,30.0,0.9725680183757855,moderate,True,https://di-india-collab.flow-analytics.io/tools/replay/2025-06-01T12:14:56Z,1,0.7579024731460541,-0.27720056501331714,2.107064187557328
10655728_10655778,2025-06-01 12:13:42.075944901,4,4,1,0.3882537775049961,7.463059902191162,1.9354565143585205,-0.4027790484801583,2.208589553833008,3.855968713760376,1.5666813850402832,-10.988058438780625,3.19970703125,0.0175335662206495,0.0006157214930923,0.0354986795529076,3.84,0.1731130171,0.4988655936799999,0.4222886299999999,1.132800000000001,0.1770692381999999,3.033210515975952,0.0548639111220836,2.978346586227417,1.0252678394317627,3.557273698006466,2.904945,30.0,0.9940970952039228,moderate,True,https://di-india-collab.flow-analytics.io/tools/replay/2025-06-01T12:13:42Z,1,0.5236128338389499,-0.6470027344772005,1.8078296130049551
10655817_10655867,2025-06-01 12:13:43.366599083,4,4,1,0.0786593299148447,6.779809951782227,0.7737998366355896,1.0614375790436974,-1.3999226093292236,8.761710166931152,14.771567344665527,-10.581715340201995,3.069580078125,0.9846421293392984,0.0218067487335869,0.9858778210939732,8.64,0.0066012139599999,1.1882986326,0.4011508069999999,1.156800000000001,0.12614498838,2.348009824752808,0.0962265953421592,2.2517831325531006,0.7737693190574646,3.3029682390892208,2.910148,22.0,0.9208980310517716,moderate,True,https://di-india-collab.flow-analytics.io/tools/replay/2025-06-01T12:13:43Z,1,1.0561113304320525e-13,-29.879012602650008,8.126781525340586
10656329_10656386,2025-06-01 12:15:06.790606022,4,4,1,0.3819922917401841,6.591883182525635,1.7733113765716553,-0.2084664668426604,2.2431681156158447,3.717273473739624,9.31615924835205,0.4521664882570819,3.095458984375,1.3643442043914271,0.0504843930754004,1.366463076247921,3.6,0.00144582128,1.535456743999999,0.3430611842000001,1.1520000000000008,0.1636395283999999,3.261399507522583,1.7093291282653809,1.552070379257202,0.532850444316864,2.652019147903088,2.912769,30.0,0.9945278946003004,moderate,True,https://di-india-collab.flow-analytics.io/tools/replay/2025-06-01T12:15:06Z,1,0.8590916303256629,-0.15187969176055385,2.759209639078041
10656779_10656807,2025-06-01 12:14:50.013964891,4,4,1,0.3181640833681559,7.482597351074219,1.6589505672454834,0.3319637533601296,2.4968128204345703,4.510440349578857,1.7904930114746094,-12.09410042193012,3.135009765625,0.4932155176518608,0.0161478991983789,0.5064400202794251,4.56,0.1100005713999999,0.8986195318000001,0.3976577328,1.152000000000001,0.1564867174999999,3.168820381164551,0.0427831821143627,3.126037120819092,1.080054759979248,2.265288778292682,2.894332,30.0,0.9994573976890724,moderate,True,https://di-india-collab.flow-analytics.io/tools/replay/2025-06-01T12:14:50Z,1,3.047178336305291,1.1142160267796197,1.7635645552918016
10656779_10656807,2025-06-01 12:15:24.856012106,4,4,1,0.0562984099432623,7.46460485458374,0.9442307353019714,-0.0052574537567198,1.2498292922973633,7.905488014221191,10.96677017211914,-1.3198206044068883,3.135009765625,4.820508491868377,0.114776119436845,4.820883564354614,4.56,0.00141674468,1.8616069539999995,0.3398004414,1.1424000000000007,0.1423173724,4.442395687103272,1.216149926185608,3.226245880126953,1.077476143836975,2.915697274831546,2.994262,31.0,0.9777396059764026,moderate,True,https://di-india-collab.flow-analytics.io/tools/replay/2025-06-01T12:15:24Z,1,0.012797429360783829,-4.3585109594146125,4.083782407159048
10656844_10656869,2025-06-01 12:15:59.849919081,4,4,1,0.0563803045212996,6.937205314636231,0.8109513521194458,0.8041638622669801,0.5341532826423645,8.554404258728027,20.32839012145996,-2.6098774592089486,3.25830078125,2.5106420414298647,0.0567728529028231,2.5106475411225344,7.439999999999999,0.00145561094,1.8033415019999997,0.3838902564000001,1.1520000000000008,0.1242588888199999,1.2858935594558716,1.0069483518600464,0.2789452075958252,0.0958433002233505,0.7956948981977051,2.91043,30.0,0.9988034415367094,low,True,https://di-india-collab.flow-analytics.io/tools/replay/2025-06-01T12:15:59Z,1,1.1187776682753903,0.11223672172045482,2.8148830999190704
10658204_10658289,2025-06-01 12:16:57.065484047,4,4,1,0.0512940396816852,5.751200675964356,0.7642672657966614,0.4933652230594018,0.6033496260643005,7.525116920471191,9.4000883102417,-4.109823847798821,3.127685546875,0.8099453294686009,0.0196135193428681,0.8114568764539251,7.439999999999999,0.0508762632799999,1.0077544252,0.3875877363999997,1.156800000000001,0.12637828018,0.9383642077445984,0.1832486689090728,0.7551155090332031,0.2523909211158752,1.659505417599832,2.991849,31.0,0.9947800317552612,low,True,https://di-india-collab.flow-analytics.io/tools/replay/2025-06-01T12:16:57Z,1,2.0284671045376927,0.7072803868888967,2.6913444952118515
10658485_10659103,2025-06-01 12:17:09.254812955,4,4,1,0.615780931939606,7.401237964630127,2.4339964389801025,-0.9757488305949096,2.3253464698791504,3.040776014328003,4.028609275817871,2.5910977543229308,3.19873046875,0.0939400633036423,0.0038454273837263,0.2155831169694552,3.12,0.20168752896,0.6558681363600003,0.4227084376,1.1328000000000007,0.2834954482,2.725379943847656,0.0580133087933063,2.667366743087769,0.8928564786911011,3.4449088750795074,2.987453,31.0,0.9998678681052824,moderate,True,https://di-india-collab.flow-analytics.io/tools/replay/2025-06-01T12:17:09Z,1,0.000578579583071814,-7.454934452820128,5.218293828431288
10658688_10658760,2025-06-01 12:17:03.052648067,4,4,1,0.2671684064314478,7.455205917358398,1.7520934343338013,-0.2442017760695216,1.9106345176696775,4.255027770996094,1.230963945388794,-8.246951471628103,3.1875,0.1879956085771282,0.0063297045611843,0.2222886219429876,4.32,0.15330290688,0.5574361182000002,0.4033409213999999,1.1376000000000008,0.1714857207999999,5.992619514465332,5.456593036651611,0.5360264778137207,0.178868681192398,1.915187662133184,2.99676,31.0,0.9999999729101336,low,True,https://di-india-collab.flow-analytics.io/tools/replay/2025-06-01T12:17:03Z,1,0.2319707691572282,-1.4611439102658128,2.8210761197046184
10659383_10659408,2025-06-01 12:17:23.643379927,6,4,1,2.8530268874303246,4.541502475738525,0.9006695747375488,-3.487826183864513,-0.7167291641235352,5.042362689971924,1.6785871982574463,-2.306823873436719,3.578125,3.605042631073099,0.1119905549085786,3.6059599645066776,1.92,0.00127077826,1.8567434999999997,0.3633494612,1.1472000000000009,0.1387815668,8.945167541503906,7.03377628326416,1.911391258239746,0.6406363844871521,13.161279301967904,2.983582,18.0,0.9999988170249856,critical,True,https://di-india-collab.flow-analytics.io/tools/replay/2025-06-01T12:17:23Z,1,2.972421132372528e-30,-67.9881759730136,11.119126741478892
10659383_10659408,2025-06-01 12:17:27.421466112,6,4,1,0.2440082087799956,5.227001667022705,1.079222559928894,3.9992362422556185,0.820281982421875,4.8433027267456055,1.6785871982574463,5.188229145044755,3.578125,0.2186752564948303,0.0068230156983836,0.2218873786159602,4.8,0.1051148916399999,0.4333321701000001,0.4460749013999997,1.1424000000000007,0.14043968822,7.875120639801025,7.27003288269043,0.6050877571105957,0.2018355131149292,2.587738709180777,2.997925,31.0,0.9994630241173116,moderate,True,https://di-india-collab.flow-analytics.io/tools/replay/2025-06-01T12:17:27Z,1,4.849719735674995e-07,-14.539174734137394,6.5402617985259734
10661243_10661362,2025-06-01 12:19:52.476344109,4,4,1,0.0545075499117572,7.211322784423828,0.8493365049362183,-0.3932048055256458,0.9275022745132446,8.4905366897583,0.6714348793029785,-4.9050404876980105,3.33251953125,0.160549661286648,0.0035772216061073,0.1765074247360107,8.4,0.1114268530599999,0.4744019013600002,0.4447487471999999,1.1424000000000007,0.1151853611999999,1.288280367851257,2.296178340911865,-1.007897973060608,-0.336758404970169,0.3808701355783455,2.992941,31.0,0.9983103244080652,low,True,https://di-india-collab.flow-analytics.io/tools/replay/2025-06-01T12:19:52Z,1,0.6285656226022232,-0.4643148449429475,2.103598321059308
10662505_10662519,2025-06-01 12:21:11.532305955,4,4,1,0.0910772163231597,6.218122005462647,0.9676822423934937,0.2584370014251546,1.1951262950897217,6.425788879394531,0.111905813217163,1.2238624770234905,3.178466796875,0.4864103957193673,0.0128952638726373,0.4948103554927197,6.48,0.0886258312199999,0.962013588,0.4148942737999998,1.1568000000000012,0.13984869052,1.7208335399627686,0.0302604287862777,1.6905730962753296,0.5729540586471558,3.9667758396496366,2.950626,30.0,0.9989853096447532,moderate,True,https://di-india-collab.flow-analytics.io/tools/replay/2025-06-01T12:21:11Z,1,3.4663621649146483,1.2431056765774668,2.4430634808928224
10662700_10662881,2025-06-01 12:21:43.246134996,4,4,1,0.2630238098250182,7.406268119812012,1.7705649137496948,-0.2800278675336203,2.130145788192749,4.182997226715088,27.30501937866211,-2.2437508504111188,3.11279296875,2.580087925881477,0.0893823735649675,2.584011147750364,3.6,0.00144582128,1.8065270399999995,0.3364369648,1.1472000000000009,0.1626682906,4.864425182342529,1.7146836519241333,3.149741649627685,1.0514068603515625,2.814416738016646,2.99574,31.0,0.978491259829088,moderate,True,https://di-india-collab.flow-analytics.io/tools/replay/2025-06-01T12:21:43Z,1,0.8724148919076503,-0.13649017475490494,2.8689873761394313
10663183_10663291,2025-06-01 12:22:56.373460054,6,4,1,0.0418013687258801,7.301543235778809,0.6538193225860596,0.4665996636222196,0.9596765041351318,11.167524337768556,10.742958068847656,4.435973322005681,3.47265625,1.5020617587234122,0.0288725284569799,1.503701720412011,10.8,0.00154367736,1.7406244859999995,0.384518845,1.156800000000001,0.1257259316,1.8499356508255005,0.060662992298603,1.789272665977478,0.6148276329040527,2.6086207684886875,2.910202,30.0,0.9813194981543316,moderate,True,https://di-india-collab.flow-analytics.io/tools/replay/2025-06-01T12:22:56Z,1,0.05502433648560147,-2.8999797100593714,3.8041900719649187
10663808_10664277,2025-06-01 12:24:07.057820082,4,4,1,0.0347853106847536,7.167807102203369,0.6225532293319702,0.8663275281006615,0.279940128326416,11.513565063476562,4.252420902252197,0.4752866474855118,3.195068359375,5.901993724156129,0.1124753137060686,5.903170958744466,3.6,0.00141674468,1.8616069539999995,0.3668752358,1.1424000000000007,0.12779928474,7.107818603515625,7.452544212341309,-0.3447256088256836,-0.1177480295300483,2.8973554800726955,2.927655,29.0,0.9994131125011548,moderate,True,https://di-india-collab.flow-analytics.io/tools/replay/2025-06-01T12:24:07Z,1,1.3951796235922705e-08,-18.087657574536472,7.531453811503785
10663813_10663883,2025-06-01 12:23:06.756021976,4,4,1,0.7601115039835523,7.300973415374756,2.426358222961426,-0.5509159069845087,3.007603168487549,3.0090253353118896,13.204885482788086,-4.517510918508394,3.16748046875,2.0135874584894857,0.0847420603317512,2.029301950486916,2.88,0.00151649894,1.8065270399999995,0.3344073062000001,1.1472000000000009,0.2736791584,4.332949638366699,0.446770578622818,3.886178970336914,1.295978307723999,4.018994429182992,2.998645,31.0,0.9808660659541376,serious,True,https://di-india-collab.flow-analytics.io/tools/replay/2025-06-01T12:23:06Z,1,0.02972384217268818,-3.515805788461199,5.027417133544083
10664470_10664539,2025-06-01 12:24:05.589518070,4,4,1,0.0551747740868284,7.481467247009277,0.8872724175453186,0.2685848459390498,0.6281406879425049,8.431984901428223,15.303119659423828,11.718094432537145,3.044921875,5.223720550892025,0.1197551374352028,5.223720792427207,4.32,0.00141674468,1.8616069539999995,0.3364320535999999,1.1424000000000007,0.1347614342,3.907184839248657,4.5001959800720215,-0.5930111408233643,-0.2027428746223449,1.2518741322216616,2.924942,30.0,0.9867027946890736,low,True,https://di-india-collab.flow-analytics.io/tools/replay/2025-06-01T12:24:05Z,1,0.0018770041980762386,-6.278078284791967,4.895344680749631
10664637_10664674,2025-06-01 12:23:55.616641998,4,4,1,0.0808642161243922,7.46711540222168,0.9841123223304749,0.0170103299400604,0.911914587020874,7.587665557861328,0.0,7.566062575670538,3.20458984375,0.3175985023427818,0.0076030815818423,0.3343393672602737,7.68,0.1145595536199999,0.4151931229000001,0.4487782857999998,1.1184000000000007,0.14056000698,1.2802202701568604,0.3446775078773498,0.9355427622795104,0.3225228786468506,0.9687374851447116,2.900702,30.0,0.9994947035454596,low,True,https://di-india-collab.flow-analytics.io/tools/replay/2025-06-01T12:23:55Z,1,0.5556798255906907,-0.587563003852873,2.3559046765569898
10664637_10664674,2025-06-01 12:23:56.615236998,4,4,1,0.0426266309136384,6.9351067543029785,0.7855592370033264,-0.4370671483761677,0.606304407119751,8.828241348266602,3.1333627700805664,-0.0720602103424627,3.20458984375,0.3139017865038709,0.0068655107770958,0.3186706025214384,8.879999999999999,0.1055631972799999,0.4020331557000001,0.4407412023999998,1.1184000000000007,0.1185662694999999,0.9107481837272644,0.1604104936122894,0.7503377199172974,0.2511025071144104,0.9687374851447116,2.988173,31.0,0.997217403763258,low,True,https://di-india-collab.flow-analytics.io/tools/replay/2025-06-01T12:23:56Z,1,1.1692724779183346,0.15638174165830548,2.169940387464218
10664637_10664674,2025-06-01 12:24:02.720412016,4,4,1,0.0391176700942191,7.06692361831665,0.6794995665550232,0.2125711505161644,0.7383831143379211,10.400188446044922,1.7904930114746094,1.254974797870049,3.20458984375,0.3074893740784248,0.0060986104546862,0.3102302975604,10.32,0.1017020491999999,0.4984902176999998,0.4501036563999999,1.1184000000000007,0.1123731561799999,1.2319272756576538,0.265996366739273,0.9659309387207032,0.3255591094493866,0.7842794990000965,2.966991,30.0,0.9985929622599408,low,True,https://di-india-collab.flow-analytics.io/tools/replay/2025-06-01T12:24:02Z,1,0.17807100783657764,-1.7255728878074406,2.8973737555413646
10664893_10665048,2025-06-01 12:24:23.474181890,4,4,1,0.0562368357825005,6.596933364868164,0.9433077573776244,-0.9323802947943448,0.3669082820415497,6.993405342102051,0.3357174396514892,-1.144872944858152,3.067626953125,0.1457652768305581,0.0036434073118452,0.1484865904896357,6.96,0.1020355265599999,0.4282360984600001,0.3981930727999999,1.1472000000000009,0.13058448278,0.6746913194656372,4.137236595153809,-3.462545394897461,-1.1803783178329468,0.8452056660636476,2.93342,30.0,0.999961685266914,low,True,https://di-india-collab.flow-analytics.io/tools/replay/2025-06-01T12:24:23Z,1,0.033553706414923695,-3.394607947301947,2.4801782394906433
10665722_10666019,2025-06-01 12:25:52.425262928,4,4,1,1.923803763651296,7.367912292480469,3.273788452148437,-1.4322789777565608,2.948451519012451,2.2505767345428467,4.923855781555176,-20.260668881856216,3.13037109375,0.1344409786020863,0.0066009553939144,0.3233943557343434,2.16,0.2280687314399998,0.4255995163999999,0.3908370594,1.1280000000000008,0.3102894028,3.499398231506348,3.08370304107666,0.4156951904296875,0.1438712328672409,1.6294601832010267,2.8893560000000003,30.0,0.999217509294549,low,True,https://di-india-collab.flow-analytics.io/tools/replay/2025-06-01T12:25:52Z,1,2.4159306408736876e-06,-12.933425986551441,5.654569821453086
10665741_10665826,2025-06-01 12:25:35.735408068,4,4,1,0.0710942429896757,6.085411071777344,1.021243691444397,-0.9023638883681336,0.4237825870513916,5.9588236808776855,4.476232528686523,-4.436130441828051,3.01513671875,0.2174784443643348,0.0059968748211444,0.2231196884249662,6.0,0.10546527664,0.5276335379,0.3999548587999998,1.1424000000000007,0.14043968822,0.7267256379127502,0.6858318448066711,0.0408937931060791,0.0137027474120259,0.5010787819766451,2.98435,31.0,0.9980863458930912,low,True,https://di-india-collab.flow-analytics.io/tools/replay/2025-06-01T12:25:35Z,1,1.4572945473529497,0.3765816669413394,2.6584651027877255
10666885_10667773,2025-06-01 12:29:06.908420086,4,4,1,0.0601455299763657,4.915850639343262,0.7394286394119263,-0.513222509936211,0.0920299291610717,6.648174285888672,170.87916564941406,-5.010488358651416,3.237548828125,3.777396450944527,0.0995508147539791,3.7786053870699856,2.64,0.00132001968,1.8534141659999996,0.3795859896000002,1.1424000000000007,0.13063366352,0.3973249197006225,0.5034391283988953,-0.1061142086982727,-0.0357610322535038,0.5674317134033635,2.967314,31.0,0.7156588885022186,low,True,https://di-india-collab.flow-analytics.io/tools/replay/2025-06-01T12:29:06Z,1,2.803175644674599e-10,-21.995097996619165,6.917590258966255
10666947_10666973,2025-06-01 12:27:42.885673046,4,4,1,0.0996096702234052,7.375704288482666,1.1714611053466797,-1.0036301978047386,1.186933994293213,6.296157836914063,5.035761833190918,-19.34183343656782,3.022705078125,0.7840208687831894,0.021109667146919,0.7842195594237703,6.24,0.05272337316,1.0679937617999995,0.3629903483999999,1.156800000000001,0.1457962949,5.49559211730957,1.9810805320739744,3.514511585235596,1.175448298454285,3.252440273524876,2.989933,31.0,0.9976033833397004,moderate,True,https://di-india-collab.flow-analytics.io/tools/replay/2025-06-01T12:27:42Z,1,0.5979738048705268,-0.5142083305552898,2.900920532841636
10667015_10667061,2025-06-01 12:27:48.578916073,4,4,1,0.0834263402547721,6.738319873809815,0.96151202917099,0.1004951956213202,0.8010101914405823,7.008045196533203,0.7833406925201416,-0.0616770573838388,3.2197265625,0.3061320407852237,0.0076820464765402,0.3078335375107888,6.96,0.1075836016999999,0.4012589407,0.4487782857999998,1.1184000000000007,0.13771502538,1.7222942113876345,2.0776612758636475,-0.3553670644760132,-0.1189413219690322,1.1684383115017123,2.9877510000000003,31.0,0.9996526422166312,low,True,https://di-india-collab.flow-analytics.io/tools/replay/2025-06-01T12:27:48Z,1,0.7754697440938271,-0.2542863118347904,2.5183984531828987
10667132_10667159,2025-06-01 12:27:59.078228951,4,4,1,0.074110096208447,7.466699600219727,0.8923389315605164,0.4172843080590066,1.0681196451187134,8.367560386657715,0.3357174396514892,-3.499787518071802,3.080078125,0.1759163268690818,0.0039563700421595,0.179003453397204,8.4,0.1168521208599999,0.4744019013600002,0.3989036157999999,1.1424000000000007,0.1172651747399999,2.821406602859497,2.0250163078308105,0.7963902950286865,0.2658906280994415,1.0259624835372805,2.99518,31.0,0.9970713642124104,low,True,https://di-india-collab.flow-analytics.io/tools/replay/2025-06-01T12:27:59Z,1,1.6533688796332953,0.5028149516158122,2.3999408575366923
10667170_10667198,2025-06-01 12:27:56.568496943,4,4,1,0.1769067989138055,7.480123043060303,1.412022352218628,-0.2586352651147887,1.4130034446716309,5.297453880310059,2.573833703994751,-1.9989438161212103,3.287109375,1.2472810809717696,0.0373451814889383,1.2572184762876897,5.04,0.00154367736,1.5607465839999992,0.3681402442000001,1.1520000000000008,0.1522534199999999,2.111211061477661,1.677352786064148,0.4338582754135132,0.1499847769737243,1.3544352650523863,2.892682,30.0,0.994487945414552,low,True,https://di-india-collab.flow-analytics.io/tools/replay/2025-06-01T12:27:56Z,1,0.7666913990106664,-0.2656709066742046,2.6472078372020147
10668346_10668606,2025-06-01 12:30:28.340771914,4,4,1,0.0720652574163252,7.390340328216553,0.9504492282867432,-0.0980075332654397,0.9651222229003906,7.775628566741943,10.742958068847656,-2.7666598930201647,3.322265625,2.1442896632410298,0.0512703881380233,2.1457234632888285,7.199999999999999,0.00145561094,1.8033415019999997,0.383610505,1.1520000000000008,0.1377504962999999,2.118225574493408,0.3980252742767334,1.7202003002166748,0.5750226378440857,1.465186971386525,2.991535,31.0,0.9890752851153292,low,True,https://di-india-collab.flow-analytics.io/tools/replay/2025-06-01T12:30:28Z,1,1.9752862671702585,0.6807133332521778,2.258993560294827
10668515_10668540,2025-06-01 12:30:03.050964117,4,4,1,0.7285629122489994,7.172879219055176,1.7813409566879272,3.843281371060889,-2.377191066741944,4.026673793792725,3.804797649383545,6.366729862893977,2.955322265625,2.38428635171403,0.0844489724362851,2.384535237898835,3.6,0.00144582128,1.8065270399999995,0.3364369648,1.1472000000000009,0.1645059988,5.922943592071533,8.145390510559082,-2.222446918487549,-0.741977334022522,2.0769039856794844,2.995303,31.0,0.9563092167657694,moderate,True,https://di-india-collab.flow-analytics.io/tools/replay/2025-06-01T12:30:03Z,1,1.6460859421508336e-17,-38.645546267278604,10.169122784045033
10668638_10668670,2025-06-01 12:30:20.039011955,4,4,1,0.2207860882786391,6.443943977355957,1.4306375980377195,0.2877856303833037,1.736058235168457,4.504246234893799,2.2381162643432617,-5.600165924852649,3.160400390625,0.3559045010631769,0.011635272522641,0.3695708905304115,4.56,0.1131048789599999,0.6482257504000001,0.4042737345999998,1.1184000000000007,0.14932185462,2.190113067626953,0.0189913418143987,2.171121835708618,0.7251394391059875,1.847592004675454,2.994075,31.0,0.9965880214633938,low,True,https://di-india-collab.flow-analytics.io/tools/replay/2025-06-01T12:30:20Z,1,3.0796016863661686,1.1248002660142067,2.4325963726112483
10668740_10668900,2025-06-01 12:30:44.223222971,4,4,1,8.294521768632908,6.318762302398682,3.5457167625427246,-0.1006755354357336,2.529475212097168,1.7820831537246704,146.59661865234375,26.264408938007964,3.170166015625,0.2402036613796639,0.013609217167823,0.4270421213998767,1.68,0.21558104956,0.8800724294,0.4045062168,1.1280000000000008,0.3325442125999999,3.0522077083587646,6.675502300262451,-3.6232945919036874,-1.216694951057434,0.3181077945547351,2.977981,31.0,0.9807730203652016,low,True,https://di-india-collab.flow-analytics.io/tools/replay/2025-06-01T12:30:44Z,1,6.885813642018201e-34,-76.35842986056167,12.898695859588088
10668966_10668985,2025-06-01 12:30:59.294244051,4,4,1,0.0906289108672212,6.2440595626831055,1.0126128196716309,0.3699286300255145,1.2245062589645386,6.166285514831543,1.1190581321716309,-2.493022895768348,3.073486328125,0.0038877315175931,0.0001021204187292,0.0747479896913,6.24,0.10715984324,0.4569205569999999,0.4083067271999999,1.1376000000000008,0.13964106622,1.5660401582717896,0.1177466362714767,1.4482935667037964,0.4834436178207397,1.5897527972470615,2.995786,30.0,0.9997990473985228,low,True,https://di-india-collab.flow-analytics.io/tools/replay/2025-06-01T12:30:59Z,1,0.5262939245674296,-0.6418954303572262,2.9939916435812948
10668985_10669010,2025-06-01 12:30:58.452106953,4,4,1,0.0677750904560257,7.323280334472656,0.8711856007575989,-0.0676356005975017,1.0755987167358398,8.406107902526855,1.9023988246917725,-7.8052400891846,3.041015625,0.5654590166825083,0.0127865056880373,0.566765107224835,8.4,0.0958246626599999,0.8914513587999998,0.3899412123999998,1.1472000000000009,0.1246190287799999,3.475023031234741,0.1033425480127334,3.371680498123169,1.1795179843902588,2.1697605208627797,2.858524,29.0,0.9995388351896902,moderate,True,https://di-india-collab.flow-analytics.io/tools/replay/2025-06-01T12:30:58Z,1,1.5699045002376095,0.45101478963599245,2.7336996929323596
10669010_10669047,2025-06-01 12:31:00.987495899,4,4,1,0.0871818858444051,5.877741813659668,0.9922335147857666,0.0765328312089507,1.4718000888824463,5.92374849319458,1.230963945388794,-0.0336132367313348,3.091796875,0.0933801722554147,0.002568747426518,0.1211291845836921,6.0,0.10763645604,0.3863921946600001,0.4001625469999998,1.1472000000000009,0.13380657188,1.8629111051559448,0.0205661226063966,1.8423449993133545,0.618747353553772,2.3026105298440798,2.97754,30.0,0.9993852024188395,moderate,True,https://di-india-collab.flow-analytics.io/tools/replay/2025-06-01T12:31:00Z,1,0.5237349195591692,-0.6467696013647721,3.3568880378269523
10669047_10669089,2025-06-01 12:31:02.095858097,4,4,1,0.0441736115212082,6.72990083694458,0.7677704095840454,0.2519958118975164,1.0735886096954346,8.765512466430664,0.3357174396514892,-0.6745293067426099,3.25732421875,0.5633461681494887,0.012424474390266,0.5655063109243899,8.64,0.0900306516399999,0.9417460035999998,0.4345957891999998,1.1472000000000009,0.1217099299999999,1.5763161182403564,0.0203124303370714,1.5560036897659302,0.5214884877204895,2.6316839605749105,2.983774,31.0,0.9997138610406062,moderate,True,https://di-india-collab.flow-analytics.io/tools/replay/2025-06-01T12:31:02Z,1,1.9331707482867304,0.659161529634261,2.3693525155224826
10669696_10669716,2025-06-01 12:31:51.554522038,4,6,1,0.0404909557825949,7.484440326690674,0.7763369679450989,-0.3581157905397346,0.6917704343795776,9.640710830688477,0.6714348793029785,11.80441129951147,3.56689453125,0.1400752531002478,0.002890676414992,0.14304344018951,9.6,0.1150993292199999,0.4313511968400002,0.4419487297999998,1.1424000000000007,0.1150913493999999,1.4211980104446411,0.6527038216590881,0.768494188785553,0.2655597031116485,1.1296375928876692,2.893866,22.0,0.9975773509488028,low,True,https://di-india-collab.flow-analytics.io/tools/replay/2025-06-01T12:31:51Z,1,5.491279149334632e-09,-19.020104612328563,6.750444280589166
10669716_10669868,2025-06-01 12:32:10.623527050,6,4,1,0.1863937782882649,6.030521869659424,1.2671990394592283,0.0944949262373867,1.796879529953003,4.758938312530518,10.071523666381836,0.0,3.671875,1.8307678939032055,0.0585892915646577,1.8307679496321727,4.32,0.00130964452,1.8078425299999996,0.3662335426000001,1.1472000000000009,0.1421942289999999,2.1401114463806152,0.0220212321728467,2.1180901527404785,0.7284954190254211,2.9585079635696974,2.907486,30.0,0.996257534351224,moderate,True,https://di-india-collab.flow-analytics.io/tools/replay/2025-06-01T12:32:10Z,1,0.018704953273676064,-3.978966909251116,4.172103781905188
10671097_10671140,2025-06-01 12:33:47.668267012,4,4,1,0.0860755559451959,6.886992454528809,1.065967321395874,0.5123082906171208,1.1630250215530396,6.46079158782959,1.342869758605957,-1.4969470079018423,2.999755859375,0.4985935108822898,0.013177805194033,0.5018094714794689,6.48,0.09780587458,0.8802397899999999,0.3969378833999998,1.152000000000001,0.14590649696,1.4934934377670288,0.0282308235764503,1.4652626514434814,0.5058261752128601,1.5333096540544613,2.896771,30.0,0.9977523522082132,low,True,https://di-india-collab.flow-analytics.io/tools/replay/2025-06-01T12:33:47Z,1,4.700477013592126,1.5476639958196663,2.6752885352956124
10672698_10672713,2025-06-01 12:35:54.265527010,4,4,1,0.1852044475363122,7.443225860595703,1.473909616470337,-0.5385828098402056,2.2225890159606934,5.04998779296875,1.5666813850402832,0.0,3.063720703125,0.2141685917986574,0.0065170727178378,0.2143396927921888,5.04,0.1362028159,0.5392141394000001,0.3986858848,1.1376000000000008,0.14006253122,6.805110454559326,0.9301835298538208,5.874927043914795,1.959488034248352,6.224110795251522,2.998195,31.0,0.9970710490678374,serious,True,https://di-india-collab.flow-analytics.io/tools/replay/2025-06-01T12:35:54Z,1,0.03256116394450139,-3.424634990805484,2.06603631965008
10672713_10672952,2025-06-01 12:36:23.167428970,4,4,1,0.5728650742006244,7.497932434082031,2.2907490730285645,-0.6711637703593182,1.9601588249206543,3.2731356620788574,2.2381162643432617,-7.641654817193133,3.1328125,0.3824949251165616,0.0151331048318023,0.4406446420606769,3.36,0.1549905929599999,0.8231415824000001,0.390398602,1.1184000000000007,0.2559745188,2.2727925777435303,0.0058357859961688,2.2669568061828613,0.7594016790390015,1.8716485003192749,2.985188,31.0,0.9997900478459156,low,True,https://di-india-collab.flow-analytics.io/tools/replay/2025-06-01T12:36:23Z,1,0.15634498338841749,-1.8556902813722758,3.700696716636866
10673555_10673886,2025-06-01 12:37:46.399575949,4,4,1,2.3808196718132537,5.080792427062988,3.279219388961792,-12.284605345470265,0.9750510454177856,1.5493907928466797,129.02639770507812,422.967558149528,3.034912109375,0.6212781182029585,0.0385163968290269,0.6834806614046662,1.44,0.12401847216,0.9407044816,0.3941039574,1.1520000000000008,0.3225948791999999,1.6686710119247437,0.0271666515618562,1.641504406929016,0.5635594129562378,2.165885238984785,2.912744,30.0,0.9693627019513484,moderate,True,https://di-india-collab.flow-analytics.io/tools/replay/2025-06-01T12:37:46Z,1,3.7951993791163165e-56,-127.61102826088245,15.934249043119866
10674568_10674589,2025-06-01 12:38:46.754470110,4,6,1,0.3009569334091488,7.481879234313965,1.744245171546936,-0.2172966054902005,1.697363257408142,4.289465427398682,3.1333627700805664,0.0,3.44970703125,0.9193486455476676,0.0311497698957002,0.9344821283173538,4.32,0.0183439782799999,1.1573653569999998,0.3816108989999999,1.166400000000001,0.1587677679999999,2.0921618938446045,0.0473569147288799,2.04480504989624,0.6819683313369751,1.8648693134204208,2.998387,31.0,0.999895726036138,low,True,https://di-india-collab.flow-analytics.io/tools/replay/2025-06-01T12:38:46Z,1,0.19855876994122515,-1.616670152442162,3.1284733698258242
10674620_10674644,2025-06-01 12:38:48.360671997,4,4,1,0.1371702890816853,7.423108577728271,1.3623558282852173,-0.2317117071262093,2.3052704334259038,5.448729515075684,2.126210451126098,-4.62932241553244,3.1416015625,0.4324915316409215,0.012639794521934,0.44950602227612,5.52,0.1141985650399999,0.8470293468000003,0.4072727857999998,1.132800000000001,0.15081702706,4.033741474151611,0.2962484359741211,3.73749303817749,1.2459169626235962,3.717758465919797,2.999793,31.0,0.9999853829955618,moderate,True,https://di-india-collab.flow-analytics.io/tools/replay/2025-06-01T12:38:48Z,1,1.9074908784632267,0.6457887022322639,1.7597265905329893
10674961_10675102,2025-06-01 12:39:59.012100935,4,4,1,0.048605080530942,6.169832706451416,0.7112331390380859,-0.1095387398644072,0.7155745029449463,8.67483901977539,13.876320838928224,-1.1855127128389622,3.08544921875,0.0665254631064605,0.0014544123176008,0.0707435308673265,8.64,0.0995409459799999,0.48291025668,0.4064371867999999,1.1376000000000008,0.1170944253399999,1.3996843099594116,0.6137896776199341,0.7858946323394775,0.2645187973976135,2.3666651445425093,2.971035,30.0,0.999987794740191,moderate,True,https://di-india-collab.flow-analytics.io/tools/replay/2025-06-01T12:39:59Z,1,1.9015306859076684,0.6426591859933666,2.6616134837515855
10675658_10675800,2025-06-01 12:40:55.867221117,4,4,1,0.1137307228135686,7.431706428527832,1.2970280647277832,-0.4857864576695579,1.7857874631881714,5.729795932769775,16.562061309814453,-9.44285030924034,3.14013671875,0.8291906997789745,0.0236252600760334,0.839713409217181,5.76,0.0437381249599999,1.0331285426,0.3664595069999999,1.1616000000000009,0.1462332521,3.762552976608277,0.061832346022129,3.7007205486297607,1.238401174545288,3.565714860433953,2.988305,31.0,0.9945162002548188,moderate,True,https://di-india-collab.flow-analytics.io/tools/replay/2025-06-01T12:40:55Z,1,1.6598100777122629,0.5067031848063032,3.366872263651162
10676098_10676138,2025-06-01 12:40:36.770174980,4,4,1,0.1667913805126745,7.450438499450684,1.4687542915344238,-0.4826143441991443,1.202851176261902,5.072624206542969,0.2238116264343261,3.2849054420446957,3.20751953125,1.1627572474137224,0.0357084769065952,1.1705918018869987,5.04,0.00154367736,1.33119187,0.3757623266,1.156800000000001,0.1474283048,1.5069971084594729,0.0463448092341423,1.4606523513793943,0.5054454207420349,2.095010841964705,2.889832,30.0,0.9910535453062322,moderate,True,https://di-india-collab.flow-analytics.io/tools/replay/2025-06-01T12:40:36Z,1,0.8531081179632817,-0.15886898927255502,2.200465832125782
10676528_10676553,2025-06-01 12:40:56.851377964,4,4,1,0.0400168678392719,7.152428150177002,0.7043540477752686,-0.4936043075313464,-0.1651310920715332,10.154592514038086,3.469080209732056,2.6306503867165425,3.102783203125,2.603661959718836,0.0531698421249417,2.604216082864477,8.879999999999999,0.00145561094,1.8033415019999997,0.3573520922,1.1520000000000008,0.12073161328,7.234029293060303,6.294992446899414,0.9390368461608888,0.3225047886371612,1.9219994745120423,2.911699,30.0,0.99771577104048,low,True,https://di-india-collab.flow-analytics.io/tools/replay/2025-06-01T12:40:56Z,1,0.005686369405462824,-5.169683300318285,4.492700007598333
10676738_10676939,2025-06-01 12:41:40.247601032,4,4,1,0.0559450183970983,7.0651535987854,0.7783703207969666,1.468544390339173,0.5274651050567627,9.07685375213623,9.407082557678224,-6.732751014550519,3.27001953125,3.3092922914050837,0.0723746277629334,3.310831039610986,7.199999999999999,0.00144582128,1.8078425299999996,0.3836597496,1.1376000000000008,0.1291431453199999,4.055743217468262,4.293065071105957,-0.2373218536376953,-0.0796382278203964,2.206817470547942,2.979999,31.0,0.953063637773033,moderate,True,https://di-india-collab.flow-analytics.io/tools/replay/2025-06-01T12:41:40Z,1,0.10902607826305981,-2.2161681752489244,4.4500172110148535
10676873_10676918,2025-06-01 12:41:22.734623909,4,4,1,0.079085977892439,6.26047945022583,0.9016632437705994,0.0839285030504781,0.9517516493797302,6.943256855010986,1.7904930114746094,2.0685668959164385,3.114501953125,0.0620787393943136,0.0015490460708971,0.0640364133243365,6.96,0.1050296622999999,0.5033611185400001,0.3990690091999999,1.1376000000000008,0.1256011938,1.6266529560089111,2.6374590396881104,-1.0108060836791992,-0.3384213745594024,2.671184764244372,2.986827,31.0,0.9998921530306562,moderate,True,https://di-india-collab.flow-analytics.io/tools/replay/2025-06-01T12:41:22Z,1,0.8800874074980586,-0.12773404974011587,2.5899279568314384
10677169_10677534,2025-06-01 12:42:27.530459880,4,4,1,0.0564758157399156,6.249797821044922,0.7754881978034973,-0.2076881017083683,0.8265277147293091,8.059178352355957,22.381162643432617,-2.550957622557183,3.1923828125,2.184678983468318,0.051139511843008,2.18673044867894,6.96,0.00130964452,1.8033415019999997,0.3664514844000001,1.1472000000000009,0.1242588888199999,1.1370750665664673,0.011918724514544,1.125156283378601,0.3817024827003479,2.831223601313237,2.947731,30.0,0.9766590175716252,moderate,True,https://di-india-collab.flow-analytics.io/tools/replay/2025-06-01T12:42:27Z,1,2.349676014998341,0.8542774526935301,2.687083697558891
10677893_10679144,2025-06-01 12:45:03.756134033,4,4,1,0.2365970786379399,6.511305332183838,1.614331603050232,-0.3236170872817178,-0.0711805820465087,4.033437252044678,9.805747032165527,-13.746789900577143,3.18505859375,1.8092321911575855,0.0638935201431852,1.820061436548915,3.84,0.00143603162,1.8078425299999996,0.3479157224000001,1.1376000000000008,0.1484795384,2.057861089706421,1.1512686014175415,0.9065924882888794,0.3025147318840027,1.087663864354116,2.996854,31.0,0.9977895020978752,low,True,https://di-india-collab.flow-analytics.io/tools/replay/2025-06-01T12:45:03Z,1,0.0013528166553363275,-6.605566448705007,4.610384338259261
10677893_10679144,2025-06-01 12:45:06.063076019,4,4,1,0.0269508895433717,5.343894004821777,0.4924115836620331,0.2854201646254182,0.7129292488098145,10.852494239807127,4.951832294464111,4.404925197016411,3.18505859375,0.0209631372890605,0.0003978078816089,0.0332174831087798,10.8,0.0966777138599999,0.4492757181399999,0.4203000295999998,1.1376000000000008,0.1081919603599999,1.6736739873886108,0.3607668280601501,1.3129072189331057,0.4390130639076233,1.342513998997301,2.990588,31.0,0.9981828581165678,low,True,https://di-india-collab.flow-analytics.io/tools/replay/2025-06-01T12:45:06Z,1,0.0037950867422598786,-5.5740480114102855,4.457061431743634
10677975_10678008,2025-06-01 12:42:37.267132998,4,4,1,0.048113839797347,7.20298957824707,0.7251864671707153,-0.7760280366475723,0.443516731262207,9.93260383605957,0.111905813217163,0.6569340342732319,3.200439453125,0.3404443396098638,0.0069448577680471,0.3442610193066628,9.84,0.1035577217599999,0.4106130011000001,0.4501036563999999,1.1184000000000007,0.1163209095599999,5.996469974517822,4.8346381187438965,1.1618318557739258,0.4005065262317657,2.5240686907188823,2.900906,30.0,0.9996330091109462,moderate,True,https://di-india-collab.flow-analytics.io/tools/replay/2025-06-01T12:42:37Z,1,0.019367526946438403,-3.9441574841366904,4.7049220341515054
10678975_10679009,2025-06-01 12:43:50.358834982,4,4,1,1.6164824056029683,7.4385504722595215,3.1129112243652344,-1.2777214371077814,3.4440534114837646,2.389580011367798,0.5595290660858154,4.554661708156594,3.167724609375,0.4257845261746895,0.0203356039291666,0.4295699413048549,2.4,0.2027864042,0.8863653046000002,0.4030608232000001,1.1232000000000009,0.3253490648,3.910201072692871,0.0719256401062011,3.83827543258667,1.3252907991409302,3.5911366932732447,2.896176,30.0,0.9987428644656547,moderate,True,https://di-india-collab.flow-analytics.io/tools/replay/2025-06-01T12:43:50Z,1,1.394046367884515e-06,-13.483299983708168,4.926858565404005
10679980_10680018,2025-06-01 12:45:46.636559963,4,4,1,0.0916702082462021,7.481218814849853,1.185915470123291,-0.7416550923412379,1.1938457489013672,6.308391094207764,0.5595290660858154,-1.6608409027767934,3.072265625,0.01666873561592,0.0004363620931733,0.0827647636589122,6.24,0.12648768764,0.4899301124199999,0.3816516875999998,1.132800000000001,0.14017426892,7.187674045562744,5.504466533660889,1.6832075119018557,0.5645208358764648,1.5535511759433351,2.981657,31.0,0.9999893764055108,low,True,https://di-india-collab.flow-analytics.io/tools/replay/2025-06-01T12:45:46Z,1,0.002589065886357306,-5.956458129962847,3.2309365991328507
10680554_10680578,2025-06-01 12:46:22.332767010,4,4,1,0.1019851543595887,7.45775842666626,1.0062819719314575,0.2520481361613445,1.3126927614212036,7.411201477050781,0.4476232528686523,-5.501157399719452,3.080078125,0.5653631929206998,0.0137810636080505,0.5699352401619989,7.439999999999999,0.0963577714999999,0.8919788013999999,0.3899412123999998,1.1472000000000009,0.14251569296,1.9340993165969849,0.3501455187797546,1.583953857421875,0.5391003489494324,1.9340131871830517,2.938143,30.0,0.9999426351790546,low,True,https://di-india-collab.flow-analytics.io/tools/replay/2025-06-01T12:46:22Z,1,3.0419750155963325,1.1125069806529235,3.0264684018604466
10682595_10683192,2025-06-01 12:50:59.664226055,4,4,1,0.8954105418508714,7.269715309143066,2.4447646141052246,0.072698349969639,2.509347915649414,2.9735848903656006,22.381162643432617,-33.233752597535464,3.15673828125,1.5661560833186057,0.0662622737862005,1.5701005419956702,2.88,0.00151649894,1.7593467039999997,0.3453966604,1.1424000000000007,0.2823706356,3.674877643585205,0.4496062994003296,3.225271224975586,1.0766005516052246,2.8333285819059784,2.995792,31.0,0.9999852063919012,moderate,True,https://di-india-collab.flow-analytics.io/tools/replay/2025-06-01T12:50:59Z,1,0.015255306771685467,-4.182827851432909,4.897849000427737
10682652_10682670,2025-06-01 12:49:39.648847103,4,4,1,0.0510793652381689,7.498241901397705,0.7528620362281799,0.2586109169326612,0.7646780610084534,9.959649085998535,0.6714348793029785,2.07411939772153,3.102294921875,0.65020238573423,0.0133023687805333,0.6510816430434841,9.84,0.08712040998,0.964458152,0.3905544603999998,1.1664000000000008,0.1209499300999999,1.6339906454086304,0.0510206893086433,1.5829699039459229,0.5289320945739746,1.928221061342111,2.992766,31.0,0.9993308570962915,low,True,https://di-india-collab.flow-analytics.io/tools/replay/2025-06-01T12:49:39Z,1,0.6643707583621183,-0.4089149143095136,3.5182848438343077
10682678_10682688,2025-06-01 12:49:44.638683081,4,4,1,0.0971318705002954,7.410138607025146,1.0733832120895386,-0.0750580268733206,1.4589515924453735,6.903534889221191,1.5666813850402832,4.095590891456792,3.117431640625,0.4684037325149647,0.0118951683316705,0.4770469169655416,6.96,0.1032313463799999,0.8710846152,0.3957348487999998,1.132800000000001,0.14570687706,2.995731830596924,0.850512683391571,2.145219087600708,0.7393496036529541,2.0558089564745634,2.901495,30.0,0.9999828764941394,moderate,True,https://di-india-collab.flow-analytics.io/tools/replay/2025-06-01T12:49:44Z,1,3.3284611998768154,1.202510095051161,2.478418896913163
10682688_10682708,2025-06-01 12:49:44.747977018,4,4,1,0.2354613852467307,7.099323272705078,1.5027986764907837,0.1056244874400307,1.695540189743042,4.72406816482544,2.685739517211914,-3.620077056141013,3.16455078125,0.9773105193785584,0.0312761223711325,0.9838329267630778,4.56,0.0098294593599999,1.1853685246,0.3787051154,1.156800000000001,0.1478229807999999,4.471236705780029,0.584442675113678,3.886794090270996,1.340358853340149,4.112998401097874,2.899816,30.0,0.984478731026345,serious,True,https://di-india-collab.flow-analytics.io/tools/replay/2025-06-01T12:49:44Z,1,0.6277611864885734,-0.465595461129384,3.4384117641076557
10683213_10683242,2025-06-01 12:50:41.706855059,4,4,1,0.235332060938987,7.482221603393555,1.6791114807128906,-0.0597057807181419,1.6437082290649414,4.45605993270874,4.476232528686523,-13.483844352044336,3.2001953125,0.7504389588895433,0.0248204871415688,0.7660714976754984,4.32,0.0596336635,1.0683331012,0.4068086647999998,1.166400000000001,0.1532180446999999,2.616317749023437,0.3193167448043823,2.2970008850097656,0.793431282043457,3.1334810217852835,2.895022,30.0,0.9995286558171192,moderate,True,https://di-india-collab.flow-analytics.io/tools/replay/2025-06-01T12:50:41Z,1,1.7715186268825716,0.5718371600197734,2.4040902412851732
10683242_10683413,2025-06-01 12:51:08.552205086,4,4,1,0.0478720847245064,6.5863037109375,0.7640765309333801,0.1356427976411524,0.7797432541847229,8.619953155517578,3.3571743965148926,-1.2128125093824804,3.22021484375,0.1442303877334205,0.0031823780890414,0.1454095777880535,8.64,0.1000741310199999,0.4253501023400002,0.4447487471999999,1.1472000000000009,0.1151853611999999,1.105889081954956,0.0210278499871492,1.0848612785339355,0.3726268410682678,0.9698632450601448,2.911388,30.0,0.999858706128644,low,True,https://di-india-collab.flow-analytics.io/tools/replay/2025-06-01T12:51:08Z,1,1.663575645947731,0.5089692894116649,1.8825559313833988
10683841_10684291,2025-06-01 12:52:42.062887907,4,4,1,0.0746754087448027,7.496814250946045,1.2195518016815186,-2.0447783194688234,0.6784000396728516,6.147188186645508,3.469080209732056,-8.137067896488178,3.159912109375,4.553955820194723,0.125918304316536,4.554347157263007,3.84,0.00140866756,1.8829410919999992,0.311403325,1.1472000000000009,0.1462054266,9.073690414428713,9.010754585266112,0.0629358291625976,0.0210071038454771,1.3876469178813813,2.995931,31.0,0.9976986999215576,low,True,https://di-india-collab.flow-analytics.io/tools/replay/2025-06-01T12:52:42Z,1,1.3822664240314125e-05,-11.189200976705864,4.171972214998618
10684202_10684299,2025-06-01 12:52:58.053409100,4,4,1,0.3032723286975627,6.200483798980713,1.529314637184143,-0.3074646287073163,2.1903064250946045,4.054419994354248,11.63820457458496,2.433054717060092,3.110107421875,1.4935222201483247,0.0525107444161222,1.4938822918014032,3.84,0.00130964452,1.7406244859999995,0.3398615344000001,1.1472000000000009,0.1400785869999999,2.611945390701294,0.037153884768486,2.574791431427002,0.8585353493690491,3.273104282926447,2.999051,31.0,0.976020342798384,moderate,True,https://di-india-collab.flow-analytics.io/tools/replay/2025-06-01T12:52:58Z,1,0.16069318025564736,-1.8282584448762806,3.1480336094219377
10684418_10684440,2025-06-01 12:52:35.472816944,4,4,1,0.0347280684544297,7.207190990447998,0.6140637397766113,-0.3748290631728091,0.4320065975189209,11.73687744140625,1.1190581321716309,-6.173505780407793,3.2919921875,1.171489628387563,0.0218227167950147,1.1729251960909528,11.52,0.00154367736,1.33119187,0.4009257697999999,1.156800000000001,0.12306269876,1.4281668663024902,0.0398441813886165,1.3883227109909058,0.4631819725036621,1.8295048442779616,2.997359,31.0,0.9961985412222664,low,True,https://di-india-collab.flow-analytics.io/tools/replay/2025-06-01T12:52:35Z,1,0.09180818510721063,-2.3880538229425063,3.1929493222725354
10684699_10684705,2025-06-01 12:53:14.237631083,4,4,1,0.144644866167622,6.113449573516846,1.245885968208313,0.6829096226740701,1.6284303665161133,4.906909465789795,2.573833703994751,1.5603485073821783,3.08251953125,0.0662664648932577,0.0020345285832672,0.1481349713152254,4.8,0.1156531065199999,0.5897742693600001,0.3837465451999998,1.142400000000001,0.14067295992,2.010524034500122,0.043877750635147,1.9666463136672971,0.677513062953949,2.4684152063601768,2.902743,30.0,0.9996374864877614,moderate,True,https://di-india-collab.flow-analytics.io/tools/replay/2025-06-01T12:53:14Z,1,0.30470197094411783,-1.1884211245370988,3.5480726795859985
10684995_10685027,2025-06-01 12:53:39.185297966,4,4,1,0.1796251242222641,6.088238716125488,1.3416969776153564,-0.0974327606684774,1.9989500045776367,4.537714958190918,1.1190581321716309,-1.0045658296935034,3.132568359375,0.7760460256514041,0.0253971067432683,0.7868392041755027,4.56,0.05353287014,0.9770282699999998,0.3827954127999998,1.1568000000000012,0.1474370662,2.314897298812866,0.0351719185709953,2.279725313186645,0.7667272090911865,2.597667520222422,2.97332,31.0,0.9953544051325076,moderate,True,https://di-india-collab.flow-analytics.io/tools/replay/2025-06-01T12:53:39Z,1,3.0701412313732694,1.1217235642456158,2.506776795073412
10686326_10686330,2025-06-01 12:56:07.980868101,4,6,1,0.0321379112723873,7.175129413604736,0.6110954880714417,0.0266884510329464,0.6535015106201172,11.74142074584961,1.0071523189544678,3.3451912242501525,3.544921875,0.9351308069739132,0.0173883148042945,0.9352289680373734,11.52,0.01761288728,1.1382818547999998,0.4092533967999999,1.1616000000000009,0.12225928216,5.223704814910889,3.766270875930786,1.4574339389801023,0.5023286938667297,3.605256112941456,2.901355,30.0,0.9999486785818092,moderate,True,https://di-india-collab.flow-analytics.io/tools/replay/2025-06-01T12:56:07Z,1,0.0091813043282897,-4.690586000750981,4.167043282765756
10686693_10687076,2025-06-01 12:57:13.605918884,4,4,1,0.1884946378856245,7.479072570800781,1.49884831905365,0.0931991194508565,1.2301902770996094,4.989879608154297,0.3357174396514892,5.808410436420272,3.04736328125,0.48367403029436,0.0149082095928252,0.4952874295120374,5.04,0.1120062397999999,0.9062552351999998,0.4045073375999999,1.152000000000001,0.14344454556,6.186924457550049,3.983146905899048,2.203777551651001,0.7546464800834656,3.0467065291880937,2.920278,30.0,0.9999093296640176,moderate,True,https://di-india-collab.flow-analytics.io/tools/replay/2025-06-01T12:57:13Z,1,0.3047557456440823,-1.1882446571673686,3.117976921972385
10686856_10686871,2025-06-01 12:56:34.360769033,4,4,1,0.0387497747976027,7.384676456451416,0.8115634322166443,-0.6418990863305091,1.1156344413757324,9.099321365356444,4.140515327453613,-4.985564855038348,3.11083984375,0.406196933467238,0.0087411980829763,0.4080825554594463,9.12,0.1093781146399999,0.6515346049999999,0.3960866255999999,1.132800000000001,0.1216100786999999,3.961994647979736,0.0421863198280334,3.919808387756348,1.3068472146987915,3.818082843183539,2.999439,31.0,0.999859261965752,moderate,True,https://di-india-collab.flow-analytics.io/tools/replay/2025-06-01T12:56:34Z,1,0.4225714689640028,-0.8613966891791439,3.2210179789639604
10686857_10686877,2025-06-01 12:56:33.153377056,4,4,1,0.0620753339777521,7.470580101013184,0.7750944495201111,0.5887768952140899,0.7501301765441895,9.638283729553224,1.230963945388794,10.217846532493198,3.047607421875,0.1559213808980354,0.0032205846440034,0.158144761611,9.6,0.1157724888999999,0.4703120145400002,0.3989036157999999,1.1424000000000007,0.1151853611999999,1.2881630659103394,0.2143687456846237,1.0737943649291992,0.3590383529663086,1.8929491814389396,2.990751,31.0,0.9999758325084164,low,True,https://di-india-collab.flow-analytics.io/tools/replay/2025-06-01T12:56:33Z,1,0.3830055930145171,-0.9597056867370535,3.619037515243478
10687083_10687115,2025-06-01 12:57:03.136084080,4,4,1,0.23260905221039,7.4534125328063965,1.5202503204345703,0.0609508695854917,1.7503639459609983,4.9027533531188965,4.476232528686523,0.0,3.194580078125,0.8160552898694949,0.0255118460419816,0.8188230525615714,4.8,0.0524352004399999,1.0259005999999995,0.4115662741999998,1.1616000000000009,0.1444426284999999,2.285951852798462,0.046491589397192,2.239460229873657,0.7501688003540039,1.8608739075528296,2.985275,31.0,0.9970104248392516,low,True,https://di-india-collab.flow-analytics.io/tools/replay/2025-06-01T12:57:03Z,1,2.312292227315861,0.8382393387207063,1.4968747301811616
10687442_10687832,2025-06-01 12:58:27.659075022,4,4,1,0.0242277856373973,2.9046640396118164,0.3599264621734619,-0.1685272713000682,0.5661780834197998,8.070159912109375,177.0479736328125,4.8287632437258265,3.0517578125,2.563526715650877,0.0600261498400222,2.5647691652606506,1.68,0.00127878426,1.7893588479999998,0.3567423552,1.1616000000000009,0.11208126986,0.9136541485786438,0.6771078705787659,0.2365462779998779,0.078947365283966,1.147529393464256,2.9962530000000003,31.0,0.4686603242927636,low,True,https://di-india-collab.flow-analytics.io/tools/replay/2025-06-01T12:58:27Z,1,4.3380650763599446e-20,-44.58427344612265,9.744770471774828
10687542_10687581,2025-06-01 12:57:45.882992029,4,4,1,0.4583430343459199,7.301787853240967,2.0591588020324707,-0.7528822866590273,3.217951536178589,3.546005249023437,13.876320838928224,-13.263220403732635,3.079345703125,2.918456209084085,0.111662440985853,2.927006649467232,2.88,0.00141674468,1.8616069539999995,0.3132019042000001,1.1472000000000009,0.1702270726,4.156760215759277,0.3586527109146118,3.798107624053955,1.303584337234497,3.542543512438206,2.913588,30.0,0.9737371615994675,moderate,True,https://di-india-collab.flow-analytics.io/tools/replay/2025-06-01T12:57:45Z,1,0.0026867702611607196,-5.919415453130394,4.560510028634002
10687561_10687616,2025-06-01 12:57:56.477046967,4,6,1,0.0928891568427389,7.493551731109619,1.162632942199707,-0.6098822888193199,1.3270485401153564,6.445328712463379,0.2238116264343261,1.1959309086347067,3.50390625,0.3483105888028518,0.0091958718958501,0.3528729482787723,6.48,0.1166062590199999,0.4074281319,0.4293243879999999,1.1280000000000008,0.14743904722,3.1971867084503174,1.2326492071151731,1.964537501335144,0.6754769086837769,2.850984835775805,2.908371,30.0,0.9986322572520664,moderate,True,https://di-india-collab.flow-analytics.io/tools/replay/2025-06-01T12:57:56Z,1,0.7903666626582039,-0.23525831124896474,2.9107234790518133
10688885_10688901,2025-06-01 12:59:47.690701962,4,4,1,0.0534675031570793,6.874467372894287,0.7865288853645325,0.0853609736516175,0.7769439220428467,8.740260124206543,0.0,-0.9273784394566204,3.0146484375,0.3840463357938579,0.0084619084971914,0.3883258588560002,8.64,0.1029727816799999,0.6095367217999998,0.3950614643999999,1.1232000000000009,0.1216100786999999,2.1878087520599365,0.5344206690788269,1.6533880233764648,0.5516688823699951,1.601950231109464,2.997066,31.0,0.9996099552410777,low,True,https://di-india-collab.flow-analytics.io/tools/replay/2025-06-01T12:59:47Z,1,1.9767474286183842,0.6814527811552971,2.893565243008614
10688885_10688901,2025-06-01 13:00:25.376075983,4,4,1,0.1078952874197455,6.30388879776001,1.034639596939087,-0.2245599378631149,1.1186864376068115,6.092835426330566,2.2381162643432617,-2.252277781461252,3.0146484375,0.8445903946426643,0.0232018599610526,0.8447667812408999,6.0,0.0417336608199999,1.0143662873999997,0.3727321799999998,1.1520000000000008,0.1458687967999999,4.37249755859375,5.356643199920654,-0.9841456413269044,-0.3380951583385467,2.6118427966705613,2.910854,22.0,0.9997897020562884,moderate,True,https://di-india-collab.flow-analytics.io/tools/replay/2025-06-01T13:00:25Z,1,7.841016095743724e-07,-14.058727220944938,5.383427145095282
10688911_10688944,2025-06-01 13:00:15.090878010,4,4,1,0.245427885789259,7.309377670288086,1.6468698978424072,-0.2155316279329344,2.2561230659484863,4.438345432281494,13.652509689331056,-5.439189027061844,3.242919921875,4.416901166026152,0.1482628215009838,4.418779537809027,2.88,0.00140866756,1.9703266799999992,0.3327577966,1.1472000000000009,0.1504081882,4.691019535064697,0.0298225488513708,4.661197185516357,1.5579617023468018,3.743116527732677,2.991856,31.0,0.9951520140508676,moderate,True,https://di-india-collab.flow-analytics.io/tools/replay/2025-06-01T13:00:15Z,1,0.0002524584019928551,-8.284264067403491,5.341791777916109
10689122_10689138,2025-06-01 13:00:37.772044897,4,4,1,0.3366528800242532,7.462152004241943,1.830307960510254,-0.1619326427243241,2.061279058456421,4.076992511749268,17.00968360900879,-4.039980959553781,3.235595703125,1.862815915392363,0.0653794212391458,1.863095516571716,3.84,0.00144582128,1.8078425299999996,0.3607479350000001,1.1424000000000007,0.1728682015999999,2.669553279876709,0.2525015473365783,2.4170517921447754,0.8310060501098633,2.2769844045003604,2.908585,30.0,0.9996173381454582,moderate,True,https://di-india-collab.flow-analytics.io/tools/replay/2025-06-01T13:00:37Z,1,0.8255332941859789,-0.1917256842899326,2.4743889804811894
10689426_10689452,2025-06-01 13:00:43.460426092,4,4,1,0.7467104279903264,7.19688606262207,2.261830568313598,-0.5878857804308835,1.433155536651611,3.1818854808807373,1.45477557182312,-4.384988718729678,2.823486328125,0.1987215735651979,0.007959307339379,0.2399808748890205,3.12,0.1704611166199999,0.4520422311999999,0.3893080456,1.1424000000000007,0.250178497,8.70001220703125,6.641748428344727,2.0582637786865234,1.2860057353973389,3.5270058854487085,1.600509,17.0,0.9902947277773352,moderate,True,https://di-india-collab.flow-analytics.io/tools/replay/2025-06-01T13:00:43Z,1,3.218549867534329e-14,-31.06726039549652,7.843998416800335
10690150_10690178,2025-06-01 13:01:44.601634979,4,4,1,0.0935290768604871,7.3297905921936035,1.029970645904541,0.3164972284312816,1.016040325164795,7.116504192352295,2.0143046379089355,6.457030668302917,3.156005859375,1.0073475868640098,0.0252576637905855,1.0076094673454008,6.96,0.00154367736,1.2071049006,0.3908780327999999,1.156800000000001,0.1457938996,1.7077728509902954,0.0039660413749516,1.703806757926941,0.584296464920044,1.5085555166958775,2.915997,30.0,0.9915489450448344,low,True,https://di-india-collab.flow-analytics.io/tools/replay/2025-06-01T13:01:44Z,1,0.9853551754367433,-0.014753118605167684,2.492387254455548
10690352_10690405,2025-06-01 13:01:55.319979906,4,4,1,0.077611052491417,6.715478897094727,1.1663472652435305,-0.4306957719383261,0.3560703992843628,5.7577009201049805,6.042913913726807,8.85549080579738,3.240234375,2.0152976176437085,0.0576107636591594,2.0159158280981284,5.279999999999999,0.00145561094,1.8111609239999995,0.3662335426000001,1.1520000000000008,0.1418199175999999,1.347585916519165,1.648793339729309,-0.301207423210144,-0.1029630973935127,1.0271982663575827,2.925392,30.0,0.9915685539320236,low,True,https://di-india-collab.flow-analytics.io/tools/replay/2025-06-01T13:01:55Z,1,1.2603116218100339,0.23135900928196215,2.8933428071589438
10690352_10690405,2025-06-01 13:01:59.114448071,4,4,1,0.0655643048626092,7.1576313972473145,0.6755996346473694,2.092865253137727,0.6219184398651123,10.594487190246582,3.3571743965148926,-2.2941514653651347,3.240234375,0.4831073842769081,0.0095066360563629,0.4831974597990456,10.56,0.09172697484,0.9540868714,0.4531122465999999,1.142400000000001,0.11937254752,3.1290557384490967,4.463099956512451,-1.3340442180633545,-0.4488720595836639,2.3842775095439657,2.971992,30.0,0.9949014072033352,moderate,True,https://di-india-collab.flow-analytics.io/tools/replay/2025-06-01T13:01:59Z,1,0.0026270656380645357,-5.941887782650818,5.03638944597793
10691154_10691215,2025-06-01 13:03:07.747136116,4,4,1,0.0654000323902233,6.238270282745361,0.9606530070304872,0.320470465530724,1.3414638042449951,6.493781089782715,6.490537166595459,-2.477099763780868,3.115234375,1.5047136433295327,0.0399567329332041,1.5090861105241975,6.0,0.0014075006,1.7406244859999995,0.357723802,1.1472000000000009,0.1422998286999999,1.6865837574005127,0.0203680545091629,1.6662156581878662,0.5754154920578003,1.3255136921077513,2.895674,30.0,0.967108028545964,low,True,https://di-india-collab.flow-analytics.io/tools/replay/2025-06-01T13:03:07Z,1,1.3834381715604072,0.3245718293730065,3.0266196475758673
10691154_10691415,2025-06-01 13:03:26.541662931,4,6,1,0.4222810088351478,7.436219692230225,2.186478614807129,-1.312007276593908,1.7019448280334473,3.4010026454925537,1.342869758605957,-2.2150348700359794,3.341552734375,0.5725813625406766,0.0222047989443769,0.5744021085333842,3.36,0.12506889486,0.9841099366,0.4353860561999998,1.152000000000001,0.2454420596,2.4614508152008057,3.906477928161621,-1.4450271129608154,-0.4981896877288818,0.6193728380328102,2.900556,30.0,0.9946088566924972,low,True,https://di-india-collab.flow-analytics.io/tools/replay/2025-06-01T13:03:26Z,1,0.0007009151047760148,-7.263123784146597,4.83018325402551
10691569_10691572,2025-06-01 13:03:38.740803003,6,4,1,0.0635594738376955,7.426734447479248,0.9032716751098632,0.4457705422773128,1.213698387145996,8.222038269042969,2.797645330429077,-4.647876758216765,3.605224609375,1.208439712341393,0.0278365440802522,1.2109044854370483,7.92,0.00154367736,1.5607465839999992,0.3918306354,1.156800000000001,0.1368629536,7.503036975860596,6.0117669105529785,1.4912700653076172,0.4980193376541137,2.4514645678023554,2.994402,22.0,0.9687544225134794,moderate,True,https://di-india-collab.flow-analytics.io/tools/replay/2025-06-01T13:03:38Z,1,5.864199019336587e-10,-21.256985026754574,6.91558219546092
10693438_10693475,2025-06-01 13:05:44.352802992,4,4,1,0.2032118055628396,7.474770545959473,1.4824740886688232,-0.3938613884802265,1.52539324760437,5.0420918464660645,0.8952465057373047,4.143167364554041,3.15283203125,0.5099130810489555,0.0156255440977548,0.5109011180185241,5.04,0.1124282253999999,0.9366829158000004,0.4106639055999999,1.152000000000001,0.1432631784599999,1.914306402206421,0.0195664726197719,1.8947399854660036,0.6497422456741333,1.6701147854799925,2.916141,30.0,0.9997445825236546,low,True,https://di-india-collab.flow-analytics.io/tools/replay/2025-06-01T13:05:44Z,1,1.8623361532846092,0.6218316960110539,2.3647207106063197
10694373_10694430,2025-06-01 13:08:05.449048996,4,4,1,0.0320501543458901,6.011261940002441,0.5941670536994934,0.0377447402049137,0.6080238223075867,10.117124557495115,14.771567344665527,4.468277542976583,3.189208984375,0.9664811978894552,0.0196434725694958,0.9665268181949578,9.84,0.0124603567599999,1.1962736306,0.3878560313999998,1.156800000000001,0.12306269876,0.9307467937469482,0.0179282147437334,0.9128185510635376,0.3048937022686004,1.146794772654404,2.993891,31.0,0.9951816336940308,low,True,https://di-india-collab.flow-analytics.io/tools/replay/2025-06-01T13:08:05Z,1,0.34203257812540705,-1.0728492887796275,2.9582677847172856
10694592_10694646,2025-06-01 13:07:20.969360113,4,4,1,0.0859289294908629,7.431018352508545,0.9472037553787231,-0.0659529690863224,1.071197748184204,7.845216274261475,0.6714348793029785,-0.6387477158803027,3.146728515625,0.4698922686561694,0.0110575849845503,0.4805719782400248,7.92,0.1012886696199999,0.8784529670000001,0.3952106891999999,1.142400000000001,0.1394677035199999,1.6804144382476809,0.0219044331461191,1.6585099697113037,0.5682650208473206,2.0837274282922773,2.91855,30.0,0.999720989939707,moderate,True,https://di-india-collab.flow-analytics.io/tools/replay/2025-06-01T13:07:20Z,1,2.6211517869790226,0.9636138345221389,3.125487495575934
10694931_10695230,2025-06-01 13:09:05.002726078,4,4,1,0.132802680898745,6.876491546630859,1.269874930381775,-0.1368817771737098,1.1806915998458862,5.415093421936035,1.3708462715148926,-2.7318638619433755,3.00244140625,0.2536527564680147,0.0074128061982709,0.2910242684328823,5.52,0.1231842723999999,0.3986892516000001,0.3887344351999998,1.1376000000000008,0.14279593042,1.6705970764160156,0.175996646285057,1.4946004152297974,0.4986278116703033,2.173445672620994,2.997427,31.0,0.9989052759519206,moderate,True,https://di-india-collab.flow-analytics.io/tools/replay/2025-06-01T13:09:05Z,1,1.9638035334122355,0.6748831710243923,2.786810488131038
10695375_10695389,2025-06-01 13:08:14.835355997,4,4,1,0.3080193828816348,7.4607133865356445,1.7663242816925049,-0.516133164079879,2.447027921676636,4.2238640785217285,0.5595290660858154,-2.0392852768830254,3.1005859375,0.88619974026452,0.0302958924121506,0.8987892382124757,4.08,0.03119669558,1.1058933989999995,0.3696974841999998,1.166400000000001,0.1661373953999999,5.733218669891357,2.4428136348724365,3.290405035018921,1.0978507995605469,3.0046032536855503,2.997133,31.0,0.9976680106603094,moderate,True,https://di-india-collab.flow-analytics.io/tools/replay/2025-06-01T13:08:14Z,1,0.5207175799334641,-0.6525474572678583,3.665670611791046
10695381_10695760,2025-06-01 13:09:05.002726078,4,4,1,0.3980382501417511,7.357243061065674,1.7083150148391724,0.6867710535147381,1.5566693544387815,4.306725025177002,0.3776821196079254,-3.466655003004778,3.177490234375,0.8006173577533378,0.0270358364034105,0.8082010217771086,4.32,0.05396398368,1.044739171,0.3863714143999999,1.1616000000000009,0.1559842911,3.4665064811706543,0.39000004529953,3.0765063762664795,1.0263824462890625,3.65657948158728,2.997427,31.0,0.9982895027423604,moderate,True,https://di-india-collab.flow-analytics.io/tools/replay/2025-06-01T13:09:05Z,1,1.8157091007293962,0.5964760805248024,2.29632369480721
10695750_10697000,2025-06-01 13:10:54.828357935,4,4,1,0.1049771089472996,5.197843551635742,0.9899393320083618,-0.8983684612394459,1.169958233833313,5.250669002532959,139.20982360839844,-2.399703474021187,3.235107421875,2.759157532497217,0.08351347153507,2.7603294507644938,3.84,0.00129985486,1.7983262619999991,0.3822693506000001,1.1472000000000009,0.1421360053,1.6277261972427368,1.0030802488327026,0.6246459484100342,3.1650078296661377,3.5389319923987976,0.19736,3.0,0.9771894910302724,moderate,True,https://di-india-collab.flow-analytics.io/tools/replay/2025-06-01T13:10:54Z,1,4.623830964431726e-144,-330.0410298165757,25.809506735467462
10695882_10696277,2025-06-01 13:09:38.591799021,4,4,1,0.3803159347771624,7.364963531494141,1.8531581163406368,0.0801983035658688,2.518172025680542,3.974277019500733,23.05259704589844,-2.634508589092765,3.26806640625,3.189175575732642,0.1140745753189734,3.197049928355831,3.12,0.00141674468,1.8616069539999995,0.3355038444000001,1.1472000000000009,0.1744709179999999,3.207771778106689,0.0907460376620292,3.117025852203369,1.0415921211242676,3.107886523548191,2.992559,31.0,0.9674418445039544,moderate,True,https://di-india-collab.flow-analytics.io/tools/replay/2025-06-01T13:09:38Z,1,0.10233356621794122,-2.279517544320285,3.8387486811575813
10696832_10696877,2025-06-01 13:10:15.040630102,4,4,1,0.3256926711310866,7.221877574920654,1.749478816986084,-0.6227372552033863,2.483856678009033,4.128016471862793,0.2238116264343261,-10.82990850961916,3.272216796875,0.6239175336694079,0.0215701777858656,0.6246487538399709,4.08,0.09796404886,1.2037587094000002,0.4447600417999998,1.1664000000000008,0.1558166395,3.9288675785064697,0.1843229830265045,3.744544506072998,1.248964548110962,4.308601173911405,2.998119,31.0,0.9986882872197174,serious,True,https://di-india-collab.flow-analytics.io/tools/replay/2025-06-01T13:10:15Z,1,0.0017681474004499736,-6.337822946946645,3.5680853640394883
10697000_10697026,2025-06-01 13:10:27.636895895,4,4,1,0.0379997512461144,7.433313369750977,0.7558571100234985,-0.3115605843217331,0.1113268136978149,9.834283828735352,3.5809860229492188,-7.039642654921061,3.109619140625,0.5755258640265751,0.0118536788932616,0.5776103455121593,9.84,0.0940894191999999,0.9103414426,0.3992489027999998,1.1472000000000009,0.1217099299999999,1.229325771331787,0.1371306031942367,1.0921951532363892,0.3752964437007904,13.145476045965928,2.91022,29.0,0.9990383818388237,critical,True,https://di-india-collab.flow-analytics.io/tools/replay/2025-06-01T13:10:27Z,1,2.2313520071111405e-06,-13.012902874990694,6.041251109281732
10697000_10697026,2025-06-01 13:10:56.021554947,4,4,1,0.0283084378722373,6.752187728881836,0.5747541785240173,0.1997430470968806,0.7280659079551697,11.747957229614258,4.028609275817871,-6.319849175515941,3.109619140625,1.089431598779063,0.020272407801039,1.090375016121174,11.52,0.00154367736,1.2036391146,0.4027740199999999,1.156800000000001,0.11394707582,1.4482762813568115,2.978713274002075,-1.5304369926452637,-0.5114984512329102,0.7382925073982477,2.992066,31.0,1.0000000195346022,low,True,https://di-india-collab.flow-analytics.io/tools/replay/2025-06-01T13:10:56Z,1,0.029001183526504003,-3.540418638569661,3.337901858330385
10697000_10697507,2025-06-01 13:11:16.183617115,4,4,1,0.0364484324449044,5.710232257843018,0.6861312985420227,-0.7646834823654037,0.1025999784469604,8.32236099243164,27.97645378112793,-0.5934134641682681,3.208251953125,1.6582408905664965,0.0380067505799076,1.6587891374698265,7.68,0.0014075006,1.8033415019999997,0.3821387902,1.1520000000000008,0.1255661907,0.6539352536201477,1.546868920326233,-0.8929336667060852,-0.3057933151721954,0.8033432742272161,2.920056,29.0,0.9722946815719294,low,True,https://di-india-collab.flow-analytics.io/tools/replay/2025-06-01T13:11:16Z,1,0.26718772760484194,-1.3198037679970414,3.590409396795423
10697828_10697842,2025-06-01 13:11:28.286432028,4,4,1,0.069319972651208,7.461098194122314,0.902657687664032,0.4824291792176053,0.4919352531433105,8.265700340270996,1.45477557182312,-10.69775019809771,3.04248046875,1.016982877914141,0.0233243039510996,1.0179177126499777,8.16,0.00154367736,1.2071049006,0.4032847863999999,1.156800000000001,0.13535974506,7.946584701538086,5.328110218048096,2.6184744834899902,0.9008930325508118,4.212167618835736,2.906532,30.0,0.997575743951606,serious,True,https://di-india-collab.flow-analytics.io/tools/replay/2025-06-01T13:11:28Z,1,0.001977079290811365,-6.226134628965957,6.103440358414657
10698335_10700462,2025-06-01 13:14:56.034389019,8,8,1,0.0400687696077008,3.412070751190185,0.496907114982605,0.9087785777241132,-0.1015835702419281,6.866616725921631,176.71224975585938,590.7521481931825,7.63232421875,3.12457361766017,0.0806674102970483,3.126626940076984,1.2,0.00128602664,1.7847198019999997,0.3635096700000001,1.156800000000001,0.1205085303999999,0.3943271338939667,0.4097388684749603,-0.0154117345809936,-0.0053180367685854,9.97154786022881,2.898012,28.0,0.3590572467316777,critical,True,https://di-india-collab.flow-analytics.io/tools/replay/2025-06-01T13:14:56Z,1,1.4459309007685963e-144,-331.2035000550149,26.340236155455777
10698513_10698660,2025-06-01 13:12:22.675028086,4,4,1,0.7908968414139976,5.931411266326904,2.2985587120056152,-0.9048136015036248,1.911141037940979,2.580491542816162,0.6714348793029785,-1.17405149060612,3.359375,0.250936279258389,0.0114058662650335,0.2910922917704724,2.64,0.1566169983399999,0.3665880510000001,0.4294733196,1.1376000000000008,0.2590672022,2.2668681144714355,2.7240066528320312,-0.4571385383605957,-0.1530656069517135,2.1278900164545007,2.986553,31.0,0.9973185504624332,moderate,True,https://di-india-collab.flow-analytics.io/tools/replay/2025-06-01T13:12:22Z,1,0.003193532828567143,-5.746627505207375,4.255405693758839
10699153_10699186,2025-06-01 13:13:05.134474993,4,4,1,0.1026666701466313,7.3754448890686035,1.1998658180236816,-0.9647325865409662,1.4529855251312256,6.1468915939331055,4.2943854331970215,-8.287727635931356,3.380859375,0.3338907917886332,0.0090651186738681,0.3572152579027325,6.24,0.1205909279799999,0.4411290424,0.4308267379999999,1.1232000000000009,0.14705697182,3.8908965587615967,0.1916584223508834,3.6992380619049072,1.2399660348892212,3.0325556311678614,2.983338,31.0,0.9971868617272353,moderate,True,https://di-india-collab.flow-analytics.io/tools/replay/2025-06-01T13:13:05Z,1,1.14668264159104,0.13687311424024626,3.118942569798436
10699516_10699583,2025-06-01 13:13:20.121599913,4,4,1,0.6099015790824888,7.485814094543457,2.4177145957946777,-1.695586342951147,2.458268642425537,3.096235752105713,0.4476232528686523,2.425506296612655,3.2080078125,0.5051999087521684,0.0207010779502506,0.513465389299913,3.12,0.13738907258,0.9399562682000002,0.4275282901999999,1.152000000000001,0.2695911173999999,2.857211112976074,0.0510200411081314,2.8061909675598145,0.9360865354537964,2.417467060938049,2.99779,31.0,0.999346263127328,moderate,True,https://di-india-collab.flow-analytics.io/tools/replay/2025-06-01T13:13:20Z,1,0.004821903144073503,-5.334586585680903,4.381498344061414
10701269_10701366,2025-06-01 13:15:04.540435076,4,4,1,0.2187661011964961,7.44353723526001,1.48286771774292,-0.1474245757403533,1.6633787155151367,5.01969051361084,0.6714348793029785,-4.368897114856949,3.322265625,0.6044110509856053,0.0185926287177692,0.6096112785617629,5.04,0.09788330552,1.1584158889999998,0.4358757327999998,1.1664000000000008,0.1404613933,2.282999992370605,0.0502410531044006,2.2327589988708496,0.7486400604248047,2.232254087930191,2.98242,31.0,0.9997087735251003,moderate,True,https://di-india-collab.flow-analytics.io/tools/replay/2025-06-01T13:15:04Z,1,0.06805032799701384,-2.687507729954855,3.04146951683002
10701549_10701685,2025-06-01 13:15:18.133450985,4,4,1,0.3761642342651061,7.421348571777344,1.9221994876861568,-0.4341638424640126,1.2643394470214844,3.8608627319335938,1.7904930114746094,0.0,3.28515625,0.2499895011375773,0.00893687892141,0.2519913367341477,3.84,0.15239938218,0.3907086684,0.4267167074,1.1424000000000007,0.1806588267999999,1.6085678339004517,0.0601013451814651,1.548466444015503,0.5298296809196472,1.4616828388721723,2.922574,30.0,0.9998972154720424,low,True,https://di-india-collab.flow-analytics.io/tools/replay/2025-06-01T13:15:18Z,1,0.3470035240702591,-1.0584203432647756,2.921543211380505
10701824_10701862,2025-06-01 13:15:21.288892984,4,4,1,0.125223912688369,7.412049293518066,1.2971324920654297,-0.4861701035951703,1.9466540813446045,5.71418046951294,0.0,1.1193821261342192,3.0947265625,0.2361377503098553,0.0066799860367601,0.2454563670492165,5.76,0.13263595762,0.4144427724,0.3897381921999998,1.1376000000000008,0.14097289092,3.467501640319824,0.0864438787102699,3.3810577392578125,1.1296573877334597,4.156433584891353,2.992994,31.0,0.999793258241902,serious,True,https://di-india-collab.flow-analytics.io/tools/replay/2025-06-01T13:15:21Z,1,0.9173854839517855,-0.0862275199747877,2.9864372283690237
10701862_10701903,2025-06-01 13:15:22.690627098,4,4,1,0.0453165446698546,6.297941207885742,0.8335912227630615,0.6426384984024315,1.4485503435134888,7.555191516876221,1.342869758605957,8.107563716828611,3.12158203125,0.2712095805283404,0.0065019913657411,0.2840451410443048,7.439999999999999,0.09762033144,0.4308704841,0.3971223687999998,1.1424000000000007,0.1157212878999999,1.832710146903992,0.0246114563196897,1.808098673820496,0.6032849550247192,2.2988179518764444,2.997089,31.0,0.9999987870733662,moderate,True,https://di-india-collab.flow-analytics.io/tools/replay/2025-06-01T13:15:22Z,1,0.9212320415119509,-0.08204332927841618,3.177286144707614
10703445_10703465,2025-06-01 13:16:51.747940063,4,4,1,0.0574778416590836,6.101757526397705,0.7466525435447693,-0.0760524880963708,0.6287219524383545,8.172151565551758,1.7904930114746094,3.998715856751477,3.114990234375,0.0827592564371368,0.0018777221317573,0.0831403078597597,8.16,0.1022586295799999,0.4299366125000001,0.4060237385999998,1.1376000000000008,0.1186246526799999,0.959800124168396,1.6419602632522583,-0.6821601390838623,-0.2325311452150344,1.6341697656436334,2.933629,30.0,0.999568230587387,low,True,https://di-india-collab.flow-analytics.io/tools/replay/2025-06-01T13:16:51Z,1,1.436629689412838,0.36229987688858994,2.4364683608052204
10704183_10704205,2025-06-01 13:17:49.311147928,4,4,1,0.0726348360642114,7.364747047424316,1.030932903289795,-0.4690587946328901,1.395960807800293,7.14376974105835,4.476232528686523,-3.949761963042069,3.141845703125,1.4516114968882246,0.0364070193036555,1.4549560540238404,6.96,0.00154367736,1.7136483639999995,0.3462360056,1.156800000000001,0.1467284539,3.904240846633911,1.025104284286499,2.879136562347412,0.9619666934013368,3.3012799324762225,2.992969,31.0,0.996915133695932,moderate,True,https://di-india-collab.flow-analytics.io/tools/replay/2025-06-01T13:17:49Z,1,0.6101829750069211,-0.4939964077657555,3.021382863561027
10704345_10704522,2025-06-01 13:19:07.954207897,4,4,1,0.036832560868922,7.231067180633545,0.6257569789886475,0.1997506831026708,0.7754051685333252,11.55571174621582,0.4476232528686523,-0.1576897966984581,3.07763671875,0.5775617851511785,0.0108055116780216,0.5780544720493475,11.52,0.0848707049199999,0.8896859719999999,0.4086113567999999,1.1472000000000009,0.1173277048799999,1.2784864902496338,1.4541666507720947,-0.1756801605224609,-0.058641605079174,0.7321538220884541,2.995828,31.0,0.9895386568601924,low,True,https://di-india-collab.flow-analytics.io/tools/replay/2025-06-01T13:19:07Z,1,0.22802785481920965,-1.4782874872301832,3.3893450446151885
10704345_10704522,2025-06-01 13:19:09.533668041,4,4,1,0.039386495367095,6.3625030517578125,0.6980092525482178,-0.1570073863607908,0.5625126361846924,9.11521339416504,0.0,4.965873356430483,3.07763671875,1.2107587181877135,0.0262277178097345,1.212636262964648,8.879999999999999,0.0014075006,1.5607465839999992,0.3683584066000001,1.1520000000000008,0.12530882518,0.9188185930252076,3.220420360565185,-2.301601886749268,-0.7910902500152588,0.7321538220884541,2.909405,30.0,0.9831131100579908,low,True,https://di-india-collab.flow-analytics.io/tools/replay/2025-06-01T13:19:09Z,1,0.3043589184923556,-1.1895476210631104,3.3839334845386597
10704366_10704399,2025-06-01 13:18:11.698842049,4,4,1,0.1331641574516889,7.118435382843018,1.1329097747802734,-0.3457278715768845,1.4121148586273191,6.283320426940918,16.002531051635742,6.56493923580381,3.199462890625,4.091494680649456,0.1115801466853007,4.094456642255783,4.32,0.00141674468,1.8616069539999995,0.3525395468,1.1424000000000007,0.1462054266,4.800490856170654,2.893516063690185,1.9069747924804688,0.6366025805473328,4.099600461535258,2.99555,31.0,0.9997196777184768,serious,True,https://di-india-collab.flow-analytics.io/tools/replay/2025-06-01T13:18:11Z,1,0.13605599468996024,-1.9946887523203651,3.4177591640003833
10705035_10705048,2025-06-01 13:18:59.960119963,4,4,1,0.0573194783929699,7.415021896362305,0.7900726795196533,0.3726895808219361,1.006624460220337,9.38524055480957,4.811949729919434,0.0,3.20703125,2.634631733564482,0.0563936267332952,2.634852993825702,8.16,0.00145561094,1.8033415019999997,0.383610505,1.1520000000000008,0.1242588888199999,4.669447898864746,2.266603708267212,2.402844190597534,0.8044916391372681,2.2130176442655776,2.986786,31.0,0.9920594900449408,moderate,True,https://di-india-collab.flow-analytics.io/tools/replay/2025-06-01T13:18:59Z,1,0.8647288947265259,-0.14533923767660012,2.6980695054639825
10706655_10707516,2025-06-01 13:22:35.273955107,4,4,1,0.0422397678721559,7.456066608428955,0.7727394104003906,0.4204615383709669,0.7309837341308594,9.648876190185549,1.1750110387802124,-3.9653336122464338,3.099853515625,1.837948236922262,0.0385991735954179,1.838518572985568,9.12,0.00154367736,1.8033415019999997,0.3569439014,1.1520000000000008,0.12880822122,3.3109734058380127,1.0726231336593628,2.2383503913879395,0.7702687978744507,5.7789269188551815,2.905934,30.0,0.9959245944321304,serious,True,https://di-india-collab.flow-analytics.io/tools/replay/2025-06-01T13:22:35Z,1,0.1976797371259571,-1.621107047098513,3.5030067912677327
10706655_10707975,2025-06-01 13:22:35.800129890,4,4,1,0.0388773084974667,7.49281120300293,0.7820306420326233,-0.4557448174247612,0.6661756038665771,9.58122444152832,6.994113445281982,-0.6167558615136842,2.952392578125,0.3177809930501791,0.0066200065649282,0.3190285456689731,9.6,0.1109886690799999,0.4206510361,0.3960652213999999,1.1232000000000009,0.1185662694999999,2.0392990112304688,1.0114785432815552,1.0278204679489136,0.3445640504360199,1.7645817982806489,2.982959,31.0,0.9997897945697,low,True,https://di-india-collab.flow-analytics.io/tools/replay/2025-06-01T13:22:35Z,1,0.27462651789944986,-1.2923432211212225,3.342452403742358
10706968_10707125,2025-06-01 13:21:38.237252951,4,4,1,0.2175155103028633,7.379509925842285,1.6812456846237185,-1.522630200906304,1.6858015060424805,4.389310836791992,21.09424591064453,19.26650583464932,3.127197265625,5.535146491655185,0.1873291390375074,5.535146502284994,1.92,0.00145700286,2.0658422639999987,0.3083349818,1.1472000000000009,0.1573504456,6.017568111419678,2.153465986251831,3.864102125167847,1.294644474983215,2.916474904472209,2.984682,31.0,0.9998385940190002,moderate,True,https://di-india-collab.flow-analytics.io/tools/replay/2025-06-01T13:21:38Z,1,6.665970655920362e-07,-14.221080073134612,6.071999988330203
10707125_10707192,2025-06-01 13:21:40.130062103,4,4,1,0.3835642566348387,7.365659713745117,2.095038890838623,-1.247176985369217,3.0533483028411865,3.5157628059387207,0.5595290660858154,-3.4157559778371915,3.094970703125,0.1009279115565428,0.0037910039298104,0.2045178358139339,3.6,0.19703236904,0.5676469835600001,0.3887020759999999,1.1328000000000007,0.2287339235999999,5.374893665313721,2.788291454315185,2.586602210998535,0.8629037141799927,4.268990887026635,2.997556,31.0,0.999868776415194,serious,True,https://di-india-collab.flow-analytics.io/tools/replay/2025-06-01T13:21:40Z,1,0.007465182036432031,-4.897505462965858,3.327347380596364
10707626_10707694,2025-06-01 13:22:58.273402929,4,4,1,0.0703835833879986,6.288166999816895,0.8965733647346497,0.2200266198663774,0.9874154329299928,7.013555526733398,18.128742218017575,0.5807899136708091,3.27197265625,1.1344781323408806,0.0287172627707562,1.1360370492669374,6.72,0.0014075006,1.2128868046,0.4218878955999999,1.1520000000000008,0.137863237,2.057034969329834,0.669821560382843,1.3872134685516355,0.4637628495693207,2.051807945973213,2.991213,31.0,0.9987238752168436,moderate,True,https://di-india-collab.flow-analytics.io/tools/replay/2025-06-01T13:22:58Z,1,0.3770461413602652,-0.9753877081472435,2.4646548390373066
10707694_10707734,2025-06-01 13:23:06.275233984,4,4,1,0.5266310299870143,5.472708225250244,1.8545615673065183,0.1420422047678272,2.606390953063965,2.950944423675537,13.42869758605957,2.011700734723625,3.06689453125,1.6236690609175353,0.0690266433344382,1.6267103083546035,2.64,0.00129985486,1.7996417519999994,0.3368704144000001,1.1376000000000008,0.1752626511999999,2.9678752422332764,0.0143938837572932,2.953481435775757,0.9874805808067322,2.876857460553184,2.990926,31.0,0.9862327321583207,moderate,True,https://di-india-collab.flow-analytics.io/tools/replay/2025-06-01T13:23:06Z,1,0.013776932161122243,-4.2847596679992845,3.9006903637363513
10707930_10708230,2025-06-01 13:23:00.791718960,4,4,1,0.0386607472819954,7.447751045227051,0.7112619876861572,0.0606357666364607,0.9014804363250732,10.47117805480957,32.844356536865234,15.075532935462498,3.171875,6.5768323339988255,0.1327296882091427,6.578383573945593,2.4,0.00140866756,1.9051625019999991,0.3345387225999999,1.1424000000000007,0.1283883035799999,3.1095032691955566,2.110302686691284,0.9992005825042723,0.334629476070404,2.055106419145847,2.985991,31.0,0.9953329159812376,moderate,True,https://di-india-collab.flow-analytics.io/tools/replay/2025-06-01T13:23:00Z,1,2.6051392625511672e-08,-17.463194610463415,6.534826008509133
10710250_10710283,2025-06-01 13:25:53.136655092,4,6,1,0.0685976693965926,5.396939277648926,0.4864397943019867,0.7001816509791005,1.096090316772461,11.094773292541504,0.7833406925201416,0.0928117218042915,3.4501953125,2.9716079157657505,0.0576174975978465,2.971757440498173,7.68,0.00130964452,1.8029601459999995,0.3821387902,1.1520000000000008,0.11068504886,1.4799128770828247,7.687484264373779,-6.207571506500244,-2.1411945819854736,0.0,2.899116,21.0,0.8321014667067141,none,True,https://di-india-collab.flow-analytics.io/tools/replay/2025-06-01T13:25:53Z,1,2.0577588167086384e-12,-26.90940367843164,8.725326378693703
10710305_10710331,2025-06-01 13:25:20.049631119,4,4,1,0.2268528610636169,6.58947229385376,1.4258564710617063,-0.1197228438795518,1.3385612964630127,4.621413230895996,4.028609275817871,0.5287046728761655,2.982666015625,0.1033155386803275,0.0032976271655067,0.1343978010837879,4.56,0.1294605329399999,0.39255187506,0.3904832661999999,1.1472000000000009,0.14440917602,1.6514147520065308,0.0388485491275787,1.6125662326812744,0.5553380846977234,1.2273416750156845,2.903756,30.0,0.9999637468239576,low,True,https://di-india-collab.flow-analytics.io/tools/replay/2025-06-01T13:25:20Z,1,1.7848272306056174,0.5793216209705041,2.7510477901713037
10710382_10710481,2025-06-01 13:25:56.935159922,4,4,1,0.1919026077505627,6.267191410064697,1.3693010807037354,0.3694221958282687,1.1873655319213867,4.576927185058594,13.876320838928224,-2.327738250641632,3.30517578125,1.6365354130087404,0.0535628047682984,1.638404958410183,4.32,0.00130964452,1.8033415019999997,0.3741894432000001,1.1472000000000009,0.1428036782999999,1.4970343112945557,0.0313715934753418,1.465662717819214,0.490728497505188,1.452903828172494,2.986708,31.0,0.9838851112599546,low,True,https://di-india-collab.flow-analytics.io/tools/replay/2025-06-01T13:25:56Z,1,0.6007403097127813,-0.5095925348114568,2.62334266555327
10712336_10712709,2025-06-01 13:28:59.465605021,4,4,1,0.1251291038314999,7.191137313842773,1.162792682647705,0.0385319069985049,1.2317901849746704,6.184367656707764,21.7097282409668,-7.6715581067485,3.173095703125,4.117607359179247,0.1133647352279983,4.119045312323372,4.08,0.00141674468,1.8616069539999995,0.3169065182000001,1.1424000000000007,0.1462054266,2.042787790298462,0.0345567539334297,2.0082309246063232,0.6695873141288757,1.8344509669691875,2.999207,31.0,0.982956803957157,low,True,https://di-india-collab.flow-analytics.io/tools/replay/2025-06-01T13:28:59Z,1,0.04327442688422496,-3.140193421584107,4.321378747671754
10712564_10712594,2025-06-01 13:28:28.338126898,4,6,1,0.1788101100679144,6.389841556549072,1.1986327171325684,-0.505540659121433,-0.2138645052909851,5.330942153930664,1.342869758605957,-1.486287221326621,3.419189453125,0.7431380610154211,0.0220868792245733,0.7435767630768797,5.279999999999999,0.05732869004,1.0224466913999997,0.4136606585999998,1.156800000000001,0.1459404691,0.3138389587402344,0.0760458260774612,0.2377931326627731,0.0813199579715728,2.163751545663876,2.924167,30.0,0.9999249510468492,moderate,True,https://di-india-collab.flow-analytics.io/tools/replay/2025-06-01T13:28:28Z,1,0.24119264696294695,-1.4221592998220371,2.716151179746989
10713624_10713928,2025-06-01 13:30:32.256417989,4,4,1,0.0360905974281033,5.891355514526367,0.6023361682891846,-0.0548323700670968,0.8636207580566406,9.780842781066896,8.952465057373047,2.236017365217473,3.0830078125,2.8276221762586355,0.0590825999040146,2.82826323821548,7.439999999999999,0.00130964452,1.8078425299999996,0.3576318436,1.1472000000000009,0.120268995,1.7744439840316772,0.6596272587776184,1.114816665649414,0.3848427236080169,1.285108271041015,2.896811,30.0,0.9932686688617464,low,True,https://di-india-collab.flow-analytics.io/tools/replay/2025-06-01T13:30:32Z,1,0.5571181155057439,-0.5849780049723935,3.2134537710020017
10714149_10714186,2025-06-01 13:30:26.268357038,4,4,1,0.0730201344594267,5.075840950012207,0.8840153813362122,1.0088818137341606,0.1787624359130859,5.741801738739014,0.8952465057373047,-8.76317610052705,3.009765625,0.7870524944340784,0.022388527656066,0.7906124628452615,5.52,0.05249834656,1.0268656938000005,0.3909218865999997,1.156800000000001,0.12971708566,10.480599403381348,9.302773475646973,1.177825927734375,0.404024213552475,4.106415505002785,2.915236,25.0,0.9997814061957212,serious,True,https://di-india-collab.flow-analytics.io/tools/replay/2025-06-01T13:30:26Z,1,4.1347910391733927e-07,-14.6986588584214,6.632300883270134
10714149_10714186,2025-06-01 13:30:30.056062937,4,4,1,0.0797183438359343,4.678598403930664,0.655463457107544,1.8574929393396469,0.3293676376342773,7.137847900390625,2.90955114364624,-2.8076080336875147,3.009765625,3.37645688678955,0.0852269337049058,3.376939402263905,3.36,0.00129985486,1.7936489439999994,0.3538180896000001,1.1472000000000009,0.12779928474,9.78901481628418,9.488903045654297,0.3001117706298828,0.1032941192388534,2.100941949573602,2.90541,30.0,0.9985803942032012,moderate,True,https://di-india-collab.flow-analytics.io/tools/replay/2025-06-01T13:30:30Z,1,5.101353339957043e-07,-14.488589785654092,5.753443510551268
10715818_10715842,2025-06-01 13:32:38.936667919,4,4,1,1.0130351187867614,7.371001720428467,2.609692335128784,-0.4641066758933184,3.7970259189605713,2.824471473693848,0.2238116264343261,2.025809962234149,3.19921875,0.0552201468163408,0.0023532940889778,0.155467101121909,2.88,0.20751082456,0.63766344196,0.4281142494,1.1376000000000008,0.2846400815999999,5.008955478668213,0.0978771522641182,4.911078453063965,1.682106614112854,3.5409510663440407,2.9196,30.0,0.9987490700704752,moderate,True,https://di-india-collab.flow-analytics.io/tools/replay/2025-06-01T13:32:38Z,1,0.0005682456721972446,-7.472956711279551,4.863931149041552
10718058_10718064,2025-06-01 13:35:26.210757971,4,4,1,0.0499070835879207,4.720437526702881,0.7366984486579895,1.023739807214007,0.3064799308776855,6.407557487487793,3.1333627700805664,6.299380304949492,3.03759765625,4.170328146318105,0.1124256002756393,4.170662335457792,1.44,0.00127077826,1.8567434999999997,0.3371133107999999,1.1472000000000009,0.13063366352,6.343045234680176,6.018822193145752,0.3242230415344238,0.1414302438497543,11.770031670058382,2.292459,23.0,0.9996898265664176,critical,True,https://di-india-collab.flow-analytics.io/tools/replay/2025-06-01T13:35:26Z,1,9.213411890275603e-10,-20.805190693304535,6.345818858647931
10719585_10719619,2025-06-01 13:37:30.918225050,4,4,1,0.3255372457184258,7.426215648651123,1.7276933193206787,0.0720135537713712,2.277925491333008,4.298341274261475,0.8952465057373047,6.631397503737212,3.17724609375,0.3318046109062712,0.0111486887748114,0.335900597537101,4.32,0.1394093497399999,0.3952269298,0.3992555431999999,1.1136000000000008,0.15813137702,2.887021541595459,0.0489611253142356,2.8380603790283203,0.9787323474884032,2.0679307836049454,2.899731,30.0,0.9999958433587868,moderate,True,https://di-india-collab.flow-analytics.io/tools/replay/2025-06-01T13:37:30Z,1,0.19096500405224304,-1.6556650925805982,2.6840639804642468
10720901_10720949,2025-06-01 13:39:09.963480949,4,4,1,0.3166413183230573,7.498567581176758,1.8452458381652832,-0.5336940363641104,2.0821847915649414,4.063722610473633,3.3571743965148926,0.0,3.200439453125,1.2958902366207383,0.0454548249272297,1.3100005963739103,3.84,0.0015052288,1.562163909999999,0.3671220226,1.1520000000000008,0.1736763129999999,3.0252673625946045,0.4996863007545471,2.525581121444702,0.8722522258758545,2.39130368271427,2.895471,30.0,0.9911575496408924,moderate,True,https://di-india-collab.flow-analytics.io/tools/replay/2025-06-01T13:39:09Z,1,0.9707063631521656,-0.0297312630653268,2.7137782314005157
10721387_10721469,2025-06-01 13:39:53.651503086,4,4,1,0.055333396935204,6.2407989501953125,0.7608619332313538,-0.1213487680726156,0.8585795164108276,8.202275276184082,0.8952465057373047,-0.3321519700684454,3.2822265625,0.5718082466851112,0.0131216615424533,0.5721688804742907,8.16,0.0825755927999999,0.9752890345999998,0.4510961641999998,1.1520000000000008,0.1209499300999999,1.3657597303390503,0.023197753354907,1.342561960220337,0.4488216638565063,2.1203728140641127,2.991304,31.0,0.9981230568381172,moderate,True,https://di-india-collab.flow-analytics.io/tools/replay/2025-06-01T13:39:53Z,1,0.30906988097685295,-1.1741878756242565,2.588757490102039
10722132_10722185,2025-06-01 13:40:27.683857918,4,4,1,0.0692442495384872,7.484179496765137,0.9790182709693908,-0.1987414667195417,1.3498539924621582,7.644576072692871,12.30963897705078,18.99837798124031,3.12548828125,3.666064712326476,0.0888819201356536,3.6664997890529056,5.76,0.00144582128,1.8065270399999995,0.3563515932000001,1.1424000000000007,0.1421360053,2.9069511890411377,1.3591783046722412,1.5477728843688965,0.5214930176734924,2.444148778934204,2.967965,31.0,0.993534149368976,moderate,True,https://di-india-collab.flow-analytics.io/tools/replay/2025-06-01T13:40:27Z,1,0.3270422669260371,-1.1176658597832576,3.063912891528198
10722185_10722254,2025-06-01 13:40:31.267149925,4,4,1,0.0429284712703161,7.34915018081665,0.7650987505912781,-0.067759634417409,0.3072472810745239,9.60549259185791,0.8952465057373047,2.2020450271824417,3.13525390625,0.644476460261748,0.0134720080406829,0.6466126430532039,9.6,0.08967544086,1.024361529,0.3905544603999998,1.1616000000000009,0.1209499300999999,1.486351728439331,0.0811165273189544,1.4052351713180542,0.4710350632667541,1.108695208357752,2.983292,31.0,0.9983607733729436,low,True,https://di-india-collab.flow-analytics.io/tools/replay/2025-06-01T13:40:31Z,1,0.5212783557821484,-0.6514711077666702,3.573609615376602
10722312_10722456,2025-06-01 13:41:04.142942905,4,4,1,0.2533929156458802,6.854033946990967,1.5337271690368652,0.0200838080807623,1.591679573059082,4.468874454498291,23.05259704589844,12.297977722334508,3.0849609375,3.2010454537494937,0.1067710011842128,3.206308002207545,3.6,0.0014659861,1.8616069539999995,0.3188528192000001,1.1472000000000009,0.142918986,2.3785204887390137,1.132324457168579,1.2461960315704346,0.429290235042572,2.4934260869410623,2.902922,30.0,0.992018841588306,moderate,True,https://di-india-collab.flow-analytics.io/tools/replay/2025-06-01T13:41:04Z,1,0.11674752109936978,-2.147741615212122,3.535615192727292
10722456_10722943,2025-06-01 13:41:09.557677031,4,4,1,5.995613943615134,7.460867881774902,4.678954124450684,-4.636929325836161,-0.550706148147583,1.594558835029602,6.042913913726807,-4.517612982673279,3.0546875,3.748639731100474,0.2313447157751076,3.748888547854988,1.2,0.00158574904,2.099771285999999,0.2871835712,1.152000000000001,0.4311657618000001,1.6981635093688965,4.163915157318115,-2.4657516479492188,-0.8251404762268066,8.48504538383956,2.988281,29.0,0.96328826371891,critical,True,https://di-india-collab.flow-analytics.io/tools/replay/2025-06-01T13:41:09Z,1,5.009437692544873e-40,-90.49208004798109,11.803148408476979
10723031_10723086,2025-06-01 13:41:15.451478004,4,4,1,0.2647439017734438,7.477179050445557,1.8498588800430296,-1.5448075233731746,1.337143898010254,4.042026519775391,13.652509689331056,27.36764797905101,2.9150390625,4.452352622367597,0.1580298442621567,4.452930689291359,2.64,0.00140664828,1.9817278499999995,0.307620853,1.1472000000000009,0.1722116302,6.592621326446533,3.940439224243164,2.652182102203369,0.8853110074996948,3.076856018312576,2.995763,31.0,0.9676483925400636,moderate,True,https://di-india-collab.flow-analytics.io/tools/replay/2025-06-01T13:41:15Z,1,4.896003350860475e-05,-9.924506235352661,5.1856214755906835
10723701_10724190,2025-06-01 13:42:12.862915993,4,4,1,0.1120485227965056,6.203272819519043,1.209900140762329,-0.5541112347302705,0.7813352346420288,5.127094745635986,6.266725540161133,5.865462340529572,3.091064453125,0.8935094656006686,0.0272154840076971,0.8938202713770632,5.04,0.03082549534,1.0992364645999997,0.3691943401999999,1.156800000000001,0.1452905555,1.0829766988754272,1.7417677640914917,-0.6587910652160645,-0.2199952155351638,0.8464709557226948,2.99457,31.0,0.9954838479574328,low,True,https://di-india-collab.flow-analytics.io/tools/replay/2025-06-01T13:42:12Z,1,1.312869421651551,0.2722151399955162,2.109314325031514
10725245_10725289,2025-06-01 13:43:08.451318026,4,4,1,0.2165701701091432,7.483461380004883,1.3521924018859863,0.4938755427880643,1.7940900325775146,5.5343170166015625,0.5595290660858154,-4.792628192553836,3.11279296875,0.2762024761547279,0.0079724632898625,0.2763547175852814,5.52,0.12977376328,0.4010442964000001,0.4103744683999998,1.1424000000000007,0.14398925352,2.438755512237549,0.0081333797425031,2.430622100830078,0.8117876648902893,1.8229279149672013,2.99416,31.0,0.9998280808576095,low,True,https://di-india-collab.flow-analytics.io/tools/replay/2025-06-01T13:43:08Z,1,3.1311079868715734,1.1413869313284288,2.4267060929924638
10725459_10726165,2025-06-01 13:43:59.726160049,4,4,1,0.0449153637733322,7.037844181060791,0.712491512298584,0.5470217035586423,0.3712568283081054,9.877793312072754,1.45477557182312,-5.182492984973391,3.185302734375,1.8121324455390693,0.0375251533664312,1.813720628854193,9.12,0.00154367736,1.8033415019999997,0.3668596752000001,1.1520000000000008,0.12656286128,2.0905182361602783,3.011023998260498,-0.9205057621002196,-0.3082793354988098,1.2729928747565202,2.985947,31.0,0.991394699065476,low,True,https://di-india-collab.flow-analytics.io/tools/replay/2025-06-01T13:43:59Z,1,0.49609570283253496,-0.7009864216103807,3.3678145195193014
10725556_10725596,2025-06-01 13:43:25.334470987,4,4,1,0.2039925767841016,7.461162567138672,1.6583596467971802,-1.281775308848414,-0.4687166213989258,4.499122142791748,2.0143046379089355,2.023888203929387,3.192626953125,0.0455631641909891,0.0014692731617102,0.1110184563766304,4.56,0.1406687332199999,0.4902022078399999,0.4263061722,1.132800000000001,0.1537565438199999,4.899454593658447,3.8065671920776367,1.0928874015808103,0.3642965257167816,2.163448678228861,2.999994,31.0,0.9961406350575884,moderate,True,https://di-india-collab.flow-analytics.io/tools/replay/2025-06-01T13:43:25Z,1,9.187540546377723e-05,-9.29507718722983,5.685479241346983
10725692_10725736,2025-06-01 13:43:39.333786964,4,4,1,0.2718422522979337,6.42269229888916,1.5223112106323242,-0.1366668690862889,1.5463247299194336,4.219040393829346,1.7904930114746094,-4.011327891331604,3.328125,0.2397337506076773,0.0081264797945299,0.2897602458258125,4.32,0.1179773354799999,0.3958112384000001,0.4344875131999999,1.1472000000000009,0.14163936342,1.9082069396972656,0.0410501919686794,1.867156744003296,0.6250388622283936,2.1084656147162137,2.987265,31.0,0.9999718159510902,moderate,True,https://di-india-collab.flow-analytics.io/tools/replay/2025-06-01T13:43:39Z,1,0.4541863268053607,-0.7892477536709865,2.2328742355452014
10726858_10726895,2025-06-01 13:44:39.487173080,4,4,1,0.1073182055929904,7.475085735321045,1.120458960533142,0.1549684521168676,0.9411109685897828,6.671449661254883,1.5666813850402832,0.0,3.067626953125,0.2938488045725445,0.0075911588523812,0.3011696761430759,6.72,0.11753283442,0.4037625107,0.3965517933999999,1.1280000000000008,0.14459406562,1.307370901107788,0.3075631856918335,0.9998077154159546,0.3461066782474518,1.6518651258449872,2.8887270000000003,30.0,0.9999739704388402,low,True,https://di-india-collab.flow-analytics.io/tools/replay/2025-06-01T13:44:39Z,1,1.0092809254764794,0.009238122319086817,3.1276378133825418
10726895_10726919,2025-06-01 13:44:42.375900984,4,4,1,0.1259506688273922,6.128287315368652,1.258901596069336,-0.7865424135045874,0.8116573095321655,4.867963790893555,1.7904930114746094,-3.720211547272979,3.097900390625,0.2016234571307137,0.0062683950839268,0.2165368302449703,4.8,0.11147922608,0.6051431704000002,0.3915157685999998,1.1424000000000007,0.14097289092,1.119220495223999,0.0201679412275552,1.0990525484085083,0.3787018358707428,1.0777752667385427,2.902158,30.0,0.9999975798311108,low,True,https://di-india-collab.flow-analytics.io/tools/replay/2025-06-01T13:44:42Z,1,2.1889111035547786,0.7834042071883567,2.8691245529656766
10726989_10727015,2025-06-01 13:44:46.785315990,4,4,1,0.176968343951024,6.452898025512695,1.2427786588668823,0.0354654553995829,1.142331838607788,5.192314624786377,0.2238116264343261,3.3697804630223014,3.115478515625,0.23923113658408,0.007165669976073,0.2667160153821435,5.279999999999999,0.10865182038,0.3903437436,0.3887344351999998,1.1424000000000007,0.14279593042,1.7505639791488647,0.0684308782219886,1.6821330785751345,0.5818186402320862,2.258734900036268,2.891164,30.0,0.9992244161253084,moderate,True,https://di-india-collab.flow-analytics.io/tools/replay/2025-06-01T13:44:46Z,1,0.7723241693158838,-0.258350908653974,3.159526448338694
10727015_10727040,2025-06-01 13:44:48.185941935,4,6,1,0.3023634036651251,6.802404403686523,1.6645963191986084,0.0472480846899412,1.82475745677948,4.08651876449585,0.2238116264343261,-0.5652356925911666,3.437255859375,0.0549615004149567,0.00187938102084,0.0559382092308391,4.08,0.13589084622,0.5126710171,0.4274753226,1.132800000000001,0.1541098266199999,2.151727199554444,0.0473602376878261,2.104367017745972,0.7029100060462952,5.363595005139079,2.993793,31.0,0.9986363132455132,serious,True,https://di-india-collab.flow-analytics.io/tools/replay/2025-06-01T13:44:48Z,1,0.4068034254221721,-0.8994251944346976,2.750051019664412
10727015_10727040,2025-06-01 13:45:25.256175041,4,6,1,0.031537798669856,6.005714416503906,0.5248081684112549,0.3005313447540454,0.4584479331970215,11.44363784790039,0.2238116264343261,-2.2038051303487367,3.437255859375,0.2059187302608,0.0038470696288266,0.2112509245541896,11.52,0.09391067814,0.60023003884,0.4543672007999999,1.1376000000000008,0.10316864334,1.630257248878479,0.0398767814040184,1.5903804302215576,0.5493416786193848,2.3116798239768563,2.895066,30.0,0.9996620448510662,moderate,True,https://di-india-collab.flow-analytics.io/tools/replay/2025-06-01T13:45:25Z,1,0.004016891827368068,-5.517246852678538,4.106940870607798
10727040_10727384,2025-06-01 13:45:26.352670908,6,4,1,0.0743300221077641,6.129860877990723,0.8688920140266418,-0.1026899737109071,0.9790982604026794,7.054801940917969,3.3571743965148926,-5.803183580233927,3.33447265625,1.5636114551998277,0.0395305921791187,1.567068596814314,6.48,0.0014075006,1.7548456759999993,0.3842236892,1.1472000000000009,0.1326779957,1.8869869709014893,0.0216159932315349,1.8653709888458248,0.6226323246955872,2.891183566216548,2.995943,31.0,0.9976418944620592,moderate,True,https://di-india-collab.flow-analytics.io/tools/replay/2025-06-01T13:45:26Z,1,1.0243567733515955,0.024064877412299405,2.715312072753883
10727709_10727825,2025-06-01 13:45:49.343110085,4,4,1,0.093280165779411,5.9248762130737305,0.9169940948486328,-0.1554051763972055,0.8266094326972961,6.461193561553955,9.623899459838867,1.3112937357992216,3.174560546875,0.8487821063168748,0.0225161389406893,0.8527421454138064,6.24,0.0397968212799999,1.0167041200000002,0.3903130871999998,1.156800000000001,0.13559303686,1.1471441984176636,0.3154598474502563,0.8316843509674072,0.2861578464508056,1.283438168958564,2.906383,30.0,0.9999634524095686,low,True,https://di-india-collab.flow-analytics.io/tools/replay/2025-06-01T13:45:49Z,1,2.818769756976544,1.0363005333712212,2.0804175272751295
10728433_10728623,2025-06-01 13:46:56.692100048,4,4,1,0.0902653492960908,6.556102752685547,1.0526986122131348,0.4435762248487495,1.5590252876281738,6.227900981903076,17.00968360900879,-2.095723809175377,3.195556640625,2.2145410028190846,0.0604526843665837,2.2145430409978784,5.52,0.00144582128,1.8078425299999996,0.3752342510000001,1.1472000000000009,0.1425559072999999,1.9643025398254397,0.0109802596271038,1.9533222913742063,0.6764916777610779,3.215334948132281,2.88743,30.0,0.9822073665905998,moderate,True,https://di-india-collab.flow-analytics.io/tools/replay/2025-06-01T13:46:56Z,1,2.2671737111233354,0.8185339945815374,2.1624891491620466
10728835_10728862,2025-06-01 13:46:49.393213034,4,4,1,0.083135317349044,6.796875,1.0215011835098269,0.1258432506686024,1.3429738283157349,6.653810024261475,5.595290660858154,2.7869597085618607,3.195068359375,1.051491858014746,0.0274505550291191,1.0515997052122266,6.48,0.00154367736,1.2041838846,0.4097904717999999,1.156800000000001,0.1458879114,1.664197564125061,1.081338882446289,0.582858681678772,0.2009224891662597,2.061685862973203,2.900913,30.0,0.9957263050420302,moderate,True,https://di-india-collab.flow-analytics.io/tools/replay/2025-06-01T13:46:49Z,1,0.4456748021575285,-0.8081657360607775,1.9863759584387506
10729075_10729192,2025-06-01 13:47:40.857564926,4,4,1,0.0542762929783796,6.468471527099609,0.7588954567909241,-0.1433004378054808,0.5834682583808899,8.523534774780273,3.3571743965148926,-1.4535594116118276,3.0146484375,0.1745318906608567,0.0038820496397636,0.1959475028908509,8.4,0.1010706320999999,0.5389610659400003,0.3990690091999999,1.1472000000000009,0.1149450947999999,0.9276902079582214,0.0199873521924018,0.9077028632164,0.3032804429531097,1.7281957495807805,2.992949,31.0,0.999802374504328,low,True,https://di-india-collab.flow-analytics.io/tools/replay/2025-06-01T13:47:40Z,1,1.9077130192630545,0.6459051525222268,2.752658966692999
10729075_10729192,2025-06-01 13:48:27.819216967,4,4,1,0.2652483622758501,6.979053020477295,1.5852378606796265,-0.0912180609734384,1.4657307863235474,4.402527332305908,21.7097282409668,0.7196965560546382,3.0146484375,2.023486840217775,0.0678795867538162,2.0250200398006903,4.08,0.00144582128,1.8078425299999996,0.3391117566000001,1.1376000000000008,0.1484606808,1.800535798072815,0.0151066146790981,1.7854292392730713,0.5952686667442322,1.6649178077812228,2.999367,31.0,0.9852714615075144,low,True,https://di-india-collab.flow-analytics.io/tools/replay/2025-06-01T13:48:27Z,1,0.295402332050749,-1.2194170143637209,3.0372261206935587
10729192_10730251,2025-06-01 13:48:29.300764084,4,4,1,0.3700635927598151,6.245913505554199,1.7302451133728027,0.0275115553806779,2.106947422027588,3.609843254089356,11.63820457458496,-10.419432685487454,2.992431640625,1.394209891182023,0.0525070881185335,1.399731816899481,3.36,0.00130964452,1.535456743999999,0.3430611842000001,1.1472000000000009,0.1519130584,2.4415299892425537,0.0566154234111309,2.3849146366119385,0.8209779262542725,2.2871805913348013,2.904968,30.0,0.9878071535971048,moderate,True,https://di-india-collab.flow-analytics.io/tools/replay/2025-06-01T13:48:29Z,1,0.1929379365161267,-1.6453867142480627,3.058377390038731
10730043_10730278,2025-06-01 13:48:28.018915892,4,4,1,0.1968156574573538,6.220854759216309,1.358546495437622,0.1385832043700829,1.5578325986862185,4.579051971435547,11.63820457458496,-2.1431108939777985,3.06689453125,1.0809322853731045,0.0352659321536401,1.0933688209946106,4.56,0.0014075006,1.2041838846,0.394458518,1.1520000000000008,0.1487336805,1.907423496246338,0.0562561154365539,1.8511674404144287,0.6178619265556335,2.276199496056119,2.996086,31.0,0.9955334366179988,moderate,True,https://di-india-collab.flow-analytics.io/tools/replay/2025-06-01T13:48:28Z,1,0.4673045976377351,-0.7607739905958555,2.143695499302468
10731282_10731309,2025-06-01 13:49:23.067205906,4,6,1,0.0331026497583106,6.83089542388916,0.6302371621131897,-0.0539353019522922,0.5185683369636536,10.838610649108888,0.2238116264343261,0.0894119166573597,3.40185546875,0.3322679111425653,0.0064333484701328,0.3323686245539586,10.8,0.1016237591999999,0.5000897838999999,0.4501036563999999,1.1184000000000007,0.1152181377799999,0.8902294635772705,0.0389813780784606,0.8512480854988098,0.2838268578052521,0.864960787457705,2.999181,31.0,0.9994183923594931,low,True,https://di-india-collab.flow-analytics.io/tools/replay/2025-06-01T13:49:23Z,1,0.11142081499105952,-2.1944411198312297,3.226534986258418
10731578_10731902,2025-06-01 13:49:59.152823925,4,4,1,0.034896915979175,7.494399070739746,0.6372760534286499,0.0353299679340722,0.7441132068634033,11.760051727294922,0.5595290660858154,-1.1304409604657155,3.15234375,1.1921563244323987,0.0221843224060681,1.1927345157242666,11.52,0.00154367736,1.5474170399999991,0.3692773638000001,1.156800000000001,0.12306269876,3.818117380142212,2.4317517280578613,1.3863656520843506,0.479588508605957,2.037872040767986,2.89074,30.0,0.999847341041616,moderate,True,https://di-india-collab.flow-analytics.io/tools/replay/2025-06-01T13:49:59Z,1,0.10905091178664948,-2.215940425189724,3.3029515876025237
10732762_10733095,2025-06-01 13:51:25.267466068,4,4,1,0.256710005345037,7.439765453338623,1.6763497591018677,-1.119348820169139,1.8402156829833984,4.438074588775635,6.266725540161133,0.8728140953377813,2.962158203125,2.4704328668333284,0.0825918167346586,2.4779774595502406,3.84,0.00144582128,1.8065270399999995,0.3364369648,1.1472000000000009,0.1529583592,6.316944599151611,1.856062889099121,4.46088171005249,1.5256870985031128,3.2832983346765907,2.923851,30.0,0.9833270404621792,moderate,True,https://di-india-collab.flow-analytics.io/tools/replay/2025-06-01T13:51:25Z,1,0.19398441911100756,-1.6399774370049256,2.9161576911466525
10732793_10732806,2025-06-01 13:51:01.143455982,4,4,1,0.0719361111991197,5.388614654541016,0.7817800045013428,-0.1852465183097041,0.6938194632530212,6.8927507400512695,3.804797649383545,0.8491100176063666,3.11328125,1.028185266338146,0.0262794597638877,1.0300695184746635,6.72,0.0014075006,1.2101626960000005,0.4024951305999999,1.156800000000001,0.12755418512,1.0756118297576904,0.0110718077048659,1.0645400285720823,0.3549279272556305,1.6107313539312598,2.999313,31.0,0.99987864468124,low,True,https://di-india-collab.flow-analytics.io/tools/replay/2025-06-01T13:51:01Z,1,0.17913533052157202,-1.7196137223595969,2.3703032177150423
10732971_10733409,2025-06-01 13:52:32.637017965,4,4,1,0.0330406140127459,7.4789581298828125,0.6542627811431885,0.1275021356338452,1.113692045211792,11.431122779846191,5.48338508605957,5.523430925870702,3.33740234375,2.491112275900449,0.047390316358504,2.491776440433925,10.08,0.0015052288,1.8033415019999997,0.3840186958,1.1520000000000008,0.1227263038,2.625781536102295,0.9016644358634948,1.7241170406341553,0.5946481823921204,2.551892852834333,2.89939,30.0,0.994825658085386,moderate,True,https://di-india-collab.flow-analytics.io/tools/replay/2025-06-01T13:52:32Z,1,0.19315380646971783,-1.644268482739582,3.224353966029194
10733381_10733423,2025-06-01 13:51:43.672030926,4,4,1,0.424282321651556,7.293946743011475,1.9431250095367432,-0.4124092347849039,2.252472400665283,3.753719806671143,1.342869758605957,-1.8997520853371008,3.165283203125,0.216160451632666,0.0078502401021712,0.2775758739222328,3.84,0.1547928683599999,0.4050612184,0.4017321359999999,1.1376000000000008,0.1811284857999999,3.053222417831421,0.2067130953073501,2.8465092182159424,0.9807206392288208,2.9033971663365628,2.902467,30.0,0.9993667210492824,moderate,True,https://di-india-collab.flow-analytics.io/tools/replay/2025-06-01T13:51:43Z,1,2.461678333403782,0.9008433666691138,2.4846620677973887
10733945_10733953,2025-06-01 13:52:52.426244974,4,4,1,0.0539457036491543,5.338630676269531,0.5556766986846924,1.9737011588325764,0.2041864395141601,9.607439994812012,0.6714348793029785,0.5785144392890716,3.111572265625,0.3095547183670493,0.0064369619718905,0.3098638814060135,9.6,0.0905544129199999,0.4892378596999999,0.4068118101999998,1.1232000000000009,0.10394483644,5.63998556137085,8.15325927734375,-2.5132737159729004,-0.8383606672286987,1.5800104250580111,2.997843,31.0,0.999797045300382,low,True,https://di-india-collab.flow-analytics.io/tools/replay/2025-06-01T13:52:52Z,1,2.7952941273846657e-05,-10.484988130488484,5.611622413969352
10733945_10733953,2025-06-01 13:52:53.526801109,4,4,1,0.0418023242698337,4.8492045402526855,0.6817014813423157,1.4653544806218817,0.593050479888916,7.113384246826172,0.8952465057373047,-2.318162761223642,3.111572265625,0.0422806155503853,0.0010371208501279,0.0729245717441141,7.199999999999999,0.0990113830199999,0.44046483718,0.4225717895999999,1.1376000000000008,0.1151563877599999,7.190974712371826,8.655860900878906,-1.46488618850708,-0.5037428140640259,1.756013580908864,2.908004,30.0,0.9999579106677036,low,True,https://di-india-collab.flow-analytics.io/tools/replay/2025-06-01T13:52:53Z,1,3.811229924628877e-05,-10.174973513061904,5.589650589566185
10733945_10733953,2025-06-01 13:52:55.826411009,4,4,1,0.1444865619526053,4.834702014923096,0.653343677520752,0.4962791487456655,0.2454957962036132,7.399937152862549,4.811949729919434,-9.510499006026173,3.111572265625,1.3782293991540242,0.0338360286926225,1.3792698352100332,6.72,0.0014075006,1.5269899879999995,0.3614647158,1.156800000000001,0.1257259316,8.603999137878418,9.67157745361328,-1.0675783157348633,-0.3573200404644012,2.162262310118357,2.987737,25.0,0.9935983441585198,moderate,True,https://di-india-collab.flow-analytics.io/tools/replay/2025-06-01T13:52:55Z,1,1.6798273410930025e-06,-13.296819542989557,5.326208678761433
10733945_10733953,2025-06-01 13:53:01.616427898,4,4,1,0.0281719497651542,4.437747478485107,0.4255924522876739,0.4661704907112656,0.2425384521484375,10.427223205566406,0.3357174396514892,5.6832904998270495,3.111572265625,2.130302848308556,0.0427616486730894,2.1309045953611463,7.92,0.0014075006,1.7904634059999995,0.3570707268,1.1520000000000008,0.11651629686,10.595009803771973,10.5353364944458,0.0596733093261718,0.0664500147104263,1.804058246789221,0.898018,10.0,0.9993795518447685,low,True,https://di-india-collab.flow-analytics.io/tools/replay/2025-06-01T13:53:01Z,1,4.0957772581999924e-22,-49.24691553993273,9.914756604617951
10733949_10734015,2025-06-01 13:52:32.738318920,4,4,1,0.0941650463723942,7.482401371002197,1.0288729667663574,0.0036515094573021,1.0508531332015991,7.272424697875977,4.252420902252197,14.240102404888772,3.2216796875,1.0831880132021054,0.0268243051167196,1.086376161963803,7.199999999999999,0.00154367736,1.2041838846,0.4095107203999999,1.156800000000001,0.1457938996,1.7840863466262815,0.0249389726668596,1.7591474056243896,0.6052709817886353,1.5150567000000477,2.90638,30.0,0.9999849979311388,low,True,https://di-india-collab.flow-analytics.io/tools/replay/2025-06-01T13:52:32Z,1,0.3318564687283008,-1.1030527266517538,2.5043899072128513
10734104_10734372,2025-06-01 13:53:18.603466034,4,4,1,1.7799430724362375,7.246389865875244,2.9996583461761475,0.3786278331401637,4.338308334350586,2.415738344192505,9.53997039794922,-13.598575409700612,3.18505859375,1.1981956293863516,0.0572693455395785,1.2079269532608594,2.4,0.0015262886,1.5422516399999993,0.3492344088000002,1.1424000000000007,0.3070436708000001,5.003921508789063,0.0703808888792991,4.93354082107544,1.66436505317688,4.433380708380429,2.964218,31.0,0.9901728679184896,serious,True,https://di-india-collab.flow-analytics.io/tools/replay/2025-06-01T13:53:18Z,1,0.0006792295891996725,-7.29455135913444,6.065400801789503
10734180_10734197,2025-06-01 13:52:46.730762005,4,4,1,0.0794959305433489,5.617008209228516,0.7844696044921875,-0.2503693290324397,0.8058969378471375,7.160262584686279,2.685739517211914,-3.972680898907678,3.18505859375,0.1691088954228577,0.004172232437806,0.1729569108696672,7.199999999999999,0.1009706572999999,0.4703120145400002,0.4133719475999998,1.1472000000000009,0.1149450947999999,1.1681160926818848,0.0393970794975757,1.1287189722061155,0.389604777097702,1.635867142101533,2.897087,30.0,0.9998531203806966,low,True,https://di-india-collab.flow-analytics.io/tools/replay/2025-06-01T13:52:46Z,1,0.9688343985292879,-0.03166158104690895,2.9674144982172708
10734778_10734873,2025-06-01 13:54:26.841907978,4,4,1,0.3109251978185765,7.427832126617432,1.7017056941986084,-0.038208938765237,2.111504077911377,4.364933490753174,19.919235229492188,-10.295962685197225,3.069580078125,1.6897665035003844,0.0569032860533468,1.692913198843855,4.08,0.00145561094,1.8033415019999997,0.3390816338000001,1.1520000000000008,0.1519130584,2.980645179748535,0.0235581248998641,2.9570870399475098,0.9859684705734252,2.595917230179845,2.99917,31.0,0.9796842050032588,moderate,True,https://di-india-collab.flow-analytics.io/tools/replay/2025-06-01T13:54:26Z,1,0.28932590692213433,-1.2402015206391201,2.6547202632239624
10736245_10737519,2025-06-01 13:56:58.878981113,4,4,1,0.0509869504229303,7.127745151519775,0.6457167863845825,0.3435049520972364,0.9404179453849792,11.038500785827637,12.085827827453612,3.891031650876823,3.080322265625,3.372316369622824,0.065643529568214,3.372734316185923,8.64,0.00144582128,1.8078425299999996,0.356735575,1.1424000000000007,0.12630876654,1.6354546546936035,0.1172225624322891,1.5182321071624756,0.5250048637390137,1.2369206773329493,2.891844,30.0,0.9930251306201294,low,True,https://di-india-collab.flow-analytics.io/tools/replay/2025-06-01T13:56:58Z,1,0.06435921904654787,-2.7432750910747083,3.583127589230894
10736245_10737816,2025-06-01 13:57:32.552064896,4,4,1,0.4827022645913733,7.429112434387207,2.121321678161621,-0.3205575156605376,1.9239870309829712,3.50211501121521,3.804797649383545,-1.9869278694879404,3.054931640625,0.683978733581936,0.026098137018781,0.724703503457085,3.36,0.0748955338599999,0.9072942127999998,0.3784089145999999,1.176000000000001,0.2231339737999999,2.3451390266418457,1.0307183265686035,1.3144207000732422,0.451179951429367,1.7541536749802606,2.913296,30.0,0.9965706129583962,low,True,https://di-india-collab.flow-analytics.io/tools/replay/2025-06-01T13:57:32Z,1,0.17472428571241086,-1.7445460576947731,3.1719329504859135
10736245_10737816,2025-06-01 13:57:41.247443914,4,4,1,0.0334720671644004,6.890096187591553,0.6558564901351929,0.6842878671036922,0.4924874305725097,10.505494117736816,12.981074333190918,29.08711354147644,3.054931640625,5.302595157436631,0.1066444347668954,5.302729068396286,4.32,0.0014659861,1.8616069539999995,0.3404858378,1.1424000000000007,0.12779928474,2.796862840652466,2.182819366455078,0.6140434741973877,0.2050064951181411,1.004689900162783,2.995239,31.0,0.9951725042521375,low,True,https://di-india-collab.flow-analytics.io/tools/replay/2025-06-01T13:57:41Z,1,0.0003121873217434638,-8.071907160113472,4.943083015197972
10736612_10736680,2025-06-01 13:56:09.368570089,4,4,1,0.0610736960915448,6.812638282775879,0.8097648620605469,-0.1231000122591164,1.0495485067367554,8.413106918334961,14.323944091796877,-4.657403596838129,3.12060546875,2.3044117727698565,0.0525976714080518,2.304429509196149,7.439999999999999,0.00145561094,1.8033415019999997,0.3572236528,1.1520000000000008,0.1242588888199999,2.0852255821228027,0.0307711977511644,2.0544543266296387,0.6860345005989075,2.349153687966791,2.994681,31.0,0.9583500664268424,moderate,True,https://di-india-collab.flow-analytics.io/tools/replay/2025-06-01T13:56:09Z,1,2.5533711677696163,0.9374145126389503,2.441310905201779
10738147_10738198,2025-06-01 13:57:55.961700916,4,4,1,0.6817180505815509,7.397634029388428,2.417531728744507,-0.319342854825903,2.597586154937744,3.059994697570801,3.804797649383545,-2.2833965196756645,2.98583984375,0.1320943387160127,0.00539987123577,0.1979631695642051,3.12,0.19368617524,0.5721162691600002,0.3879784766,1.1376000000000008,0.2727949189999999,3.1447649002075195,0.1753844916820526,2.9693803787231445,0.9979007840156556,2.837676117942663,2.975627,31.0,0.9997237434530604,moderate,True,https://di-india-collab.flow-analytics.io/tools/replay/2025-06-01T13:57:55Z,1,0.008348143573133564,-4.785716091408419,4.411502947482001
10738369_10738629,2025-06-01 13:59:22.577939987,4,4,1,0.0638743068078346,6.717193126678467,0.9551091194152832,0.2482165300775079,1.3404754400253296,7.032906532287598,12.085827827453612,7.188291412245399,3.155029296875,2.356134645952965,0.0598488306168947,2.357290791262876,6.24,0.00145561094,1.8078425299999996,0.3572236528,1.1472000000000009,0.1391263526999999,1.8050602674484253,0.091156430542469,1.713903784751892,0.5744003653526306,1.5093824998285377,2.983814,31.0,0.9512434256233686,low,True,https://di-india-collab.flow-analytics.io/tools/replay/2025-06-01T13:59:22Z,1,2.817991133312724,1.0360242670246698,2.574091936298128
10738589_10739182,2025-06-01 13:59:00.987150908,4,4,1,0.1153399112967763,7.453243732452393,1.2598745822906494,-0.1407547487212577,1.0106217861175537,5.9158616065979,3.5809860229492188,23.424299536606664,3.231689453125,1.0006394720008,0.0280091141426598,1.0025951677085323,5.76,0.00154367736,1.2071049006,0.4004908901999999,1.156800000000001,0.1462523667,1.7056227922439575,0.8108201026916504,0.8948026895523071,0.3037052154541015,1.4085328837081714,2.946287,31.0,0.999249466503787,low,True,https://di-india-collab.flow-analytics.io/tools/replay/2025-06-01T13:59:00Z,1,0.37517762559450646,-0.9803556969051037,2.17182114290094
10739182_10739200,2025-06-01 13:58:59.154567003,4,4,1,0.139314440189626,7.458118915557861,1.4238935708999634,-0.8954118732245496,2.1147162914276123,5.237834453582764,1.7904930114746094,2.7566770774184137,2.95166015625,2.5971615132182206,0.078691627683113,2.597969854190239,4.56,0.00144582128,1.8065270399999995,0.3375446660000001,1.1472000000000009,0.1535012532,5.426670551300049,1.3437023162841797,4.082968235015869,1.3955745697021484,3.538576199510171,2.925654,30.0,0.9859583407678584,moderate,True,https://di-india-collab.flow-analytics.io/tools/replay/2025-06-01T13:58:59Z,1,0.9493732910563559,-0.051953205706024366,2.437520877658272
10739182_10739200,2025-06-01 13:59:22.682712078,4,4,1,0.0310644852014203,7.116497039794922,0.5970152616500854,0.1919475767994796,0.7231044769287109,11.920125961303713,4.476232528686523,-3.560293336042548,2.95166015625,2.269755227417973,0.0420871992257167,2.2705020581244284,10.8,0.00154367736,1.8033415019999997,0.3573520922,1.1520000000000008,0.1257259316,3.1165904998779297,3.277307748794556,-0.1607172489166259,-0.053870789706707,0.9728767792831068,2.983384,31.0,0.997620489283644,low,True,https://di-india-collab.flow-analytics.io/tools/replay/2025-06-01T13:59:22Z,1,0.040276302870236966,-3.2119920010882135,4.040592028160753
10739367_10739464,2025-06-01 13:59:15.882837057,4,4,1,0.6073558759833426,7.452273368835449,2.424123525619507,-1.2442755722909966,2.2566027641296387,3.07421350479126,1.230963945388794,2.604490761046967,3.32958984375,0.0179913710704277,0.0007232738479868,0.11248417891411,3.12,0.20299714326,0.4965234205399999,0.421249528,1.1376000000000008,0.2781543085999999,2.5951967239379883,0.6371702551841736,1.95802640914917,0.6548948884010315,2.130852799836298,2.989833,31.0,0.9999665387476528,moderate,True,https://di-india-collab.flow-analytics.io/tools/replay/2025-06-01T13:59:15Z,1,0.0035547298313066784,-5.639476215434337,4.62473251152805
10739452_10740421,2025-06-01 14:00:26.371515989,4,4,1,0.0368523918069929,7.458059787750244,0.6626316905021667,-0.0463666644271469,0.7539442777633667,11.25521183013916,26.85739517211914,2.365450163590193,3.213134765625,3.4889241417020576,0.0671469219811618,3.4895465651500475,8.879999999999999,0.00144582128,1.8078425299999996,0.383788189,1.1424000000000007,0.12630876654,1.910051703453064,0.9694311022758484,0.9406206011772156,0.3252184689044952,1.8241738019742453,2.892273,30.0,0.9979633424796072,low,True,https://di-india-collab.flow-analytics.io/tools/replay/2025-06-01T14:00:26Z,1,0.021701601001523567,-3.8303692422851965,3.825401179377686
10740421_10740512,2025-06-01 14:00:39.465569973,4,4,1,0.3462429656850336,7.37639045715332,1.8943352699279783,-0.9922597458250304,1.0405850410461426,3.8939201831817623,18.562376022338867,-4.2857994202002745,3.150634765625,0.8235845430254156,0.0295386060386278,0.8236483549117476,3.84,0.0541424495999999,1.0218490152,0.3876399395999999,1.1616000000000009,0.1796612471999999,1.3521040678024292,1.5211970806121826,-0.1690930128097534,-0.0566726177930831,1.7061153735662271,2.983681,31.0,0.9961076680939384,low,True,https://di-india-collab.flow-analytics.io/tools/replay/2025-06-01T14:00:39Z,1,0.4533451059799834,-0.7911016201838468,2.682108762483874
10740936_10740969,2025-06-01 14:01:05.645989895,4,4,1,0.11482048407588,6.986175060272217,1.1122910976409912,0.0845581950278574,1.2132006883621216,6.280887126922607,1.5666813850402832,0.2102839250952704,3.2646484375,0.269063824865446,0.0072008923827748,0.2713490107675558,6.24,0.1121454808199999,0.3897650629000001,0.4423969247999998,1.1376000000000008,0.14459406562,1.9177560806274412,0.0405543409287929,1.877201795578003,0.6275449991226196,2.323144887967378,2.991342,31.0,0.999802544938903,moderate,True,https://di-india-collab.flow-analytics.io/tools/replay/2025-06-01T14:01:05Z,1,2.3988940776001444,0.8750078301525529,2.253441112331318
10741024_10741063,2025-06-01 14:01:09.985940933,4,4,1,0.0311973617613117,7.226524353027344,0.6176806092262268,0.1746492576248639,0.6304876804351807,11.699451446533203,0.3357174396514892,-0.2758333212737949,3.28515625,0.169221036090348,0.0031157989281706,0.1742054016747364,11.76,0.1059214968199999,0.4698401355200002,0.4521169248,1.1424000000000007,0.1115969630799999,2.2248332500457764,0.1296427845954895,2.095190525054932,0.6991589069366455,1.861575116985248,2.99673,31.0,0.9999397030338066,low,True,https://di-india-collab.flow-analytics.io/tools/replay/2025-06-01T14:01:09Z,1,0.020544642978288303,-3.885155054345173,3.883741193309429
10741356_10741376,2025-06-01 14:01:45.136629105,4,4,1,0.181795175021734,6.426568508148193,1.3448413610458374,0.2078314392421389,1.2693824768066406,4.77868127822876,2.573833703994751,0.546884612584404,3.185546875,0.2923372878730151,0.0092134084963313,0.2953406587930759,4.8,0.1157334826799999,0.3962403384000001,0.4220148127999998,1.1376000000000008,0.14398925352,1.5993229150772097,0.0399137660861015,1.5594091415405271,0.5365093946456909,2.152726426491773,2.906583,30.0,0.9990255581800292,moderate,True,https://di-india-collab.flow-analytics.io/tools/replay/2025-06-01T14:01:45Z,1,2.859842103418473,1.050766414712771,1.932295382524294
10741662_10741696,2025-06-01 14:02:22.388648033,4,4,1,0.0355855743095073,7.472959518432617,0.7008718252182007,-0.0869037512098076,0.7446787357330322,10.662376403808594,0.2238116264343261,-2.613220129034132,3.37451171875,0.1694938114736887,0.0032983707003693,0.1825983153684358,10.56,0.11144694342,0.4966709270200002,0.4509477743999999,1.1424000000000007,0.1134148674599999,4.164017200469971,2.800220251083374,1.363796949386597,0.4567372798919678,2.131057138826728,2.985955,31.0,0.9999762364072812,moderate,True,https://di-india-collab.flow-analytics.io/tools/replay/2025-06-01T14:02:22Z,1,0.08744047217774105,-2.4367970351085226,3.6054291345841665
10741809_10741855,2025-06-01 14:03:02.481890917,4,4,1,1.0410287043777562,4.632028579711914,1.969287395477295,-0.4377680738550633,3.488838195800781,2.3521344661712646,3.9586682319641113,11.57465396256097,3.01318359375,0.6162644010163104,0.0297883565052455,0.6414095805333748,2.4,0.0998846602199999,1.0029908606000002,0.4025758773999998,1.1664000000000008,0.1746064695999999,4.605909824371338,4.585292816162109,0.0206170082092285,0.0068961391225457,7.411253820023266,2.989645,19.0,0.9909313782726612,critical,True,https://di-india-collab.flow-analytics.io/tools/replay/2025-06-01T14:03:02Z,1,1.5435485240587524e-18,-41.01244767174711,9.855459875617166
10741855_10741935,2025-06-01 14:03:08.874264002,4,4,1,0.0965996095434462,5.639068126678467,0.9206764698028564,0.0885424721439657,0.8850259780883789,6.124918460845947,0.0,-0.738299119412494,2.94775390625,0.6058639494391627,0.0165532198342671,0.6079405505077451,6.0,0.0821555265999999,1.0718369675999997,0.4036516283999999,1.156800000000001,0.13428781866,1.5035020112991333,0.937434732913971,0.5660672783851624,0.1887720227241516,1.0669550043550708,2.998682,31.0,0.9751156055460662,low,True,https://di-india-collab.flow-analytics.io/tools/replay/2025-06-01T14:03:08Z,1,0.7989803973497625,-0.2244188674970977,2.9609808366431154
10742069_10742815,2025-06-01 14:03:43.550272942,4,4,1,0.1776541749271244,7.436569690704346,1.57151460647583,-1.0677970982653031,1.356525182723999,4.73210334777832,19.47161102294922,2.5179943977933883,3.30517578125,1.5295821805439938,0.0490540693267657,1.5302472845962378,4.56,0.0015052288,1.7406244859999995,0.3618837232,1.1520000000000008,0.1419170685999999,2.6443111896514893,2.06192946434021,0.5823817253112793,0.1946747303009033,1.371955961527202,2.991563,31.0,0.9929476188676076,low,True,https://di-india-collab.flow-analytics.io/tools/replay/2025-06-01T14:03:43Z,1,0.2544801038443687,-1.3685326234763808,3.4449994690348964
10743368_10743388,2025-06-01 14:04:28.586143970,4,4,1,0.0611676225310127,6.57411527633667,0.8889005780220032,0.118757291556177,0.6480076313018799,7.395782470703125,1.5666813850402832,-6.498753307798691,3.009765625,0.4397476997102307,0.0107135645734382,0.4451085744696523,7.439999999999999,0.0925347711199999,0.8478287628000004,0.3950614643999999,1.1376000000000008,0.1253597199799999,1.2307828664779663,0.1037426069378852,1.1270402669906616,0.3757216930389404,1.6464328114539826,2.999668,31.0,0.9999965833077986,low,True,https://di-india-collab.flow-analytics.io/tools/replay/2025-06-01T14:04:28Z,1,6.545088824500143,1.8787149706219723,2.4820235751309765
10744149_10744187,2025-06-01 14:05:35.048474073,4,4,1,0.3934859332974935,7.393845081329346,1.9679256677627563,-0.1533983412649071,2.335401058197021,3.7571771144866943,3.804797649383545,12.868654020462138,2.94775390625,1.022099605911006,0.0375046096849813,1.036083384924967,3.6,0.00154367736,1.2071049006,0.3828941973999999,1.1520000000000008,0.1775432475999999,3.596602201461792,0.0408076830208301,3.555794477462769,1.1905604600906372,3.365634403993404,2.986656,31.0,0.9995350762324018,moderate,True,https://di-india-collab.flow-analytics.io/tools/replay/2025-06-01T14:05:35Z,1,0.014401084440880384,-4.240451766841246,3.925581634498085
10745352_10745383,2025-06-01 14:07:20.055943966,4,4,1,0.8121499477368318,7.461150169372559,2.4443399906158447,-0.2734990583474807,3.262300968170166,3.052419185638428,6.714348793029785,-6.029894665646001,3.152587890625,1.4545042165315467,0.0605548025560719,1.4612842168791125,2.88,0.0015262886,1.7451255139999995,0.3461798940000001,1.1472000000000009,0.2742516992,3.860856533050537,0.0686046034097671,3.7922518253326416,1.2668524980545044,3.3808354067498154,2.993444,31.0,0.9975050833816784,moderate,True,https://di-india-collab.flow-analytics.io/tools/replay/2025-06-01T14:07:20Z,1,0.014736221728348757,-4.217446752870337,5.042012146998605
10746463_10746501,2025-06-01 14:09:34.261672020,4,4,1,0.0796185164296922,7.232021808624268,1.130952000617981,-0.2881304180873479,1.3578710556030271,6.394631862640381,5.147667407989502,-2.829225520895225,3.14013671875,1.4657053413643306,0.0392722209078165,1.4710055569687055,6.24,0.00154367736,1.7406244859999995,0.3461826004000001,1.1520000000000008,0.1477696721999999,5.602846622467041,4.140256881713867,1.4625897407531738,0.5034655928611755,2.5512948425742703,2.905044,30.0,0.999195494675588,moderate,True,https://di-india-collab.flow-analytics.io/tools/replay/2025-06-01T14:09:34Z,1,0.35743186463240273,-1.028810523453191,2.172993823572951
10747328_10747348,2025-06-01 14:09:39.354147911,4,4,1,0.3158055428334489,7.402646064758301,1.8897202014923096,-0.5530801889724941,2.037460803985596,3.9173238277435294,0.4476232528686523,-1.0288488123441313,2.98779296875,0.6639904086886844,0.0236939650252097,0.6696545111523106,3.84,0.09352283556,0.9404534353999998,0.3745347315999999,1.1664000000000008,0.1776759521999999,7.747406005859375,2.4260008335113525,5.321405410766602,1.83508574962616,4.906940335739244,2.899813,30.0,0.9998760715863972,serious,True,https://di-india-collab.flow-analytics.io/tools/replay/2025-06-01T14:09:39Z,1,0.06089291694306504,-2.798638417384006,4.209252891387676
10748137_10748277,2025-06-01 14:11:02.454540968,4,4,1,0.0414511140795929,6.7243757247924805,0.7314085960388184,-0.0143918984184533,0.8092408180236816,9.193733215332031,22.269256591796875,23.698196530563763,3.08203125,4.4920998890987525,0.0977052524155069,4.492378175980445,5.04,0.0014659861,1.8616149439999992,0.3554466418000001,1.1424000000000007,0.1283883035799999,3.9925482273101807,5.214870929718018,-1.222322702407837,-0.4098556339740753,1.224011992862562,2.982325,31.0,0.9797221307200348,low,True,https://di-india-collab.flow-analytics.io/tools/replay/2025-06-01T14:11:02Z,1,0.03814116241838115,-3.2664612016030574,4.540034907771354
10748296_10748323,2025-06-01 14:10:47.556104898,4,4,1,0.1175564051785135,6.788968086242676,1.1694458723068235,0.1199256625171596,0.9918813705444336,5.805286407470703,1.5666813850402832,-2.794317886713863,3.21240234375,1.9765518153950048,0.0562190103742736,1.9769686588626032,5.279999999999999,0.00145561094,1.8033415019999997,0.3662335426000001,1.1520000000000008,0.1418199175999999,1.425998330116272,0.0247790142893791,1.401219367980957,0.4832874238491058,2.325460730629724,2.89935,30.0,0.989501751989039,moderate,True,https://di-india-collab.flow-analytics.io/tools/replay/2025-06-01T14:10:47Z,1,2.8871220929353303,1.060260190377269,2.416622153910522
10748694_10748752,2025-06-01 14:11:28.393681049,4,4,1,0.0352600543960175,7.170806884765625,0.6584399938583374,-0.3190503127342033,0.3949049413204193,10.890600204467772,0.111905813217163,-2.6658501547757427,3.3720703125,0.1064821776486609,0.0020395178553334,0.1212919323960993,10.8,0.10638345614,0.3591979124000001,0.4521169248,1.1376000000000008,0.11162308448,0.7476863265037537,0.9872655868530272,-0.2395792603492736,-0.0800780430436134,1.4100685455074324,2.991822,31.0,0.9999854601368606,low,True,https://di-india-collab.flow-analytics.io/tools/replay/2025-06-01T14:11:28Z,1,0.07450095580271944,-2.5969433241122175,2.700436073817113
10748733_10748783,2025-06-01 14:12:27.683012962,4,4,1,0.080112720834559,6.22451114654541,0.921231210231781,0.1239411233675656,0.9597036242485046,6.756730556488037,6.266725540161133,2.084158127891549,3.240234375,1.274340636950251,0.0330097357837519,1.274355192007122,6.48,0.0014075006,1.562163909999999,0.3921103868000001,1.1520000000000008,0.137863237,1.284057855606079,0.0482811145484447,1.2357767820358276,0.4137784838676452,1.5727453604928132,2.986566,31.0,0.99675284350068,low,True,https://di-india-collab.flow-analytics.io/tools/replay/2025-06-01T14:12:27Z,1,2.8852937903514158,1.0596267285193508,1.9722921566285865
10748816_10748837,2025-06-01 14:11:25.372191906,4,4,1,0.1603070276414253,7.207343578338623,1.3565490245819092,-0.1554708851587527,1.267219066619873,5.3129987716674805,0.6714348793029785,-5.269840931260202,3.264404296875,1.353813500382934,0.0404873929810945,1.3589585860947722,5.04,0.00154367736,1.5322221499999993,0.3795586608,1.1520000000000008,0.1491350320999999,5.214760780334473,0.514907956123352,4.69985294342041,1.6222997903823853,4.948954668051219,2.897031,30.0,0.99223436391929,serious,True,https://di-india-collab.flow-analytics.io/tools/replay/2025-06-01T14:11:25Z,1,0.5142399282044776,-0.6650653360478139,3.614529239976797
10749465_10749491,2025-06-01 14:12:14.437899113,4,4,1,0.3887724698618027,5.801337718963623,1.7041610479354858,-0.0910973694351356,2.242579460144043,3.404219150543213,2.685739517211914,-2.19236500070437,3.3349609375,0.0721713358393091,0.0027569785791507,0.1036997478073716,3.36,0.13792270522,0.4797091401600001,0.4301991756,1.142400000000001,0.15501271362,2.574618339538574,0.0749800503253936,2.499638319015503,0.864988386631012,3.8455491668664457,2.889794,30.0,0.9995172538714904,moderate,True,https://di-india-collab.flow-analytics.io/tools/replay/2025-06-01T14:12:14Z,1,0.2967391680827441,-1.2149017479858832,2.370662765785397
10749465_10749491,2025-06-01 14:12:26.978944063,4,4,1,0.1214036978163076,6.835184574127197,1.2161803245544434,0.3824171903248042,1.4379642009735107,5.620206356048584,4.70004415512085,2.2049566448954403,3.3349609375,0.3387777725901438,0.0097031891097809,0.3547380754484239,5.52,0.1151654561799999,0.4302895623999999,0.4323532687999998,1.1232000000000009,0.14705697182,1.772626876831055,0.0327758714556694,1.739850997924805,0.5828661918640137,2.723984786277012,2.984992,31.0,0.9944281454928008,moderate,True,https://di-india-collab.flow-analytics.io/tools/replay/2025-06-01T14:12:26Z,1,3.894130820097627,1.3594705016855513,1.9868920902288913
10750355_10750453,2025-06-01 14:13:27.185486078,4,4,1,0.7303252503146082,6.370651721954346,2.336120128631592,-0.8658401003611128,1.7843613624572754,2.727022409439087,0.2238116264343261,3.743177400628115,3.175537109375,0.1289293595307875,0.0056441214433085,0.2385662714055707,2.64,0.17958403804,0.6409807622800001,0.396215488,1.1424000000000007,0.2624567282,2.09338116645813,0.0730202347040176,2.020360946655273,0.6745855808258057,2.416716170703841,2.994966,31.0,0.9998732079224446,moderate,True,https://di-india-collab.flow-analytics.io/tools/replay/2025-06-01T14:13:27Z,1,0.0032334329982878565,-5.734210858403227,4.7161547748668315
10750459_10750482,2025-06-01 14:13:26.992826939,4,4,1,0.0422307288422489,7.0048112869262695,0.7496939897537231,0.2097327824302353,0.7072634696960449,9.343560218811035,0.5595290660858154,3.162850867965395,3.08984375,0.6770246590039353,0.0143924876581749,0.6815173823042314,9.36,0.0823632192,0.9561616798,0.3855796201999998,1.1616000000000009,0.1209499300999999,1.8241533041000368,0.0176545679569244,1.8064987659454343,0.6024062037467957,2.091896750645686,2.998805,31.0,0.9990781162512966,moderate,True,https://di-india-collab.flow-analytics.io/tools/replay/2025-06-01T14:13:26Z,1,1.5252009516699,0.42212617296508176,3.197467060760242
10750476_10750495,2025-06-01 14:13:31.083374977,6,4,1,0.0663284901815985,7.408095836639404,0.8564976453781128,-0.1399980905523818,1.1177862882614136,8.64928913116455,0.0,-2.653325694671257,3.312744140625,0.139861048882653,0.0030790650346152,0.1399620658707655,8.64,0.1160791903799999,0.3935718578600001,0.4447487471999999,1.1424000000000007,0.1150913493999999,2.116868734359741,0.0553068146109581,2.061561822891236,0.6877716183662415,2.3269561651128345,2.997451,31.0,0.9997471880207912,moderate,True,https://di-india-collab.flow-analytics.io/tools/replay/2025-06-01T14:13:31Z,1,1.502895321332815,0.40739346186025527,2.7984209973531993
10750495_10750996,2025-06-01 14:14:13.249134064,4,4,1,0.0279455601360584,3.754302501678467,0.4642927348613739,-0.4161420929762341,-0.065685749053955,8.086068153381348,0.5595290660858154,-1.052399455834891,3.005126953125,2.875547289880686,0.0673073667217714,2.8755755750276,3.36,0.00128804592,1.7862764019999997,0.3581512408000001,1.1520000000000008,0.1171194963999999,1.9327077865600584,2.671425104141236,-0.7387173175811768,-0.2730283737182617,1.3664745487342074,2.705643,28.0,0.6136069338449062,low,True,https://di-india-collab.flow-analytics.io/tools/replay/2025-06-01T14:14:13Z,1,1.9007168568586124e-07,-15.475864542859583,5.826601575679639
10750823_10750863,2025-06-01 14:13:53.472441912,4,4,1,0.1027545351816791,6.332271099090576,1.044093132019043,0.3226704987962611,1.2803313732147217,6.064852714538574,4.140515327453613,1.5820544550346674,3.289306640625,0.397747564417433,0.0108989946304175,0.4000451062519485,6.0,0.0968904753399999,0.597638487,0.4403894255999997,1.1232000000000009,0.14731881712,1.691806674003601,0.0467165075242519,1.6450902223587036,0.5577571392059326,2.520412399990009,2.949474,30.0,0.9999723037325274,moderate,True,https://di-india-collab.flow-analytics.io/tools/replay/2025-06-01T14:13:53Z,1,1.9859568916454295,0.6861008592672735,2.2261185860338255
10750863_10750996,2025-06-01 14:14:08.663794994,4,4,1,0.3915031744430332,7.38984489440918,2.122787952423096,-1.277791030822888,2.5628201961517334,3.4811978340148926,2.573833703994751,-1.10849306262192,3.24951171875,0.3664390717674201,0.013970823621405,0.4377108605281763,3.36,0.1535044024199999,0.8600697992000004,0.4279648288,1.1136000000000008,0.2332971925999999,4.793771743774414,1.384066462516785,3.40970516204834,1.180648684501648,4.000152164077618,2.887993,30.0,0.9988111771647266,serious,True,https://di-india-collab.flow-analytics.io/tools/replay/2025-06-01T14:14:08Z,1,0.09699343893788093,-2.3331119425820903,3.5576474701361818
10750913_10751473,2025-06-01 14:15:06.048999071,4,4,1,0.1904537548326367,6.016869068145752,1.5188860893249512,-2.394849763653616,1.520815372467041,3.961369514465332,5.721184730529785,-1.816255577154785,3.075439453125,1.6387313244012895,0.0584569307232546,1.6421941900434611,3.6,0.00130964452,1.8078425299999996,0.3393613852000001,1.1472000000000009,0.1400582223999999,4.1776862144470215,1.2114006280899048,2.9662857055664062,0.9903897643089294,8.75821489475448,2.995069,31.0,0.9934083984437856,critical,True,https://di-india-collab.flow-analytics.io/tools/replay/2025-06-01T14:15:06Z,1,0.005205411721119681,-5.25805647896386,4.162441869538835
10751579_10751793,2025-06-01 14:15:33.924623966,4,4,1,1.5514712717532446,7.283663749694824,2.65285587310791,0.5676082133036319,1.7095203399658203,2.745593547821045,0.2238116264343261,-1.4135755691267908,3.029541015625,0.4548856968467472,0.0200088867422723,0.5201247784486438,2.64,0.13442126686,0.8376321720000003,0.3989602044,1.142400000000001,0.280109167,10.63984203338623,2.0800936222076416,8.559748649597168,2.8987982273101807,6.297904305871674,2.952861,30.0,0.994138805892862,serious,True,https://di-india-collab.flow-analytics.io/tools/replay/2025-06-01T14:15:33Z,1,3.6902929131957097e-09,-19.417560001774582,7.657812205132967
10751630_10751835,2025-06-01 14:15:39.691282988,4,4,1,0.2273125277269427,7.426725387573242,1.5944432020187378,-0.1451997615231617,1.5940923690795898,4.6578803062438965,0.4476232528686523,-1.0933004438340903,3.111328125,0.5184584942351896,0.0166578628436322,0.5322016765970905,4.56,0.1084638919799999,0.8881264582000001,0.4030639389999998,1.152000000000001,0.1483222687,2.3918004035949707,2.32471251487732,0.0670878887176513,0.0229263193905353,2.1234440227115106,2.926239,30.0,0.9999487545388815,moderate,True,https://di-india-collab.flow-analytics.io/tools/replay/2025-06-01T14:15:39Z,1,1.7356233399834171,0.5513666226411154,2.986029444953855
10751793_10751835,2025-06-01 14:15:36.694447041,4,4,1,1.2182692286357797,7.429354667663574,3.0844738483428955,-0.911703801943772,4.327830314636231,2.4086294174194336,0.6714348793029785,1.134396455795205,2.998046875,0.0955674913953724,0.0044955204399395,0.0988829208268551,2.4,0.2503973191599999,0.4255929864600001,0.390794551,1.1280000000000008,0.325636536,6.7282233238220215,0.7977079749107361,5.930515289306641,1.978926181793213,5.108775434796574,2.996835,31.0,0.9999999988776516,serious,True,https://di-india-collab.flow-analytics.io/tools/replay/2025-06-01T14:15:36Z,1,1.3410670904068312e-10,-22.732385296760516,4.622328172615478
10752091_10753744,2025-06-01 14:16:49.850637913,4,4,1,0.0534695288448691,5.769577503204346,0.584349513053894,0.460861440254534,0.3947174847126007,9.873504638671877,152.35977172851562,-9.366866633716148,3.16455078125,1.991424553137607,0.0412758114634919,1.9917432355434288,8.64,0.0014075006,1.8033415019999997,0.3576318436,1.1520000000000008,0.11651629686,0.7830969095230103,4.395081043243408,-3.611984252929688,-1.2041453123092651,0.0281021955804459,2.999625,31.0,0.9712639762669262,none,True,https://di-india-collab.flow-analytics.io/tools/replay/2025-06-01T14:16:49Z,1,1.0881859868260355e-12,-27.54650903833009,9.096370585114101
10752128_10752129,2025-06-01 14:15:39.582312107,4,4,1,0.0961637561668079,7.390634059906006,1.2868207693099976,-2.2788240751185644,1.7821104526519775,5.743328094482422,0.8952465057373047,0.0,3.247314453125,0.168490287704607,0.0047406938028063,0.1703793590097183,5.76,0.13530628762,0.5035309547600002,0.4371955065999998,1.1472000000000009,0.14021936552,5.216364860534668,0.4713968336582184,4.744967937469482,1.6306517124176023,5.259011180471693,2.90986,30.0,0.998203136458118,serious,True,https://di-india-collab.flow-analytics.io/tools/replay/2025-06-01T14:15:39Z,1,0.18210422989333086,-1.7031760641090647,3.274128548555654
10752128_10752129,2025-06-01 14:15:41.139905930,4,4,1,0.0320262517978365,6.635866641998291,0.5673665404319763,0.6830207023171141,0.4726199507713318,11.695907592773438,0.5595290660858154,-4.495391255191332,3.247314453125,0.2040159677469305,0.0037620634724859,0.2084276170117651,11.76,0.09391067814,0.5475712982400002,0.4529516177999999,1.1376000000000008,0.10316864334,1.413192629814148,1.0380421876907349,0.3751504421234131,0.1269377470016479,1.8764256249152864,2.9553890000000003,30.0,0.9980999348298476,low,True,https://di-india-collab.flow-analytics.io/tools/replay/2025-06-01T14:15:41Z,1,0.01625402926633025,-4.119414446091022,3.670760252233325
10752129_10752392,2025-06-01 14:15:41.392627001,4,4,1,0.0654645636677987,7.46828031539917,0.806516170501709,0.7980483863477104,1.3379011154174805,9.259926795959473,0.4476232528686523,1.1325002647895317,3.225341796875,0.2961956875908894,0.0062939633764424,0.3103125098344662,9.36,0.1120859652399999,0.4984902176999998,0.4416329563999998,1.1280000000000008,0.1157212878999999,2.3901233673095703,0.0531802400946617,2.3369431495666504,0.8065062761306763,3.543838609041304,2.897613,30.0,0.99881883929118,moderate,True,https://di-india-collab.flow-analytics.io/tools/replay/2025-06-01T14:15:41Z,1,0.6051428393351674,-0.502290750743403,2.761655555864733
10752326_10752392,2025-06-01 14:15:42.393704891,4,4,1,0.1954386362259281,6.485329627990723,1.3823730945587158,0.6778038782274094,2.330639123916626,4.691446781158447,2.461927890777588,-0.7038829695711953,3.27734375,0.2922803062857901,0.0093133051398122,0.3348538686386725,4.8,0.1171359472799999,0.4161249766000001,0.4448357199999998,1.1376000000000008,0.14703491092,2.749276876449585,0.0678314343094825,2.681445360183716,0.9233989715576172,2.3605403445593605,2.903886,30.0,0.9978379159278532,moderate,True,https://di-india-collab.flow-analytics.io/tools/replay/2025-06-01T14:15:42Z,1,0.4386181769021538,-0.8241260008517202,2.8361200283882178
10752326_10752469,2025-06-01 14:15:43.886147976,4,4,1,0.0873136885875579,6.412450790405273,1.100231647491455,0.7730851764872801,1.0633971691131592,5.828273296356201,1.5666813850402832,3.196598922537116,3.380859375,0.596914995933532,0.0167967254152793,0.5972378846157635,5.76,0.0828115851199999,0.9701878612,0.4426538987999998,1.156800000000001,0.1437445785,1.4456205368041992,0.0234403908252716,1.42218017578125,0.4887759685516357,1.812182064085175,2.909677,30.0,0.996137502713293,low,True,https://di-india-collab.flow-analytics.io/tools/replay/2025-06-01T14:15:43Z,1,0.7927745276569504,-0.23221642607769377,2.3401511724576576
10752469_10752551,2025-06-01 14:15:44.803221941,4,4,1,0.3566371640443048,5.792477607727051,1.577550172805786,-0.1595976144745166,1.894181251525879,3.671818256378174,1.0071523189544678,2.4088606099313403,3.168701171875,0.1324876844647416,0.0048585210424769,0.1723891457665627,3.6,0.1272383698999999,0.5119519363600001,0.4081321349999999,1.1520000000000008,0.14006832842,2.3219356536865234,0.0392182506620883,2.28271746635437,0.7638589143753052,3.1977684673743365,2.988402,31.0,0.9999617855827304,moderate,True,https://di-india-collab.flow-analytics.io/tools/replay/2025-06-01T14:15:44Z,1,0.4830488626748695,-0.7276374654880717,2.642079578368287
10752632_10752673,2025-06-01 14:15:48.675911903,4,4,1,0.1769071074077996,6.449875354766846,1.2385910749435425,-0.2180352920904718,1.129369854927063,5.2074294090271,0.5595290660858154,-2.647834184199177,3.168212890625,0.2371433904658397,0.0070904058009277,0.2568522006495472,5.279999999999999,0.1101166074,0.3928355464000001,0.3966456345999997,1.1424000000000007,0.14097289092,1.4538509845733645,0.0142241306602954,1.4396268129348757,0.4896891415119171,1.6748850002311992,2.939879,30.0,0.999579108812808,low,True,https://di-india-collab.flow-analytics.io/tools/replay/2025-06-01T14:15:48Z,1,1.3350987573423898,0.2890052646535284,2.9305428978074177
10752719_10752755,2025-06-01 14:15:51.812150955,4,4,1,0.1084661464521926,6.11225175857544,1.0403422117233276,0.2575443035675716,1.11933171749115,5.875231742858887,0.2238116264343261,0.4223569806892942,3.159912109375,0.7226400935400134,0.0202646047674396,0.7234721239014674,5.76,0.0609295371,1.0756805022,0.3893827529999997,1.156800000000001,0.142165193,1.5364177227020264,0.0622381903231143,1.47417950630188,0.4921227991580963,2.048562902573438,2.995552,31.0,0.9967972495354662,moderate,True,https://di-india-collab.flow-analytics.io/tools/replay/2025-06-01T14:15:51Z,1,6.378167997349286,1.8528809083709936,2.3660536691480156
10752719_10752806,2025-06-01 14:16:13.094961882,4,4,1,0.0987232456903932,6.658308029174805,1.0789399147033691,-0.093142670354176,1.4293030500411987,6.171157360076904,7.833406925201416,-4.48941933574118,3.310546875,1.3317259257854128,0.0364225026528729,1.334333203842636,6.0,0.00154367736,1.547720361999999,0.3809023418000001,1.156800000000001,0.1467284539,3.3110697269439697,2.033762216567993,1.2773075103759766,0.4294303655624389,1.5789992032631028,2.974423,31.0,0.9971701325236948,low,True,https://di-india-collab.flow-analytics.io/tools/replay/2025-06-01T14:16:13Z,1,3.0979960164438176,1.1307554561461477,2.2320644648572885
10752755_10752849,2025-06-01 14:16:05.983961105,4,4,1,0.0550374550277503,7.366087436676025,0.7414695620536804,0.0500964205642293,1.2594538927078247,9.934443473815918,1.7904930114746094,-0.0343811456806529,2.909423828125,1.4418619115518516,0.029708526683948,1.4422849545765055,9.6,0.00154367736,1.5703074199999996,0.3574440506,1.156800000000001,0.12880822122,2.338064432144165,1.5736947059631348,0.7643697261810303,0.2550472617149353,1.5989763379811612,2.996973,31.0,0.9586256302436202,low,True,https://di-india-collab.flow-analytics.io/tools/replay/2025-06-01T14:16:05Z,1,0.4865629515086349,-0.7203889889981605,2.9682779497815788
10752806_10752849,2025-06-01 14:15:52.599493027,4,4,1,0.0700373977752363,6.561793327331543,0.9230579137802124,-0.1128621795871638,1.3167171478271484,7.108756065368652,0.2238116264343261,-2.088046416448916,3.06005859375,2.185413181076933,0.0551294717911208,2.186824058512853,6.24,0.00144582128,1.8033415019999997,0.3572236528,1.1520000000000008,0.1337152562,3.565429210662842,0.6826657056808472,2.882763385772705,0.9910483360290528,2.432748316035818,2.908802,30.0,0.97737362919911,moderate,True,https://di-india-collab.flow-analytics.io/tools/replay/2025-06-01T14:15:52Z,1,3.1997083805756152,1.1630596745828723,2.4872583496670875
10753204_10753577,2025-06-01 14:16:53.736855030,4,4,1,3.9074735111948495,7.334206581115723,2.1942784786224365,4.420938396956556,2.081648826599121,3.3424229621887207,15.666813850402832,0.0,3.21240234375,1.5793185120121769,0.0623248076696585,1.5865711023632076,3.12,0.00145561094,1.7641007619999995,0.3616978850000001,1.1472000000000009,0.236824853,3.671934366226196,2.989264965057373,0.6826694011688232,0.2350504249334335,2.0536774625032783,2.904353,30.0,0.9999533409289588,moderate,True,https://di-india-collab.flow-analytics.io/tools/replay/2025-06-01T14:16:53Z,1,3.2191063034333448e-09,-19.554162061430574,6.506676768215257
10753327_10753374,2025-06-01 14:17:32.882978916,4,4,1,0.1919398009019849,7.413354873657227,1.5474188327789309,-0.1948232717600709,1.2144622802734375,4.790787696838379,22.92569351196289,-0.7967253831746693,3.38818359375,5.235905942877634,0.1681298333690044,5.235906390374046,2.4,0.00140664828,1.991698517999999,0.3333401682,1.1472000000000009,0.1457793772,4.586202621459961,0.949254274368286,3.636948347091675,1.247595191001892,2.9855873018299617,2.915167,30.0,0.9995772973285764,moderate,True,https://di-india-collab.flow-analytics.io/tools/replay/2025-06-01T14:17:32Z,1,1.356020016573843e-05,-11.20837151407584,5.44583956168761
10753374_10753417,2025-06-01 14:17:34.878504992,4,4,1,0.1402082967879827,7.046411514282227,1.061895489692688,-0.7360416197012544,1.6544126272201538,6.635692119598389,17.732563018798828,5.315771956787419,3.2353515625,4.292198144520892,0.1133461727147083,4.2940262731988526,4.08,0.00141674468,1.8616069539999995,0.3525929520000001,1.1424000000000007,0.1455655599,3.6083531379699703,0.6409212946891785,2.9674317836761475,1.0206513404846191,3.289689292342756,2.90739,30.0,0.9996924049974116,moderate,True,https://di-india-collab.flow-analytics.io/tools/replay/2025-06-01T14:17:34Z,1,0.07766502857195268,-2.5553502056552206,3.6010029090370037
10753577_10753704,2025-06-01 14:16:58.941204071,4,4,1,0.3426788686213391,4.054187774658203,1.403690218925476,0.5689562721000865,2.461613893508911,2.888235330581665,6.714348793029785,23.910005617180666,3.162841796875,0.4310925692569243,0.0183915378941823,0.4324688457075709,2.88,0.1031067441399999,0.8380384819999999,0.4371418629999999,1.132800000000001,0.1526501526,3.2472660541534424,2.0520248413085938,1.1952412128448486,0.8561151623725891,5.8536736031686365,1.396122,15.0,0.9994054049186094,serious,True,https://di-india-collab.flow-analytics.io/tools/replay/2025-06-01T14:16:58Z,1,1.7618772318083104e-14,-31.66981145230779,8.508849632098835
10753875_10754830,2025-06-01 14:18:07.661330938,4,4,1,5.4680678369418,6.821189403533936,4.126069068908691,-2.763818441183187,0.9777262210845948,1.6531932353973389,57.2957763671875,-22.27382906791192,3.007568359375,2.973936580226692,0.1793356695410123,3.009807113985568,1.44,0.0014663269,2.060040231999999,0.2890913974,1.1472000000000009,0.3784950278000001,4.0742621421813965,2.933675765991211,1.1405863761901855,0.4077475070953369,2.293240938079156,2.797286,29.0,0.9308020910231412,moderate,True,https://di-india-collab.flow-analytics.io/tools/replay/2025-06-01T14:18:07Z,1,2.826862869461795e-16,-35.802193917811685,8.4736033192384
10754537_10754830,2025-06-01 14:17:55.684950113,4,4,1,1.124036024303506,6.694151401519775,2.7954111099243164,-1.4301419234154444,2.5983901023864746,2.394692897796631,2.405974864959717,4.167735501268422,2.978515625,0.0430366728167887,0.002020157331141,0.0456130223686264,2.4,0.2150936073599999,0.4998295332199999,0.3923897102,1.1280000000000008,0.2783220768,2.9028961658477783,3.3307173252105717,-0.4278211593627929,-0.1431838870048523,2.130916211083417,2.987914,31.0,0.999988741783709,moderate,True,https://di-india-collab.flow-analytics.io/tools/replay/2025-06-01T14:17:55Z,1,3.591478351879986e-06,-12.536946643048221,6.372280174017456
10754698_10754751,2025-06-01 14:17:50.149480104,4,4,1,0.1744556184615498,7.417054176330566,1.3808742761611938,-0.0030515085430894,1.207710862159729,5.371273994445801,2.2381162643432617,-6.648869989992639,3.06201171875,0.6904920861593372,0.0204196960155048,0.6932723448901251,5.279999999999999,0.09020414026,0.9510011941999998,0.3911053783999999,1.1712000000000011,0.143160131,1.613025188446045,0.0390521138906478,1.5739730596542358,0.5385550856590271,1.1884217856469117,2.922585,30.0,0.9974011853411135,low,True,https://di-india-collab.flow-analytics.io/tools/replay/2025-06-01T14:17:50Z,1,4.345988621987931,1.469253263788457,2.2605891856206424
10754698_10754751,2025-06-01 14:18:30.162923098,4,4,1,0.0867696583190045,5.764529228210449,0.8908026814460754,-0.0695140740056163,0.9517049789428712,6.471162796020508,0.4476232528686523,0.0,3.06201171875,0.2895819424196334,0.0076172979301955,0.2904506897300689,6.48,0.09762012744,0.3981898823000001,0.3999503561999999,1.132800000000001,0.12076621624,1.2674330472946167,0.0341752767562866,1.23325777053833,0.4123890697956085,1.2732420888470697,2.99052,31.0,0.9999895024034132,low,True,https://di-india-collab.flow-analytics.io/tools/replay/2025-06-01T14:18:30Z,1,0.4038758372612136,-0.9066477817694567,3.237182766540543
10754751_10754800,2025-06-01 14:20:01.630187988,4,4,1,0.091730707510503,7.467555046081543,0.9073782563209534,0.1965204268197121,1.2307682037353516,8.229814529418945,24.39546775817871,-2.552573956450877,3.180419921875,5.243410991796127,0.1219610795516657,5.244729916634537,4.08,0.00141674468,1.8601406959999995,0.3342972481999999,1.1424000000000007,0.1387815668,1.9618171453475952,0.0911790654063224,1.870638132095337,0.6438312530517578,1.2188484763186762,2.905479,30.0,0.9731419796274912,low,True,https://di-india-collab.flow-analytics.io/tools/replay/2025-06-01T14:20:01Z,1,0.0011779813393203644,-6.743953034862622,4.6723309327168465
10755483_10755701,2025-06-01 14:19:55.438860893,4,4,1,0.0461502713135972,7.4577956199646,0.8839905261993408,-0.841111154856494,0.8564838171005249,8.436511039733887,0.6714348793029785,-4.4125569926277,3.255859375,0.3253602474061827,0.0073130828923157,0.3258632053688809,8.4,0.1119683262399999,0.4040515459,0.4407412023999998,1.1184000000000007,0.1236111978399999,2.790661096572876,1.4018840789794922,1.3887770175933838,0.4814736545085907,1.0585637006476063,2.88443,30.0,0.999904161496064,low,True,https://di-india-collab.flow-analytics.io/tools/replay/2025-06-01T14:19:55Z,1,1.1771849087276498,0.16312591766168344,2.611799580330157
10755518_10755776,2025-06-01 14:19:39.452543020,6,4,1,0.1240187450281895,7.360158920288086,1.109322190284729,0.1122812898826612,1.0473313331604004,6.634825229644775,0.3357174396514892,0.5775173933210117,3.6201171875,0.5614227690592126,0.0146173016219684,0.5761204955905085,6.48,0.09722836736,0.9463403624,0.4246209573999999,1.1472000000000009,0.14315555966,1.9589312076568604,1.9726762771606443,-0.0137450695037841,-0.0045964969322085,1.883080331636961,2.990336,31.0,0.9988142842187178,low,True,https://di-india-collab.flow-analytics.io/tools/replay/2025-06-01T14:19:39Z,1,0.3313097448914312,-1.1047015560085676,3.035892969291034
10755891_10755921,2025-06-01 14:19:10.020586014,4,4,1,0.1074246962005991,7.476166725158691,1.1162878274917605,0.8304009306099344,1.093394756317139,6.697346687316895,1.7904930114746094,6.522720152630772,3.106689453125,0.2379187102499939,0.0061230537350728,0.2401794398571163,6.72,0.12034891484,0.5274574365000001,0.3985460697999998,1.1376000000000008,0.14107955492,1.5679068565368652,2.162626981735229,-0.5947201251983643,-0.2622893452644348,0.4724999860046905,2.26742,23.0,0.9991123565104484,low,True,https://di-india-collab.flow-analytics.io/tools/replay/2025-06-01T14:19:10Z,1,0.0005456999563554406,-7.513441263751126,4.770999339150468
10755891_10756394,2025-06-01 14:20:32.995486021,4,4,1,0.0352282581712122,5.6190032958984375,0.5485304594039917,-0.1416865352809436,0.2857792377471924,10.24374008178711,16.547061920166016,-5.644199170193069,3.260498046875,4.166976178655453,0.0849315401794072,4.167178268416671,4.56,0.00129985486,1.7983262619999991,0.381546482,1.1424000000000007,0.1186100146,1.7744933366775513,2.2964446544647217,-0.5219513177871704,-0.1748469918966293,1.05392663179107,2.985189,31.0,0.9513679088871392,low,True,https://di-india-collab.flow-analytics.io/tools/replay/2025-06-01T14:20:32Z,1,0.0013686282633692366,-6.593946308359071,4.5338473083831605
10756028_10756150,2025-06-01 14:19:26.559367895,4,4,1,0.3418252290611643,7.46473217010498,1.7705353498458862,0.0614934805234104,2.1988956928253174,4.216087818145752,2.2381162643432617,-4.568648894613342,3.17236328125,0.8444749759022282,0.02889144561916,0.857063241839653,4.08,0.0445855128999999,1.0268758719999995,0.3775760413999999,1.1616000000000009,0.1661373953999999,2.6754367351531982,0.0370650775730609,2.638371706008911,0.8807154893875122,2.458957012920894,2.995714,31.0,0.995112130800666,moderate,True,https://di-india-collab.flow-analytics.io/tools/replay/2025-06-01T14:19:26Z,1,2.481011769116771,0.908666448397232,2.463456549599779
10756211_10756294,2025-06-01 14:19:34.150688887,4,4,1,0.0517118092992276,7.434955596923828,0.9397951364517212,-0.7208829064307746,0.5648738145828247,7.911251544952393,1.342869758605957,3.6167473209677614,3.07177734375,0.3919746162234199,0.0091664071752157,0.3930405722294548,7.92,0.1099206571799999,0.6041391044,0.3952106891999999,1.1280000000000008,0.13787020668,1.5974940061569214,0.7193351984024048,0.8781588077545166,0.2935614585876465,1.4954230516838585,2.991397,31.0,0.9999319421885656,low,True,https://di-india-collab.flow-analytics.io/tools/replay/2025-06-01T14:19:34Z,1,1.7858918914392579,0.5799179495131876,2.953974145127029
10757614_10757723,2025-06-01 14:21:30.940198898,4,4,1,0.1931060543757104,6.36664628982544,1.43262779712677,0.1021180155780858,1.921542406082153,4.444033622741699,1.7904930114746094,-1.538620762033441,3.2353515625,0.3727275700228035,0.0122873575866126,0.4041112666488269,4.32,0.1077915868799999,0.6016377802,0.4324117557999999,1.1184000000000007,0.14932185462,2.260118246078491,0.029080456122756,2.2310378551483154,0.7438186407089233,2.141038987381891,2.999438,31.0,0.998422585840712,moderate,True,https://di-india-collab.flow-analytics.io/tools/replay/2025-06-01T14:21:30Z,1,1.4975601028589731,0.4038371856671517,1.9221257632717228
10757614_10757723,2025-06-01 14:21:53.305953979,4,4,1,0.0464265259421818,6.878077983856201,0.7276335954666138,0.1269579126466531,0.7990286350250244,9.452667236328123,9.4000883102417,8.46548593757826,3.2353515625,3.758595464046536,0.0803087546068557,3.759410147156202,6.72,0.00144582128,1.8065270399999995,0.3832979482,1.1424000000000007,0.13028681938,3.2566323280334477,1.1722790002822876,2.084353446960449,0.7136244177818298,1.3809817226958765,2.920799,30.0,0.9947673445889564,low,True,https://di-india-collab.flow-analytics.io/tools/replay/2025-06-01T14:21:53Z,1,0.1649842060551144,-1.8019055305411866,3.4123755716189503
10757723_10757925,2025-06-01 14:21:43.821546078,4,4,1,0.0576273576411677,7.445751190185547,0.654873251914978,1.223536160420266,1.5286206007003784,11.369759559631348,0.8952465057373047,6.441862703242405,3.162841796875,0.914402123492084,0.0173292574688357,0.9159906946754895,11.28,0.0290071893799999,1.1246483891999997,0.4037039179999999,1.1616000000000009,0.12225928216,2.026432991027832,0.0083667477592825,2.018066167831421,0.6922075748443604,1.4886822013613,2.915406,30.0,0.9988895271210688,low,True,https://di-india-collab.flow-analytics.io/tools/replay/2025-06-01T14:21:43Z,1,0.20430552891763223,-1.588138714785483,3.4251588901915127
10757723_10757925,2025-06-01 14:22:00.190478086,4,4,1,0.0521455589739388,6.614154815673828,0.8649163842201233,-0.0267811815229466,0.2885262966156006,7.64716100692749,9.4000883102417,1.929024951706139,3.162841796875,1.0944637167281106,0.0263058397173111,1.0944654606196074,7.439999999999999,0.00154367736,1.2041838846,0.4023658291999999,1.156800000000001,0.1312232838,0.7052330374717712,2.212560176849365,-1.5073270797729492,-0.516909658908844,0.9657779636146984,2.916036,31.0,0.9822679145041716,low,True,https://di-india-collab.flow-analytics.io/tools/replay/2025-06-01T14:22:00Z,1,0.3725760278871116,-0.9873141602780766,1.3157740863070284
10757914_10757935,2025-06-01 14:21:39.331434011,4,4,1,0.4706238823023432,7.3153204917907715,1.9624675512313845,0.1563975456771662,2.9729671478271484,3.72761344909668,1.7904930114746094,0.0,3.09521484375,0.9920917658184524,0.0365676827499761,0.9989637728089872,3.6,0.00158081672,1.2071049006,0.3828941973999999,1.1520000000000008,0.1773425717999999,3.576746940612793,0.0376744158565998,3.5390725135803223,1.1819736957550049,3.3589736863828983,2.994206,31.0,0.9965743906696928,moderate,True,https://di-india-collab.flow-analytics.io/tools/replay/2025-06-01T14:21:39Z,1,0.04413162802149154,-3.120578564890298,3.6336916151000094
10758349_10758372,2025-06-01 14:22:09.813647032,4,4,1,0.2653883937301282,7.3647308349609375,1.657415747642517,-0.0846584317412371,1.946927189826965,4.443502426147461,0.111905813217163,1.1895899808726536,3.100830078125,0.2959298472156051,0.0097405901698013,0.3532813882131529,4.32,0.1299977694799999,0.4276269269999999,0.3929477582,1.132800000000001,0.1568752072199999,3.116720199584961,0.0958118364214897,3.02090835571289,1.017897605895996,2.4800239392796914,2.967792,31.0,0.9998213391123604,moderate,True,https://di-india-collab.flow-analytics.io/tools/replay/2025-06-01T14:22:09Z,1,1.4535632352054653,0.3740179455437742,2.656771371703794
10758350_10758378,2025-06-01 14:22:10.882163048,6,4,1,0.1322361846711476,6.84375,1.1885300874710083,-0.1965311064935647,1.0286929607391355,5.758162975311279,1.7904930114746094,3.082197389641157,3.5048828125,0.2218843883710802,0.0062454383984008,0.2220826493110168,5.76,0.1169552448,0.5514513836,0.4340381087999999,1.1376000000000008,0.14097289092,1.3379979133605957,0.070225141942501,1.2677727937698364,0.4358518719673157,1.8679742285974008,2.908724,30.0,0.9999892765558452,low,True,https://di-india-collab.flow-analytics.io/tools/replay/2025-06-01T14:22:10Z,1,2.6410321081422605,0.971169790811051,2.5084608514085454
10758401_10758684,2025-06-01 14:22:56.556478024,4,4,1,0.2949598042128725,7.300200939178467,1.5999963283538818,0.0678847261023326,2.4570608139038086,4.562635898590088,17.233495712280273,0.0,3.257568359375,1.6687205652609065,0.0547255594391678,1.668735058006798,4.32,0.00145561094,1.8033415019999997,0.3613835740000001,1.1520000000000008,0.1458292114,3.13173246383667,0.089192122220993,3.0425403118133545,1.0479954481124878,2.4496666991195992,2.9032,30.0,0.9808145468595176,moderate,True,https://di-india-collab.flow-analytics.io/tools/replay/2025-06-01T14:22:56Z,1,0.4034331366396448,-0.9077445134552296,2.3287692820260535
10758829_10758967,2025-06-01 14:23:22.340065956,4,4,1,0.0392537218452939,7.446816444396973,0.7331099510192871,0.0059613241612583,0.739895224571228,10.157843589782717,0.111905813217163,2.364495127677133,3.175048828125,0.3625411080990502,0.0073006509160136,0.364682822177047,10.08,0.1076625865999999,0.4398596602999999,0.4125224931999999,1.1184000000000007,0.1216100786999999,1.5842264890670776,0.5794673562049866,1.0047590732574463,0.3364063799381256,1.2722773615435563,2.986742,31.0,0.9997621148824274,low,True,https://di-india-collab.flow-analytics.io/tools/replay/2025-06-01T14:23:22Z,1,0.503019866995469,-0.6871256126534996,3.2790010239500766
10759358_10759401,2025-06-01 14:23:33.635174036,4,4,1,0.4011888906650773,7.486772060394287,1.9433934688568115,-0.5696866819448214,2.6467928886413574,3.85242223739624,1.0071523189544678,-1.2703860626108532,3.29248046875,0.1730662884830833,0.0061790983151537,0.1742349347863394,3.84,0.1715646989599999,0.4875463189000003,0.4223059132,1.1520000000000008,0.1788053663999999,3.1124277114868164,0.1167472973465919,2.995680332183838,1.0047972202301023,2.8493450369367137,2.981378,31.0,0.9995927202906504,moderate,True,https://di-india-collab.flow-analytics.io/tools/replay/2025-06-01T14:23:33Z,1,0.2469737661760103,-1.398473157808545,2.6631671196062765
10759436_10759443,2025-06-01 14:24:22.552937031,4,4,1,0.0867155702265693,7.314156532287598,0.9414329528808594,1.7409315922497943,0.3525161743164062,7.769174098968506,1.0071523189544678,2.688697506056345,3.2109375,0.8473660230246269,0.0201394062063389,0.8474869214514462,7.68,0.0421855874399999,1.0245552322,0.4268142927999998,1.156800000000001,0.13981099036,5.452795028686523,6.756008148193359,-1.303213119506836,-0.4474190473556518,1.7345844123182053,2.912735,30.0,0.999997465809218,low,True,https://di-india-collab.flow-analytics.io/tools/replay/2025-06-01T14:24:22Z,1,0.009828991300232534,-4.622418964510201,4.871724544787757
10760311_10760364,2025-06-01 14:24:51.375747919,4,4,1,0.0973238083570621,7.494854927062988,1.091715693473816,0.0577055437279335,1.2355107069015503,6.865207672119141,0.8952465057373047,8.501446730498953,2.93603515625,0.5309722959026809,0.0135407993634034,0.5446322090769723,6.72,0.1008659432599999,0.8780635905999997,0.3866149283999999,1.1520000000000008,0.14315555966,2.4328060150146484,1.4347553253173828,0.9980506896972656,0.3343106508255005,1.119671032739462,2.985399,31.0,0.9997790329227594,low,True,https://di-india-collab.flow-analytics.io/tools/replay/2025-06-01T14:24:51Z,1,2.092274444816621,0.7382517253691647,2.508113881102906
10760454_10760475,2025-06-01 14:25:06.057337046,4,4,1,0.0343333828725279,7.491815090179443,0.6765348315238953,0.1346821925312363,0.7767117023468018,11.073805809020996,2.461927890777588,2.3128705057006007,3.168212890625,2.3268680133975232,0.0450900511915624,2.3274709104365243,10.08,0.0015052288,1.8033415019999997,0.3573520922,1.1520000000000008,0.1227263038,3.803024291992188,2.210019588470459,1.5930047035217283,0.5325968861579895,1.3721909922571385,2.991014,31.0,0.999992961616566,low,True,https://di-india-collab.flow-analytics.io/tools/replay/2025-06-01T14:25:06Z,1,0.17411824477595533,-1.7480206428912606,3.135308614385192
10760475_10760487,2025-06-01 14:25:07.143280983,4,4,1,0.0382540518149284,6.665944576263428,0.618606448173523,0.3979924844284461,0.649775505065918,10.77574348449707,8.840559005737305,-3.882169965187469,3.062744140625,4.1405988241475455,0.081881647032002,4.141380449952648,6.72,0.00144582128,1.8065270399999995,0.3570395354,1.1424000000000007,0.12779928474,3.668713092803955,1.568954348564148,2.0997586250305176,0.7223067283630371,2.027742687619652,2.907018,30.0,0.999785930640514,moderate,True,https://di-india-collab.flow-analytics.io/tools/replay/2025-06-01T14:25:07Z,1,0.05036861827650098,-2.988386951077878,3.8217282954312224
10760639_10760658,2025-06-01 14:25:07.547003031,4,4,1,0.5534867980314888,7.306303977966309,2.078800201416016,0.0011388311815956,2.822091579437256,3.5146734714508057,0.8952465057373047,0.0,3.40185546875,0.3063008598906467,0.0115970180855857,0.3606476383607349,3.6,0.1591186383799999,0.4414472256,0.4279648288,1.1136000000000008,0.2207200921999999,3.244363307952881,0.0402259454131126,3.204137325286865,1.1054917573928833,3.189863421258532,2.898382,30.0,0.999664623317817,moderate,True,https://di-india-collab.flow-analytics.io/tools/replay/2025-06-01T14:25:07Z,1,0.7714611021284016,-0.2594690269484841,2.686645079293088
10761100_10761195,2025-06-01 14:25:55.087965965,4,4,1,0.0399175694929031,6.668049812316895,0.5759223103523254,0.3264116331308692,0.9926697611808776,11.57803726196289,3.1333627700805664,-6.139496960753726,3.10546875,2.538554988877136,0.0479330193322538,2.538829717732159,9.84,0.0015052288,1.8033415019999997,0.3576318436,1.1520000000000008,0.11190043286,1.3654389381408691,5.476510047912598,-4.1110711097717285,-1.4218591451644895,0.3309856452250413,2.891335,30.0,0.923990907907874,low,True,https://di-india-collab.flow-analytics.io/tools/replay/2025-06-01T14:25:55Z,1,0.0002011357294551859,-8.511530606876697,6.196331236082055
10761266_10761497,2025-06-01 14:26:38.245389938,4,4,1,0.114738097911479,7.456818580627441,0.9716434478759766,1.4736136067372396,0.7067668437957764,7.674439430236816,0.2238116264343261,0.0,3.24658203125,0.2685660300719443,0.0063783619015618,0.2689894010022748,7.68,0.1150131864199999,0.4848879852999999,0.4496700397999998,1.1376000000000008,0.13497670778,2.943031311035156,4.1148200035095215,-1.1717886924743652,-0.3914013504981994,0.80923441256258,2.993829,31.0,0.929158209268128,low,True,https://di-india-collab.flow-analytics.io/tools/replay/2025-06-01T14:26:38Z,1,0.05131939257773567,-2.9696865752802797,3.744615279756843
10761606_10761750,2025-06-01 14:26:37.544291019,4,4,1,0.7399194419739077,7.41298246383667,1.5525715351104736,7.638880290970216,1.989100694656372,4.77464771270752,175.8040313720703,11.749609049818105,3.234619140625,2.999372746937123,0.0961309314339783,3.0030081539703906,4.08,0.00144582128,1.8616149439999992,0.3578339536000001,1.1472000000000009,0.1457793772,2.7486164569854736,2.0188651084899902,0.7297513484954834,0.2517578601837158,1.722758620879572,2.898624,30.0,0.8861382599543541,low,True,https://di-india-collab.flow-analytics.io/tools/replay/2025-06-01T14:26:37Z,1,4.695515056012213e-23,-51.412849329128775,10.683882327633576
10762477_10762691,2025-06-01 14:27:52.884283066,4,4,1,0.0558899136716922,6.8403167724609375,0.6578631401062012,1.3307096945899606,0.4167284965515136,10.397780418395996,12.176751136779783,-5.29978813646233,3.193115234375,3.989016533636124,0.0805596936026809,3.989810471395383,6.96,0.00144582128,1.8065270399999995,0.383706139,1.1424000000000007,0.1296978005399999,4.24738073348999,3.1338179111480717,1.113562822341919,0.3739129304885864,1.2530912470113789,2.978134,31.0,0.9999777328911744,low,True,https://di-india-collab.flow-analytics.io/tools/replay/2025-06-01T14:27:52Z,1,0.03961500161970416,-3.2285474036787996,4.214810748668628
10763002_10763077,2025-06-01 14:28:59.130027056,4,4,1,0.1009647400106658,6.523649215698242,1.0732797384262085,0.2943374239487715,1.2092550992965698,6.078237533569336,14.10013198852539,1.0873648654919004,3.275390625,1.944798109019184,0.053815537970514,1.94490399260995,5.52,0.00144582128,1.8033415019999997,0.3752533728000001,1.1472000000000009,0.1411800508999999,1.5697847604751587,0.0422419756650924,1.5275428295135498,0.5127875804901123,2.418464533455818,2.9789,30.0,0.9787808774407571,moderate,True,https://di-india-collab.flow-analytics.io/tools/replay/2025-06-01T14:28:59Z,1,2.8019169005377225,1.0303037902793584,2.3251912270541677
10763002_10763243,2025-06-01 14:28:51.307334900,4,4,1,0.0303486134895744,5.167608737945557,0.452080637216568,0.3736545475411803,0.862034797668457,11.430723190307615,0.4476232528686523,-0.7756966518738256,3.18017578125,2.277294619100659,0.0432963968491857,2.277753947030471,9.12,0.0014075006,1.7951407239999997,0.3588216136,1.1520000000000008,0.11651629686,2.0995841026306152,6.246548175811768,-4.146964073181152,-1.4105651378631592,0.4806235041852133,2.939931,24.0,0.8594816409661004,low,True,https://di-india-collab.flow-analytics.io/tools/replay/2025-06-01T14:28:51Z,1,9.924242685731018e-07,-13.823115131001025,6.324548846590552
10763243_10763265,2025-06-01 14:28:26.741245031,4,4,1,0.7130584654008012,5.949663639068604,2.136475086212158,-0.0609713306979214,2.553400754928589,2.784803628921509,3.1333627700805664,2.097348395411563,3.08837890625,0.2993823794512604,0.0130198140908039,0.3707705829691888,2.88,0.1478227251799999,0.6639174362,0.3963477956,1.1280000000000008,0.2323472546,2.870535373687744,0.0856251195073127,2.784910202026367,0.9587676525115968,2.7882173055343795,2.904677,30.0,0.9981151439596132,moderate,True,https://di-india-collab.flow-analytics.io/tools/replay/2025-06-01T14:28:26Z,1,0.36314929774694116,-1.0129412407141754,3.1489771897067955
10763355_10764572,2025-06-01 14:29:35.581254959,4,4,1,0.5228211406590341,7.368051528930664,2.188994646072388,-0.4205055557748886,2.167518377304077,3.365952253341675,0.9931640625,-2.765398996019278,2.9873046875,1.1388877067638277,0.0446542154683684,1.1507769804316588,3.36,0.0015052288,1.331913984,0.3560562986,1.1520000000000008,0.235918825,3.0307343006134038,1.7151297330856323,1.315604567527771,0.4405500590801239,2.1301040657721764,2.986277,31.0,0.9998614477139586,moderate,True,https://di-india-collab.flow-analytics.io/tools/replay/2025-06-01T14:29:35Z,1,0.06834459368434688,-2.6831928164629097,3.519563081663369
10764756_10764786,2025-06-01 14:29:37.775990963,4,4,1,0.0987323358775022,6.63237190246582,1.0464237928390503,0.3091320100041815,0.871921181678772,6.338131904602051,0.8952465057373047,-0.777986777728882,3.21728515625,0.0822899554422232,0.0021723403404899,0.1308028329338305,6.24,0.1095374061599999,0.4329730022600001,0.4369309895999997,1.142400000000001,0.14004574542,1.2861614227294922,0.0307488404214382,1.2554125785827637,0.4198851585388183,2.131887681700511,2.989895,31.0,0.9989867267012624,moderate,True,https://di-india-collab.flow-analytics.io/tools/replay/2025-06-01T14:29:37Z,1,1.8346335332967405,0.6068447521868876,1.7677144411782988
10765106_10765144,2025-06-01 14:30:03.248096943,4,4,1,0.1265655512592979,7.391880035400391,1.1956173181533811,-0.1445070206988424,1.1526715755462646,6.1824798583984375,0.6714348793029785,-4.358420330244893,3.177001953125,0.1403723941311807,0.0037750458853402,0.1575106178216646,6.24,0.12392520004,0.5070666742600001,0.3989041941999998,1.1424000000000007,0.14056629592,1.68714439868927,0.1336405575275421,1.5535038709640503,0.5362194776535034,1.488341735612132,2.897142,30.0,0.9985568888090028,low,True,https://di-india-collab.flow-analytics.io/tools/replay/2025-06-01T14:30:03Z,1,4.102724665340498,1.4116513055150874,2.8100685626411575
10765144_10765249,2025-06-01 14:30:25.131905079,4,4,1,0.0742187601253988,5.524537086486816,0.9774563312530518,-1.0182384833717808,-0.1852813959121704,5.651952743530273,7.385783672332764,0.0,3.133056640625,2.6271277237246,0.0760763674993446,2.627808757030349,4.32,0.00129985486,1.7996417519999994,0.3548334890000001,1.1424000000000007,0.1417413293,0.8992832899093628,3.1578001976013184,-2.258516788482666,-0.758362352848053,1.1495305416789887,2.97815,31.0,0.8955407724799367,low,True,https://di-india-collab.flow-analytics.io/tools/replay/2025-06-01T14:30:25Z,1,0.07502220895503245,-2.5899710898800903,3.9557528938080706
10765194_10765760,2025-06-01 14:30:54.101113081,4,4,1,0.0674317988400349,5.996150970458984,0.7977273464202881,-0.0157368455911892,0.811119794845581,7.516541957855225,12.981074333190918,0.0,3.177978515625,0.3828214336396583,0.0092281144205503,0.3845759312891019,7.439999999999999,0.0958366660799999,0.6015996844,0.4047911801999999,1.1280000000000008,0.1216100786999999,1.1228312253952026,1.3300421237945557,-0.207210898399353,-0.0711729601025581,1.7145449969419906,2.911371,30.0,0.9950615842513588,low,True,https://di-india-collab.flow-analytics.io/tools/replay/2025-06-01T14:30:54Z,1,3.0303853767894893,1.108689798492927,2.6184010970459872
10765645_10765714,2025-06-01 14:30:46.832904100,4,4,1,0.1987640437156324,7.079901218414307,1.602246880531311,-0.8949824022744899,0.964403748512268,4.4187331199646,1.5666813850402832,0.0,3.0712890625,0.1470091163150816,0.0048312636212831,0.2137545972184722,4.32,0.1337667881,0.62907554386,0.3920313638,1.1376000000000008,0.14611686142,1.277572512626648,1.5733541250228882,-0.2957816123962402,-0.1010773032903671,1.23536285529572,2.926291,29.0,0.998788305011258,low,True,https://di-india-collab.flow-analytics.io/tools/replay/2025-06-01T14:30:46Z,1,0.19855405339426802,-1.6166939066333148,3.4961915384333246
10765714_10765719,2025-06-01 14:30:48.995110989,4,4,1,0.6045958851595498,7.470907211303711,2.479872941970825,-1.283900560953448,2.624469995498657,3.012616872787476,3.469080209732056,-12.075209086616272,3.0703125,0.5902146568025535,0.0246092866064546,0.6546111418776132,2.88,0.1174447793,0.9588226588,0.3929031207999999,1.1664000000000008,0.2824589034,3.6094257831573486,1.97100830078125,1.6384174823760986,0.5469462871551514,6.952372373290944,2.9955730000000003,31.0,0.9996124022859896,critical,True,https://di-india-collab.flow-analytics.io/tools/replay/2025-06-01T14:30:48Z,1,0.001127566265044775,-6.78769371665609,4.624832833650674
10765719_10765778,2025-06-01 14:30:49.578737974,4,4,1,0.4115318578161361,7.402754783630371,2.1978907585144043,-2.1325188173969543,3.1759183406829834,3.3681178092956543,0.111905813217163,9.914912450203932,3.007568359375,0.0513730354598863,0.0019702897132354,0.0542673593337883,3.36,0.20191334054,0.5221506892,0.3884123168,1.132800000000001,0.24774211,5.300937652587891,1.3233624696731567,3.977575302124024,1.3394511938095093,3.275265755356126,2.969556,31.0,0.999793556081746,moderate,True,https://di-india-collab.flow-analytics.io/tools/replay/2025-06-01T14:30:49Z,1,9.174796135811464e-05,-9.296465290806537,4.189651547750892
10766869_10767224,2025-06-01 14:32:04.552228928,4,4,1,0.1995267773345587,7.436071872711182,1.7050403356552124,-0.9462614948723465,1.8501715660095213,4.361229419708252,8.728652954101562,11.374049161847008,3.145263671875,2.934270871363859,0.0992449256473725,2.9382276567167684,3.6,0.0014659861,1.8616149439999992,0.3355320134000001,1.1472000000000009,0.1519433656,5.6059889793396,4.034878253936768,1.571110725402832,0.524827778339386,2.6474321069991555,2.993574,31.0,0.9998263587467816,moderate,True,https://di-india-collab.flow-analytics.io/tools/replay/2025-06-01T14:32:04Z,1,0.26929914444932934,-1.311932456112336,3.2790860356402556
10769650_10769679,2025-06-01 14:34:20.054754019,4,4,1,0.1017766514128529,7.497025012969971,1.0911961793899536,-0.0691620425643654,1.2720801830291748,6.87046480178833,2.461927890777588,6.571221220757112,3.2724609375,1.1588086446064765,0.0297001479332218,1.1589071663910364,6.72,0.00154367736,1.33119187,0.3880574202,1.156800000000001,0.1473683206,2.305995464324951,0.923133671283722,1.382861852645874,0.4779843688011169,2.602299856837863,2.893111,30.0,0.9991813109299144,moderate,True,https://di-india-collab.flow-analytics.io/tools/replay/2025-06-01T14:34:20Z,1,1.6234308518763247,0.4845417196465069,2.4774903199552556
10769650_10769782,2025-06-01 14:35:00.438189983,4,4,1,0.0919703226863169,6.346107006072998,0.9856882691383362,-0.1766500922285846,0.9333709478378296,6.438249588012695,1.5666813850402832,-0.5154189764747352,3.2451171875,0.3611544233143175,0.0095436324660988,0.3664049777596515,6.48,0.09876758082,0.4383737836999999,0.4487782857999998,1.1280000000000008,0.14107964358,1.4202996492385864,0.2860038578510284,1.1342958211898804,0.3787600398063659,1.9204850900209545,2.994761,31.0,0.9999999253329002,low,True,https://di-india-collab.flow-analytics.io/tools/replay/2025-06-01T14:35:00Z,1,0.8100214101049198,-0.21069459943668176,2.102255919275695
10769650_10769782,2025-06-01 14:35:30.802625895,4,4,1,0.0521341510799917,5.862037181854248,0.7255555987358093,-0.1605008006098129,0.8277451992034912,8.079377174377441,8.728652954101562,6.248067871944234,3.2451171875,0.6859394495435016,0.015903220984798,0.6868635004832118,7.92,0.0783378115999999,1.1703763858000005,0.4439759271999998,1.1616000000000009,0.12282770204,2.37565016746521,2.6471612453460693,-0.2715110778808594,-0.0909508988261222,1.8947251449976152,2.985249,31.0,0.999843507579506,low,True,https://di-india-collab.flow-analytics.io/tools/replay/2025-06-01T14:35:30Z,1,0.030258309458315383,-3.497984439389584,4.035202744343178
10770680_10770733,2025-06-01 14:35:24.801629066,4,4,1,0.0833628274126426,6.304958343505859,0.8900464773178101,-0.1458677926244734,1.0469467639923096,7.083852767944336,0.6714348793029785,0.8274084094793248,3.12451171875,0.3480557340280483,0.0086860480578873,0.3597958457422809,6.96,0.09665543384,0.4282268656999999,0.3950614643999999,1.1280000000000008,0.1236111978399999,1.3527588844299316,0.0045663258060812,1.348192572593689,0.4640618860721588,1.7724420509357413,2.9052,28.0,0.998584416005569,low,True,https://di-india-collab.flow-analytics.io/tools/replay/2025-06-01T14:35:24Z,1,0.2575587316204826,-1.3565075009224996,3.516694294024407
10770875_10770958,2025-06-01 14:35:37.490794897,4,4,1,0.0813060482235957,6.728789806365967,0.8627959489822388,-0.5256105303304961,0.6301991939544678,7.798819541931152,1.1190581321716309,3.3160404357605264,3.070068359375,0.052550210886051,0.0012221142503751,0.1148385415485585,7.68,0.1130803144599999,0.4808773151400001,0.3990690091999999,1.1376000000000008,0.11947558068,0.9912331700325012,0.0446219779551029,0.9466111660003662,0.3246854841709137,1.9458535724933,2.915471,30.0,0.9990204701752704,low,True,https://di-india-collab.flow-analytics.io/tools/replay/2025-06-01T14:35:37Z,1,0.3791083181014388,-0.9699333149927325,3.163137760924512
10771218_10771235,2025-06-01 14:35:53.083179951,4,6,1,0.2568247813861112,6.349462509155273,1.511579513549805,0.276572889200243,1.5126516819000244,4.20054817199707,4.70004415512085,1.8266735748039988,3.49755859375,0.6894982677690407,0.0236077764932248,0.6979027070276789,4.08,0.07809025168,1.1144644698,0.4128403569999997,1.1712000000000011,0.1376903521,1.934592604637146,0.1046294048428535,1.829963207244873,0.6120796203613281,2.006343233834541,2.989747,31.0,0.9989764884725874,moderate,True,https://di-india-collab.flow-analytics.io/tools/replay/2025-06-01T14:35:53Z,1,0.3876644405484187,-0.9476151574995262,2.710618341400011
10771489_10772131,2025-06-01 14:37:02.345794916,4,4,1,0.0430255359888792,7.360761642456055,0.6213011741638184,0.4775637702647524,0.8120490312576294,11.847332954406738,17.68111801147461,-10.356945472636804,3.34521484375,3.1063949447776005,0.0579384836128139,3.107192128813057,9.84,0.00145561094,1.8078425299999996,0.3840186958,1.1520000000000008,0.1198946836,1.769446849822998,3.110098123550415,-1.340651273727417,-0.457755446434021,1.5645519339944132,2.92875,30.0,0.9355388056012603,low,True,https://di-india-collab.flow-analytics.io/tools/replay/2025-06-01T14:37:02Z,1,0.005719101605543015,-5.1639435478939575,5.033282610288892
10771501_10771540,2025-06-01 14:37:33.843275070,4,4,1,0.0545978330938263,7.44379997253418,0.8596398234367371,0.2388325991746615,0.7620053291320801,8.659208297729492,11.078675270080566,5.516904453051428,3.167724609375,3.370809779251138,0.0758287534420864,3.371615426212692,6.96,0.00144582128,1.8078425299999996,0.3567133946,1.1424000000000007,0.1295581859199999,5.043086528778076,3.6232175827026367,1.4198689460754397,0.4884930253028869,1.5975692404546171,2.906631,30.0,0.9973308366275347,low,True,https://di-india-collab.flow-analytics.io/tools/replay/2025-06-01T14:37:33Z,1,0.3720059230404545,-0.9888455026839872,3.200203507405976
10772379_10772420,2025-06-01 14:37:01.978902102,4,4,1,0.1163058092062911,7.476164817810059,1.2323098182678225,-0.8908587024799163,2.8980929851531982,6.0667901039123535,2.2381162643432617,2.32529119885938,3.3046875,0.941589244849064,0.0259523987100647,0.9422993202975384,6.0,0.0173099432399999,1.1490548881999998,0.3893394804,1.166400000000001,0.1453549383,3.576622724533081,0.0800712406635284,3.496551513671875,1.1734414100646973,6.486596299539363,2.979741,31.0,0.9995543175713252,serious,True,https://di-india-collab.flow-analytics.io/tools/replay/2025-06-01T14:37:01Z,1,0.007812326849606795,-4.852052427415556,4.752904942263808
10772467_10772511,2025-06-01 14:37:06.580353022,4,4,1,0.2737100721387374,7.310964107513428,1.4848496913909912,0.3197083347614991,1.831197738647461,4.923706531524658,7.1619720458984375,-8.733526380584506,3.359375,2.721346751762252,0.0855783233917311,2.724242355432573,4.32,0.00144582128,1.8065270399999995,0.3587389050000001,1.1472000000000009,0.148028534,2.565671682357788,0.0688994824886322,2.496772289276123,0.8326287865638733,2.2072449891389327,2.998662,31.0,0.9938952541340784,moderate,True,https://di-india-collab.flow-analytics.io/tools/replay/2025-06-01T14:37:06Z,1,0.9016338555424137,-0.10354676644869215,2.730843696496312
10772530_10772590,2025-06-01 14:37:10.670648098,4,4,1,0.5501441659286805,6.5087080001831055,2.057433843612671,0.1455365144655467,2.377774477005005,3.1635076999664307,0.5595290660858154,-1.162605670403373,3.177734375,0.1398710081908771,0.0056077632255028,0.1644724788195956,3.12,0.17586867862,0.5157116369600001,0.3953370424,1.1520000000000008,0.1721548837999998,2.6778452396392822,0.054218515753746,2.623626708984375,0.8770133256912231,2.8588258755984555,2.991547,31.0,0.9999685192973388,moderate,True,https://di-india-collab.flow-analytics.io/tools/replay/2025-06-01T14:37:10Z,1,0.01514265283218419,-4.1902398262306555,3.449574304519649
10772695_10772758,2025-06-01 14:37:20.355736971,4,4,1,0.0357797697355046,7.491026401519775,0.7273890376091003,-0.5024541972327641,0.3580179214477539,10.298514366149902,3.5809860229492188,-6.937534623778396,3.23974609375,1.6762581050445429,0.0338407639668961,1.676800797989343,9.84,0.00154367736,1.8033415019999997,0.383610505,1.156800000000001,0.12656286128,1.128745675086975,0.8356050252914429,0.2931406497955322,0.1011111959815025,1.0719653473625734,2.899191,30.0,0.9942731561695562,low,True,https://di-india-collab.flow-analytics.io/tools/replay/2025-06-01T14:37:20Z,1,0.2539835748769484,-1.3704856798933118,3.301732577809165
10774188_10774201,2025-06-01 14:39:06.364042044,4,4,1,0.1137732013496186,7.462667465209961,1.1724560260772705,-0.0707947968538428,1.1129910945892334,6.364986896514893,0.4476232528686523,2.4170752074848263,3.037353515625,0.2947537868701572,0.0078311370035648,0.3242010655003803,6.24,0.11809427302,0.4221909877000001,0.3870425109999998,1.1280000000000008,0.14705697182,1.9327930212020876,0.5487488508224487,1.384044170379639,0.4633128046989441,1.462189023935685,2.987278,31.0,0.9923674453368448,low,True,https://di-india-collab.flow-analytics.io/tools/replay/2025-06-01T14:39:06Z,1,0.8329256217975054,-0.18281093036066137,3.152622742069444
10774188_10774201,2025-06-01 14:40:06.181452036,4,4,1,0.0309943632844401,6.935141563415527,0.5872896909713745,0.2287046433802162,0.5376409292221069,11.808723449707031,1.7904930114746094,3.868217447375168,3.037353515625,1.0862066977811888,0.0201499250659233,1.0862068460933212,11.52,0.00154367736,1.2036391146,0.4027740199999999,1.156800000000001,0.12306269876,1.6769282817840576,4.279332637786865,-2.602404356002808,-1.2974584102630615,1.8873385516741863,2.005771,21.0,0.9950206133133126,low,True,https://di-india-collab.flow-analytics.io/tools/replay/2025-06-01T14:40:06Z,1,8.983988259768038e-12,-25.435577205286666,7.2930942087588475
10774288_10774331,2025-06-01 14:39:12.550242901,4,4,1,0.14036338568,6.18466854095459,1.1483240127563477,0.0130624032350337,1.1599644422531128,5.38582181930542,0.979175865650177,-3.3509432825011487,2.995361328125,0.1695642992879907,0.0049574245203759,0.205962620130725,5.279999999999999,0.1064471724399999,0.5525288721600002,0.3901177547999998,1.1424000000000007,0.14107955492,1.5368283987045288,0.0192584171891212,1.5175700187683103,0.5072746276855469,1.3708222623597828,2.991614,31.0,0.9966634287767832,low,True,https://di-india-collab.flow-analytics.io/tools/replay/2025-06-01T14:39:12Z,1,2.570185860744393,0.9439782156480049,2.7621134058487966
10774331_10775439,2025-06-01 14:40:45.167530060,4,4,1,2.5560564453709573,5.244882106781006,2.719610929489136,-0.1292086425600934,0.1193944215774536,1.9285413026809688,145.141845703125,-10.362546369166097,2.957763671875,1.627421037229196,0.0891510587801307,1.6373280791675704,1.68,0.00137053252,1.7983262619999991,0.3272618722000001,1.1472000000000009,0.2696241957999999,1.501460075378418,2.097018241882324,-0.5955581665039062,-0.2056342661380767,2.0424219414308205,2.896201,30.0,0.9777142165229704,moderate,True,https://di-india-collab.flow-analytics.io/tools/replay/2025-06-01T14:40:45Z,1,1.0626225647570932e-10,-22.965110959711406,7.243066132961157
10774580_10774610,2025-06-01 14:39:38.140631914,4,4,1,0.0575564632691392,7.153127670288086,0.923915147781372,-0.331478109237263,0.6234592199325562,7.742191314697266,5.595290660858154,-5.294175057312764,3.13330078125,0.5287584977866319,0.0125516207623782,0.5290793891279454,7.68,0.0939478298999999,0.8888609948,0.3977622211999999,1.1472000000000009,0.13252076214,0.9254454374313354,1.2379554510116575,-0.3125100135803222,-0.1049676612019538,0.5876101880007059,2.9772030000000003,31.0,0.9991532936392395,low,True,https://di-india-collab.flow-analytics.io/tools/replay/2025-06-01T14:39:38Z,1,4.326509731534337,1.4647611503477704,2.5482489843254443
10775166_10775191,2025-06-01 14:40:21.363775969,4,4,1,0.1496191364416344,7.379964828491211,1.32644784450531,-0.7514193734724606,1.615759015083313,5.5637054443359375,0.2238116264343261,2.4214707826624013,3.3525390625,0.4054085861000562,0.0116964401479709,0.4069823327131352,5.52,0.1175658798799999,0.6461288488000001,0.4411911767999998,1.1232000000000009,0.14735387172,3.073378086090088,0.0715345442295074,3.0018434524536133,1.0033637285232544,2.2894826047431622,2.99178,31.0,0.9996918291926946,moderate,True,https://di-india-collab.flow-analytics.io/tools/replay/2025-06-01T14:40:21Z,1,1.2511978434969175,0.22410136725956425,2.2406917496935512
10775166_10775191,2025-06-01 14:40:56.146050930,4,4,1,0.0648156059107226,7.494324684143066,0.9776453375816344,-0.3211543173593906,1.3963497877120972,7.665688514709473,24.39546775817871,3.5743482020790225,3.3525390625,6.063386644195378,0.1472801793424138,6.06340070628686,2.64,0.00140866756,1.9703266799999992,0.3614517967999999,1.1424000000000007,0.1421360053,3.3795385360717773,1.4312269687652588,1.9483115673065183,0.6716277599334717,2.644798149914316,2.90088,30.0,0.9802081068952526,moderate,True,https://di-india-collab.flow-analytics.io/tools/replay/2025-06-01T14:40:56Z,1,4.988202660264357e-05,-9.905849808413972,5.2052500168131175
10776087_10776089,2025-06-01 14:42:27.083980083,4,4,1,0.0457968879667228,5.919684410095215,0.5238676071166992,-1.0607137573034706,0.4316811561584472,11.299962997436523,1.342869758605957,5.447877996972323,3.3505859375,1.899531107302242,0.0363166316599945,1.899787660234005,10.08,0.0014075006,1.8033415019999997,0.3842984472,1.156800000000001,0.11651629686,5.488688945770264,4.951261043548584,0.5374279022216797,0.184929758310318,3.031946664077546,2.906119,30.0,0.9525070882674788,moderate,True,https://di-india-collab.flow-analytics.io/tools/replay/2025-06-01T14:42:27Z,1,0.0068459993630507095,-4.984090831913775,4.294111047364986
10776087_10776104,2025-06-01 14:41:31.825984955,4,4,1,0.1115308232708908,7.483461380004883,1.2182667255401611,-0.821294463942692,1.7671396732330322,6.142711639404297,1.45477557182312,2.337554915423407,3.3056640625,0.4629623347880767,0.0126033028904334,0.4852876985774778,6.0,0.1034568800999999,0.905990821,0.4323532687999998,1.132800000000001,0.14596466836,4.360222816467285,0.9050086140632628,3.455214262008667,1.1868494749069214,2.8365420078558867,2.911249,30.0,0.9994811211871932,moderate,True,https://di-india-collab.flow-analytics.io/tools/replay/2025-06-01T14:41:31Z,1,0.5350753214605546,-0.6253477542190619,3.009094459490991
10776106_10776117,2025-06-01 14:41:35.237332106,4,4,1,0.0615737826597071,6.842055320739746,0.7657744884490967,-1.185226076243563,0.3123570084571838,8.93481731414795,2.573833703994751,0.6313357252550519,3.31005859375,0.0799374802073098,0.0017193534915347,0.0898600528686833,8.879999999999999,0.1131526458199999,0.4299366125000001,0.4447487471999999,1.132800000000001,0.1186246526799999,1.0525354146957395,0.0593881793320179,0.9931472539901732,0.333981454372406,1.650917167497575,2.97366,31.0,0.9990344474427626,low,True,https://di-india-collab.flow-analytics.io/tools/replay/2025-06-01T14:41:35Z,1,1.2381157059913812,0.2135906319236804,2.319166522360849
10776139_10776156,2025-06-01 14:41:37.214682102,4,4,1,0.029233455184985,7.168180465698242,0.6003824472427368,-0.0295962549392581,0.4960036277770996,11.939356803894045,0.3357174396514892,0.8056136411388838,3.259765625,0.435722793153369,0.0079789665971098,0.4402553441656401,12.0,0.0963998289799999,0.8811745172000001,0.4501036563999999,1.142400000000001,0.11937254752,1.4355813264846802,0.148081749677658,1.2874995470046997,0.429250955581665,1.036952269435742,2.99941,31.0,0.9996723030903032,low,True,https://di-india-collab.flow-analytics.io/tools/replay/2025-06-01T14:41:37Z,1,0.011031420869892188,-4.507007635346575,3.9046077079896753
10776179_10776207,2025-06-01 14:41:43.208127975,4,4,1,0.0996162171289371,7.402821063995361,1.139125108718872,-0.1311567010216359,0.8580636382102966,6.498690128326416,0.6714348793029785,6.2820705948574025,3.265380859375,0.531445399853812,0.0140034549784644,0.5317142230123371,6.48,0.1008659432599999,0.9352723136,0.4339745325999998,1.1472000000000009,0.14654636366,1.5385704040527344,0.2449855655431747,1.2935848236083984,0.4429818093776703,1.046810320336453,2.920176,30.0,0.9976927699869692,low,True,https://di-india-collab.flow-analytics.io/tools/replay/2025-06-01T14:41:43Z,1,0.9169931774420017,-0.08665524683840789,2.622892843460531
10776275_10776289,2025-06-01 14:41:52.707751036,4,4,1,0.0855884490914016,7.38442850112915,0.988734483718872,0.4476047564738495,1.307050704956055,7.468565940856934,2.90955114364624,-7.043058104623321,3.072021484375,0.4590342467260257,0.0111216993661638,0.459034339035831,7.439999999999999,0.1030887310199999,0.9404767204000002,0.4041237089999998,1.132800000000001,0.14454279892,2.743670701980591,0.0197924990206956,2.7238781452178955,0.9363909959793092,2.1482294732800864,2.908911,30.0,0.9994009469992542,moderate,True,https://di-india-collab.flow-analytics.io/tools/replay/2025-06-01T14:41:52Z,1,1.0291767399344225,0.02875920102861776,2.998545390734673
10776845_10776990,2025-06-01 14:43:55.811245918,4,4,1,0.0981859249387571,7.479450225830078,1.158541560173035,-0.8643323811028848,1.6608926057815552,6.455918788909912,13.204885482788086,2.199928751635611,3.26513671875,2.4107021829615274,0.0644504707993655,2.410900302939662,5.76,0.00144582128,1.8078425299999996,0.3652802968000001,1.1424000000000007,0.1434537702,3.1746065616607666,0.6826107501983643,2.4919958114624023,0.8590070605278015,2.35990081667216,2.901019,30.0,0.9996490403381674,moderate,True,https://di-india-collab.flow-analytics.io/tools/replay/2025-06-01T14:43:55Z,1,2.275936501529662,0.8223916167227263,2.148285800679634
10776871_10776911,2025-06-01 14:42:54.976640940,4,4,1,0.1662236999657716,7.428627967834473,1.4875271320343018,-0.7089611213992962,1.6780474185943604,4.9939446449279785,0.4476232528686523,1.137878702810044,3.21337890625,0.7219343331919923,0.0223037172833045,0.7352559958235847,5.04,0.06326324704,1.0535519053999998,0.4084979819999997,1.1664000000000008,0.1415656937,4.28534460067749,3.819369792938232,0.4659748077392578,0.1559589207172393,1.6741583264949027,2.987805,31.0,0.9950460185981612,low,True,https://di-india-collab.flow-analytics.io/tools/replay/2025-06-01T14:42:54Z,1,1.0200059983575458,0.01980850802158017,3.4251242446147465
10777100_10777144,2025-06-01 14:43:07.454926968,4,4,1,0.3309157703407643,6.344641208648682,1.6399303674697876,0.041177714676033,2.217758178710937,3.8688478469848633,3.3571743965148926,6.663429935002462,3.29296875,0.7707940826858847,0.0277390004765047,0.772206232699732,3.84,0.05885562266,0.9731049045999997,0.4065420159999997,1.1616000000000009,0.1474126268999999,2.5744881629943848,0.0535363927483558,2.520951747894287,0.8696112632751465,3.5609306608240745,2.898941,30.0,0.998506968910787,moderate,True,https://di-india-collab.flow-analytics.io/tools/replay/2025-06-01T14:43:07Z,1,1.0659473539944195,0.06386393802730743,1.9063678408635638
10777340_10777394,2025-06-01 14:44:01.515360116,4,4,1,0.1131023154633043,7.480806350708008,1.3163264989852903,-0.954208701063472,1.577742099761963,5.683093547821045,0.5595290660858154,2.225458479639447,3.15185546875,0.4025549125663423,0.0114675038366972,0.4209485269644206,5.76,0.1156502515599999,0.8399704764,0.4044477993999998,1.1232000000000009,0.14878343306,7.483963012695312,4.802192687988281,2.6817703247070312,0.920678973197937,2.594020637834765,2.912818,30.0,0.9993798934039192,moderate,True,https://di-india-collab.flow-analytics.io/tools/replay/2025-06-01T14:44:01Z,1,0.07059669506553826,-2.650771947681519,2.7758737106774674
10780405_10780437,2025-06-01 14:46:30.755692005,4,6,1,0.6283533010516147,7.234779834747314,2.2982017993927,-1.1863423947414895,3.0508475303649902,3.148017644882202,7.385783672332764,-9.28543239917254,3.38525390625,2.414557750435787,0.0990443817009117,2.422945328004741,2.88,0.0014659861,1.8691658899999992,0.3578339536000001,1.1472000000000009,0.2589302106,5.690109729766846,3.5045087337493896,2.185600996017456,0.729192852973938,3.129681193268376,2.997288,31.0,0.969082058375277,moderate,True,https://di-india-collab.flow-analytics.io/tools/replay/2025-06-01T14:46:30Z,1,0.0032448891314957734,-5.730674095358667,4.36421373708641
10781449_10781466,2025-06-01 14:48:25.847877979,4,4,1,0.1085262749413592,5.851828575134277,0.9311150312423706,-0.5302067974104506,0.5714619159698486,6.284753799438477,28.871700286865234,0.9885857165519668,3.218017578125,2.835793962005463,0.0771269431288221,2.8358096532667174,4.8,0.00129985486,1.8078425299999996,0.3836597496,1.1424000000000007,0.1377060892,0.9501736164093018,0.0319997109472751,0.9181739091873168,0.3063445091247558,0.9048344313686366,2.997194,31.0,0.9975485641252658,low,True,https://di-india-collab.flow-analytics.io/tools/replay/2025-06-01T14:48:25Z,1,0.30763228651968677,-1.1788500841810592,2.702138562877303
10781480_10781704,2025-06-01 14:48:47.336252928,4,4,1,0.0457753559587216,6.316516876220703,0.6998124122619629,-0.2801638730578812,1.1935399770736694,9.02601432800293,15.443002700805664,6.557795379104633,3.10791015625,1.932871821722155,0.0422545401864928,1.932932515113467,8.16,0.0014075006,1.8033415019999997,0.3576318436,1.1472000000000009,0.12656286128,2.5297963619232178,2.0005078315734863,0.5292885303497314,0.1774800717830658,1.8511399568536324,2.982242,31.0,0.9181445150036608,low,True,https://di-india-collab.flow-analytics.io/tools/replay/2025-06-01T14:48:47Z,1,0.7504395735929291,-0.28709614601629996,3.058207678821168
10782788_10782838,2025-06-01 14:49:55.966582060,6,4,1,1.006856012910692,5.882010459899902,2.389719009399414,-0.0428187897570258,3.1745684146881104,2.461381673812866,22.828784942626957,-1.2472926835985696,3.6279296875,1.0971298714354298,0.0518250482612333,1.098714598735281,2.4,0.0013913097,1.2160443745999998,0.39830388,1.1520000000000008,0.2606888756,3.94824743270874,0.0693285390734672,3.878918886184693,1.2987632751464844,2.8819817915143964,2.986625,31.0,0.9162957170301256,moderate,True,https://di-india-collab.flow-analytics.io/tools/replay/2025-06-01T14:49:55Z,1,3.248541272794976e-05,-10.334719408527027,6.02797132318967
10782978_10783054,2025-06-01 14:49:52.964427948,6,4,1,1.043322418224446,7.418568134307861,2.861130952835083,-0.6605730357592746,2.6471176147460938,2.5928795337677,4.70004415512085,2.1877729612985,3.50244140625,0.093828956924572,0.0042234903199356,0.1652387394610496,2.64,0.2164575223599999,0.5177697536600001,0.4250169462,1.132800000000001,0.277471154,3.148862838745117,3.1574885845184326,-0.0086257457733154,-0.0029792471323162,1.5530766128300189,2.895277,30.0,0.9996740324473392,low,True,https://di-india-collab.flow-analytics.io/tools/replay/2025-06-01T14:49:52Z,1,0.00047194021123197826,-7.6586582515208725,5.13665181755982
10783054_10783145,2025-06-01 14:49:54.565260887,4,4,1,0.0722420731670182,7.472818374633789,0.9981201887130736,-0.3882826487716594,1.0761070251464844,7.486892223358154,4.476232528686523,1.105569069273854,3.317138671875,2.414802344279122,0.0591045000964505,2.41485353140206,6.72,0.00145561094,1.8078425299999996,0.383610505,1.1472000000000009,0.1415543623,3.317401170730591,3.62917685508728,-0.3117756843566894,-0.1039523556828498,0.813120405601605,2.999217,31.0,0.9963684836366594,low,True,https://di-india-collab.flow-analytics.io/tools/replay/2025-06-01T14:49:54Z,1,0.6579702689087155,-0.41859553270695665,3.299802061552782
10783149_10783162,2025-06-01 14:49:57.167074919,4,4,1,0.1222504460984432,5.662742137908936,1.0290356874465942,0.0925017799588317,0.8578795194625854,5.502959728240967,2.0143046379089355,-2.241545830561277,2.88037109375,0.050944068905889,0.0014581103750106,0.0540283695156942,5.52,0.1102198324799999,0.4799335570999999,0.3940792389999998,1.1376000000000008,0.13880580042,1.34561026096344,0.0313492119312286,1.3142610788345337,0.4385930001735687,2.249346063927918,2.996539,31.0,0.9999758816999552,moderate,True,https://di-india-collab.flow-analytics.io/tools/replay/2025-06-01T14:49:57Z,1,0.5773646476328147,-0.5492812404500221,3.290033678656179
10783279_10783306,2025-06-01 14:50:13.055347919,4,4,1,0.0759046747229297,7.326175689697266,0.8673266172409058,0.8786836780865532,0.8229644298553467,8.446847915649414,0.6714348793029785,-1.3706205657987935,3.1376953125,0.7329539664575645,0.0165563554259706,0.7336902558992879,8.4,0.05975154116,0.9609564797999998,0.3758280687999998,1.1616000000000009,0.12862387566,4.731845855712891,2.5971789360046387,2.134666919708252,0.7156139016151428,2.699025801499048,2.982987,31.0,0.995948068676671,moderate,True,https://di-india-collab.flow-analytics.io/tools/replay/2025-06-01T14:50:13Z,1,1.1680897897749538,0.15536975625864222,2.27810976641932
10783315_10783356,2025-06-01 14:50:15.544362068,4,4,1,0.0395428834006132,7.150055408477783,0.6716547012329102,0.3056499850926302,0.8835573196411133,10.64543342590332,0.3357174396514892,-2.5957134488061886,3.14990234375,0.6080907074363576,0.0119511396377856,0.6081172918319293,10.56,0.0829282350199999,1.1565222077999997,0.4249923477999999,1.1520000000000008,0.1173277048799999,3.830662250518799,1.8876376152038572,1.9430246353149412,0.649059534072876,2.4579064175963903,2.9936,31.0,0.9947941918849956,moderate,True,https://di-india-collab.flow-analytics.io/tools/replay/2025-06-01T14:50:15Z,1,0.08277260999790927,-2.4916580694430612,3.4137396314073447
10783315_10783356,2025-06-01 14:50:21.450086117,4,4,1,0.0948691579723585,5.506378173828125,0.8981800675392151,-0.0633186566791185,0.7847129106521606,6.130594730377197,1.0071523189544678,-0.3682176207780822,3.14990234375,0.9466854603614684,0.0259316483653707,0.9478096255275508,6.0,0.0164915849199999,1.1573874931999997,0.3898773056,1.156800000000001,0.1367689418,1.525052785873413,2.2400946617126465,-0.7150418758392334,-0.2468618005514145,1.731652871208146,2.896527,30.0,0.9903691647087312,low,True,https://di-india-collab.flow-analytics.io/tools/replay/2025-06-01T14:50:21Z,1,0.5078610396717369,-0.6775474127769003,2.1049109817958933
10783417_10783434,2025-06-01 14:50:23.846816063,4,4,1,0.0294370541437981,6.369775295257568,0.5433182716369629,-0.3459046877672883,0.6749966740608215,11.723837852478027,3.5809860229492188,-0.6252736779876983,3.25927734375,1.4281319867268063,0.0266580668746473,1.4291035970371264,11.04,0.0014075006,1.5703074199999996,0.3847985964,1.1520000000000008,0.11535627256,1.3799878358840942,1.3830687999725342,-0.0030809640884399,-0.0010347652714699,1.4104478103854192,2.977452,31.0,0.9989685763993787,low,True,https://di-india-collab.flow-analytics.io/tools/replay/2025-06-01T14:50:23Z,1,0.09025507852967156,-2.40511541155543,3.6113690842674715
10783433_10784097,2025-06-01 14:51:13.292675972,4,4,1,0.9522327307517724,6.03125,2.34033203125,-0.3285159795833848,1.6247200965881348,2.577091693878174,57.96721267700195,-12.352315727514872,3.029541015625,3.345837561484,0.154983517761032,3.358601104210067,1.68,0.00126068186,1.9778776259999988,0.3054931288,1.1472000000000009,0.2645314575999999,3.0172781944274902,1.3247050046920776,1.6925731897354126,0.5676920413970947,2.337675411077522,2.981499,31.0,0.9732227352917384,moderate,True,https://di-india-collab.flow-analytics.io/tools/replay/2025-06-01T14:51:13Z,1,8.162455508036398e-08,-16.321135700141223,6.493239221430794
10784583_10784634,2025-06-01 14:51:47.959407091,4,4,1,0.0529451306491316,6.176799297332764,0.7423986792564392,-0.0174169174079451,1.0895764827728271,8.320056915283203,3.3571743965148926,2.9827961921309964,3.21044921875,1.1079063726359948,0.0253257222566402,1.1108788772331633,8.16,0.0014075006,1.2041838846,0.4209985167999999,1.1520000000000008,0.12755418512,2.121593713760376,1.4228100776672363,0.6987836360931396,0.2331382483243942,2.0811221756916933,2.997293,31.0,0.99864196993722,moderate,True,https://di-india-collab.flow-analytics.io/tools/replay/2025-06-01T14:51:47Z,1,0.34211001772396005,-1.07262290439908,2.5268074566623273
10785010_10785087,2025-06-01 14:52:13.345163107,4,4,1,0.3335119995605061,6.670026779174805,1.6870410442352295,-0.0093232452127171,1.883617162704468,3.953683853149414,7.385783672332764,2.8267760316338864,3.12841796875,1.0576044335049308,0.0376550215849812,1.057885937258833,3.84,0.00154367736,1.2041838846,0.3831739487999999,1.1520000000000008,0.1552129726,2.20463490486145,0.0474286563694477,2.1572062969207764,0.7200949192047119,2.024913164022132,2.995725,31.0,0.9815393852017492,moderate,True,https://di-india-collab.flow-analytics.io/tools/replay/2025-06-01T14:52:13Z,1,0.27076417501551464,-1.3065070398435532,2.4705120118631556
10785136_10785172,2025-06-01 14:53:00.362711906,4,4,1,0.0359103740792477,6.650305271148682,0.642890989780426,0.0009186307936608,0.6999387741088867,10.344374656677246,0.6714348793029785,-3.876779573490217,3.065673828125,0.3095436795997671,0.0061593629655099,0.3095462616347368,10.32,0.1017020491999999,0.4984902176999998,0.4044239183999999,1.1232000000000009,0.1123731561799999,1.0057810544967651,0.0053205550648272,1.000460505485535,0.3339658379554748,1.2400355451012508,2.995697,31.0,0.9994807088162064,low,True,https://di-india-collab.flow-analytics.io/tools/replay/2025-06-01T14:53:00Z,1,0.26266981355287944,-1.3368574973328666,3.611860436979737
10785172_10785209,2025-06-01 14:53:00.768064022,4,4,1,0.1114918648072197,6.23380708694458,0.98636656999588,-0.0642359827713637,0.9227463006973268,6.31997013092041,1.230963945388794,5.118236879119249,3.01318359375,0.0595092013511911,0.0015700829096319,0.0983596542390788,6.24,0.1083190863599999,0.4937091933400001,0.3988054187999998,1.1376000000000008,0.13392670508,1.8250093460083008,0.02938081510365,1.795628547668457,0.600091278553009,1.6128665867323173,2.992259,31.0,0.999843437885552,low,True,https://di-india-collab.flow-analytics.io/tools/replay/2025-06-01T14:53:00Z,1,2.0668343958628754,0.7260181593781874,2.8249843567182085
10785666_10785715,2025-06-01 14:53:11.842513084,6,4,1,0.1567819588011029,7.420892238616943,1.2738102674484253,0.2556946103557503,1.2042880058288574,5.825743675231934,1.7904930114746094,-6.328799766856815,3.69775390625,0.8841883435041471,0.0249553526730759,0.8844560475229959,5.76,0.0359453348599999,1.0732349403999997,0.4079668947999998,1.166400000000001,0.1451965436999999,1.865440845489502,0.0336109660565853,1.8318299055099487,0.631543755531311,1.8426467119505687,2.900559,30.0,0.9993290771589716,low,True,https://di-india-collab.flow-analytics.io/tools/replay/2025-06-01T14:53:11Z,1,0.1230067705865166,-2.095515879705829,3.460557748060642
10785797_10785973,2025-06-01 14:54:31.893701077,4,4,1,0.0629650578335787,7.430228233337402,0.874005138874054,0.0161694815012874,0.67305988073349,8.501355171203613,0.111905813217163,-0.037387833712836,3.2001953125,0.1646539960331361,0.0036665352816922,0.1852799272134538,8.4,0.1168521208599999,0.4974149014600001,0.4447487471999999,1.1424000000000007,0.1172651747399999,1.2113640308380127,0.1539630442857742,1.0574009418487549,0.3559588193893432,1.0896366389702556,2.970571,31.0,0.9999910212472656,low,True,https://di-india-collab.flow-analytics.io/tools/replay/2025-06-01T14:54:31Z,1,1.141346652117932,0.13220883903914965,2.2057597317772286
10785809_10785818,2025-06-01 14:54:25.277700901,4,4,1,0.3025208069789397,7.283098220825195,1.7269917726516724,-0.2618786229393737,1.766940951347351,4.217216491699219,1.230963945388794,-3.173898406735691,3.3232421875,0.0884718988338584,0.0029789285227798,0.1993066595255913,4.32,0.15512691902,0.5886766653600002,0.4277650818,1.1328000000000007,0.1557363076199999,2.259211540222168,0.035993680357933,2.2232179641723637,0.7677724361419678,3.102146804909604,2.895673,30.0,0.9999838814077576,moderate,True,https://di-india-collab.flow-analytics.io/tools/replay/2025-06-01T14:54:25Z,1,0.07061555272021378,-2.650504865256541,3.461239985715425
10785818_10785849,2025-06-01 14:54:26.989765882,4,4,1,0.261419316525329,6.900312900543213,1.521364450454712,-0.5581979448742151,1.784138321876526,4.535608291625977,1.9023988246917725,8.92115623915306,3.3974609375,0.5232690550736209,0.0170822029183577,0.5289057105102488,4.56,0.1036888505799999,0.9346552976000002,0.4299183809999998,1.152000000000001,0.1427654475,2.144179105758667,0.0339877046644687,2.110191345214844,0.7072551846504211,3.1781282440962397,2.983635,31.0,0.9992200645689762,moderate,True,https://di-india-collab.flow-analytics.io/tools/replay/2025-06-01T14:54:26Z,1,1.2824032733954398,0.2487358748640967,1.948546305664221
10786137_10786172,2025-06-01 14:53:49.195106030,4,4,1,0.081189116544913,7.496174335479736,0.9172790050506592,0.4883906797204398,1.057936429977417,8.172185897827148,3.916703462600708,1.307035767986679,3.157470703125,1.2951749109319477,0.0299573686359887,1.295197571518561,7.92,0.00154367736,1.562163909999999,0.3676704644000002,1.156800000000001,0.137863237,1.6978375911712646,0.0775272771716117,1.6203103065490725,0.5431851148605347,1.6650439756505473,2.98298,31.0,0.9974322395639356,low,True,https://di-india-collab.flow-analytics.io/tools/replay/2025-06-01T14:53:49Z,1,2.268348593024817,0.8190520746830003,2.6695443219471433
10786208_10786756,2025-06-01 14:54:37.070251942,4,4,1,0.0534968851949845,6.110653400421143,0.7480939030647278,-0.0503465883990661,0.7579861879348755,8.168296813964844,0.2238116264343261,-0.3931300841773877,2.999755859375,0.4451996696468604,0.0102236710625652,0.445975691744464,8.16,0.0899932688799999,0.8548479078000003,0.3954643977999998,1.1376000000000008,0.1216906212999999,1.1672080755233765,0.0293577201664447,1.1378504037857056,0.393120676279068,1.5264708885918663,2.894405,30.0,0.9988979815871202,low,True,https://di-india-collab.flow-analytics.io/tools/replay/2025-06-01T14:54:37Z,1,2.949080278184439,1.081493351634355,2.987493322466433
10786604_10786639,2025-06-01 14:54:16.549268961,4,4,1,0.3335962848070111,7.406315803527832,1.8256323337554927,-0.4511401956639899,1.9301624298095703,4.056849479675293,0.2238116264343261,4.863705143573141,3.1162109375,0.1587838169755709,0.0054938124753287,0.1652235885959251,4.08,0.15663480748,0.5035309547600002,0.3924471422,1.1472000000000009,0.1775137689999999,2.59035873413086,0.0368741005659103,2.5534846782684326,0.8786153793334961,1.96683544893648,2.90626,30.0,0.9999749676770904,low,True,https://di-india-collab.flow-analytics.io/tools/replay/2025-06-01T14:54:16Z,1,0.9930396233012685,-0.0069847131134470756,2.8270201672746738
10786756_10786829,2025-06-01 14:54:37.958767891,4,4,1,0.1890939020799955,5.469419479370117,1.1880018711090088,-0.0971778930293258,1.2838681936264038,4.603881359100342,0.6714348793029785,-1.8744244155472736,3.079833984375,0.1567104563209055,0.0050278720189375,0.1637977402378657,4.56,0.1098541719999999,0.4942785967600002,0.3928662761999998,1.1520000000000008,0.14045963192,1.5901329517364502,0.0180844701826572,1.5720484256744385,0.5240271091461182,1.791595714076039,2.999937,31.0,0.9999370021324632,low,True,https://di-india-collab.flow-analytics.io/tools/replay/2025-06-01T14:54:37Z,1,0.306313224487236,-1.1831470911252522,3.550420387506745
10786756_10786829,2025-06-01 14:54:54.154805899,4,4,1,0.0548446382164794,7.485797882080078,0.8660299777984619,-0.0938718381710091,0.9267139434814452,8.64380931854248,1.7904930114746094,-0.2600395447681811,3.079833984375,0.0288600987539035,0.0006286170301953,0.0290356058357662,8.64,0.1178012993799999,0.4573201242,0.3989036157999999,1.1376000000000008,0.12165986522,4.186331272125244,1.72339129447937,2.462939977645874,0.8247728943824768,2.550862246454492,2.986204,31.0,0.9999787097229212,moderate,True,https://di-india-collab.flow-analytics.io/tools/replay/2025-06-01T14:54:54Z,1,0.498306029026066,-0.6965408745785968,2.8441410810070096
10786829_10786888,2025-06-01 14:54:58.844715118,4,4,1,0.0353866359744211,7.475647926330566,0.6725705862045288,0.0786846382059989,0.2778998613357544,11.115038871765137,1.7904930114746094,-5.625500385498334,3.087646484375,0.2002113738044039,0.0038052110595587,0.2052333489934385,11.04,0.1104837862199999,0.5475712982400002,0.4071064863999999,1.1328000000000007,0.1115969630799999,1.5632940530776978,0.6701929569244385,0.8931010961532593,0.3087857961654663,1.1992373946621286,2.8923,30.0,0.999873202079733,low,True,https://di-india-collab.flow-analytics.io/tools/replay/2025-06-01T14:54:58Z,1,0.09898489581230313,-2.3127880080396537,3.730168620427225
10786888_10786984,2025-06-01 14:54:59.348177910,4,4,1,0.1272526346741016,7.495304107666016,1.2580794095993042,-0.51128403124202,1.3511728048324585,5.957735061645508,1.9023988246917725,2.330370942611965,3.172119140625,0.2674540174108138,0.00738642025694,0.2747179839455819,6.0,0.1216872104599999,0.4033092154000001,0.3964802411999998,1.1424000000000007,0.14421199022,2.796480417251587,0.4335150718688965,2.3629653453826904,0.7920618653297424,2.6509128807595688,2.983309,31.0,0.999938391379378,moderate,True,https://di-india-collab.flow-analytics.io/tools/replay/2025-06-01T14:54:59Z,1,2.4728942822425295,0.9053892388356043,2.772298728809729
10786888_10786984,2025-06-01 14:55:17.319883108,4,4,1,0.2515813665652461,7.330639839172363,1.6345294713974,-0.1256507533824794,1.422571301460266,4.484862327575684,0.4476232528686523,-4.864788734267665,3.172119140625,0.3369551117199195,0.0110398992835909,0.3642896376219551,4.56,0.1244467095599999,0.4313812062,0.3992555431999999,1.1136000000000008,0.15025089182,2.045094966888428,0.0202428512275218,2.0248520374298096,0.6750004291534424,1.5645781616112595,2.999779,31.0,0.9987895415925788,low,True,https://di-india-collab.flow-analytics.io/tools/replay/2025-06-01T14:55:17Z,1,0.30867194504166257,-1.175476232583339,3.0062730857829694
10786934_10787035,2025-06-01 14:55:02.149168015,4,4,1,0.1077349102160014,7.447292327880859,1.0225917100906372,0.6614702829511653,1.221339464187622,7.282762050628662,4.252420902252197,-8.297310553950028,3.189453125,3.3034862328002585,0.0823795379824693,3.305073695757041,5.76,0.00144582128,1.8065270399999995,0.3549718656000001,1.1424000000000007,0.1455655599,3.7757678031921382,1.0852090120315552,2.690558910369873,0.900255024433136,1.9756871581378324,2.988663,31.0,0.9875775878549956,low,True,https://di-india-collab.flow-analytics.io/tools/replay/2025-06-01T14:55:02Z,1,1.1453142418469966,0.13567904638045117,2.8786121085815557
10786934_10787035,2025-06-01 14:55:21.621226072,4,4,1,0.0382571989232798,6.53590202331543,0.6260889768600464,-0.1527507321200136,0.7704063653945923,10.439253807067873,2.0143046379089355,-0.1497851638705629,3.189453125,0.1353795510976027,0.0026637255477882,0.1532764915482085,10.32,0.09587197734,0.4361128892200001,0.4179121377999998,1.1472000000000009,0.1117170962799999,1.2406672239303589,0.0148982983082532,1.2257689237594604,0.4093544483184814,1.615133103584973,2.994395,31.0,0.9986810201575684,low,True,https://di-india-collab.flow-analytics.io/tools/replay/2025-06-01T14:55:21Z,1,0.21798168446998178,-1.5233442359153502,3.3044242997621986
10787035_10787150,2025-06-01 14:55:06.230978966,4,4,1,0.1490320594685778,6.627089023590088,1.230485439300537,0.0871777018075267,1.1070854663848877,5.385751724243164,1.342869758605957,-1.119235197667101,3.21484375,0.0497346054484051,0.001441633967561,0.1389619558949767,5.279999999999999,0.1156531065199999,0.51321520794,0.4290233497999998,1.142400000000001,0.14057894812,1.5566188097000122,0.0355937965214252,1.5210250616073608,0.525969922542572,1.7400753267794953,2.891848,30.0,0.9998588351086746,low,True,https://di-india-collab.flow-analytics.io/tools/replay/2025-06-01T14:55:06Z,1,0.34468965353036796,-1.0651108217776066,2.646224574408941
10787035_10787150,2025-06-01 14:55:22.517051935,4,4,1,0.1214327939617565,5.531801700592041,0.9935394525527954,-0.2408037313449692,0.7970726490020752,5.567772388458252,1.230963945388794,-1.233529417899118,3.21484375,0.0219080297736886,0.0006190189138109,0.0521976301217981,5.52,0.1075989351599999,0.4473961035799999,0.4469592617999998,1.1376000000000008,0.13340189268,1.1986345052719116,0.0202529449015855,1.1783815622329712,0.3928087651729584,1.624001510453851,2.999886,31.0,0.9998897680751102,low,True,https://di-india-collab.flow-analytics.io/tools/replay/2025-06-01T14:55:22Z,1,0.4638020696189863,-0.7682973918615064,2.194273051814638
10787150_10787424,2025-06-01 14:56:00.784816980,4,4,1,0.1236319478154623,7.4561872482299805,1.2267463207244873,0.0611515526060555,1.3001718521118164,6.078018665313721,1.6785871982574463,4.684366816060335,3.02490234375,0.3546900728505379,0.0096988074680237,0.3633652456658623,6.0,0.1174469679799999,0.4437001333999999,0.3876772877999998,1.1232000000000009,0.14757660842,3.3740310668945312,2.1946072578430176,1.1794238090515137,0.4055317342281341,3.913375761951744,2.908339,30.0,0.9998600478799292,moderate,True,https://di-india-collab.flow-analytics.io/tools/replay/2025-06-01T14:56:00Z,1,0.4527488352205085,-0.7924177548988789,2.8132665494060025
10787467_10787701,2025-06-01 14:56:09.690934896,4,4,1,0.0345711380839103,7.483253479003906,0.6530042886734009,0.2819841470417534,0.8845233917236328,11.459731101989746,3.3571743965148926,-1.1019013409695078,3.2978515625,1.4529355629807166,0.0274951852960518,1.452958525410309,11.04,0.00154367736,1.7136483639999995,0.384518845,1.156800000000001,0.1245659073,2.581097364425659,1.7604615688323977,0.8206357955932617,0.275189995765686,2.391896222516151,2.98207,31.0,0.9945006568447556,moderate,True,https://di-india-collab.flow-analytics.io/tools/replay/2025-06-01T14:56:09Z,1,0.1617377320189706,-1.8217791938007402,3.368782350420312
10787484_10787777,2025-06-01 14:56:08.694434881,4,4,1,0.0417991062923904,7.109891891479492,0.610940158367157,0.8752353452919729,0.4976696968078613,11.63762378692627,1.9023988246917725,-2.284068781784028,3.29248046875,1.5907853355822985,0.0298476580151775,1.5908132554564542,11.04,0.00154367736,1.7595997339999994,0.3843521286,1.156800000000001,0.1257259316,4.439992904663086,0.8861197233200073,3.553873062133789,1.188124179840088,4.950530346486341,2.991163,31.0,0.9974586823822618,serious,True,https://di-india-collab.flow-analytics.io/tools/replay/2025-06-01T14:56:08Z,1,0.00732278333341756,-4.916764786474934,4.161794705959095
10787516_10787541,2025-06-01 14:55:34.207853079,4,4,1,0.0832130837321305,7.431736946105957,0.9470269680023192,1.007761223539119,0.9568281173706056,7.847439765930176,2.2381162643432617,-7.497052005595102,3.217529296875,0.3030136465349963,0.0071075033259241,0.3136890659205789,7.92,0.1130090734999999,0.4018333721000001,0.4398652659999998,1.1280000000000008,0.13497670778,1.555025935173035,0.0448735207319259,1.5101524591445925,0.5043983459472656,1.2558374399816208,2.993968,31.0,0.9998946161689236,low,True,https://di-india-collab.flow-analytics.io/tools/replay/2025-06-01T14:55:34Z,1,1.5774087526557063,0.45578347075278375,2.3623470885131166
10787516_10787541,2025-06-01 14:56:12.584861994,4,4,1,0.0537993757182335,7.491631507873535,0.7706826329231262,-0.0930296423305409,1.025634765625,9.720773696899414,0.6714348793029785,2.0171569996010383,3.217529296875,0.1836332163752657,0.0037780850862202,0.2038913568816392,9.6,0.1158724636999999,0.5277225275400003,0.4444142897999999,1.1376000000000008,0.1149450947999999,1.8003815412521362,0.5614603757858276,1.2389211654663086,0.4142731428146362,1.5650243060790516,2.99059,31.0,0.99999997574777,low,True,https://di-india-collab.flow-analytics.io/tools/replay/2025-06-01T14:56:12Z,1,0.5664788518687582,-0.5683155304222742,2.718584478744637
10787516_10787777,2025-06-01 14:56:10.293062925,4,4,1,0.1065332222422499,6.878488540649414,1.056700348854065,0.0275207617764467,1.6282758712768557,6.509403228759766,2.461927890777588,-1.0435835774076494,3.037841796875,2.042681421096029,0.0542805243171817,2.0439341144282355,6.0,0.00145561094,1.8033415019999997,0.3485867692000001,1.1520000000000008,0.1411800508999999,3.7765181064605713,0.6721111536026001,3.1044068336486816,1.0416542291641235,5.581244720377429,2.980266,31.0,0.9997869107882282,serious,True,https://di-india-collab.flow-analytics.io/tools/replay/2025-06-01T14:56:10Z,1,1.1385330085505856,0.12974059911901,2.86892477977002
10787516_10787777,2025-06-01 14:56:16.679049015,4,4,1,0.0293965274472025,6.47507905960083,0.558271050453186,-0.1454324298864841,0.85247802734375,11.598450660705566,1.230963945388794,1.0405657556110712,3.037841796875,0.2517988420411044,0.0046732740318693,0.2540881079499047,11.52,0.0923966145399999,0.5196506181799999,0.4064848227999998,1.1424000000000007,0.10316864334,2.9702024459838867,0.8153279423713684,2.154874563217163,0.7187898755073547,2.148015416794306,2.99792,31.0,0.99982807490827,moderate,True,https://di-india-collab.flow-analytics.io/tools/replay/2025-06-01T14:56:16Z,1,0.014107093756490368,-4.261077504814858,4.147468299359174
10787541_10787853,2025-06-01 14:56:13.695544958,4,4,1,0.0638616365566374,6.475550651550293,0.7963164448738098,0.0562125520700487,0.9765713810920716,8.131880760192871,1.7904930114746094,1.1985346018234582,3.40771484375,0.8064547601518474,0.018646390007722,0.8093863048574041,7.92,0.0512003285999999,1.0247904873999998,0.4345499531999998,1.1520000000000008,0.12637828018,1.694082498550415,0.1573899388313293,1.5366926193237305,0.5150630474090576,2.513532755996845,2.983504,31.0,0.9990191854061714,moderate,True,https://di-india-collab.flow-analytics.io/tools/replay/2025-06-01T14:56:13Z,1,2.3349359796890092,0.8479844730529157,1.9768270810175341
10787850_10787853,2025-06-01 14:56:22.981689930,4,4,1,0.0861718237387732,7.305884838104248,0.9937894940376282,-0.0398044266186962,1.2876750230789185,7.351541519165039,1.9023988246917725,-3.1550191743616565,3.28515625,2.042087724901974,0.050469140839149,2.0429453228221788,6.72,0.00145561094,1.8033415019999997,0.383610505,1.1520000000000008,0.1377504962999999,2.4099011421203613,0.3515855371952057,2.0583155155181885,0.6881977319717407,2.2494120496124066,2.990878,31.0,0.9995378821882224,moderate,True,https://di-india-collab.flow-analytics.io/tools/replay/2025-06-01T14:56:22Z,1,2.6949042055892054,0.9913626584932973,2.3646527566185433
10787850_10787883,2025-06-01 14:56:15.575452089,4,4,1,0.1147281672001723,6.1872239112854,1.081740379333496,0.2100698684110133,1.296705961227417,5.719694137573242,1.7904930114746094,0.6380620012760301,3.24462890625,0.0193741890235281,0.0005382480143248,0.0477675442246093,5.76,0.1102198324799999,0.4566484615799999,0.4369309895999997,1.1376000000000008,0.13964106622,1.679359793663025,0.0279881861060857,1.6513715982437134,0.5510313510894775,3.985095304597148,2.996874,31.0,0.9986303743759696,moderate,True,https://di-india-collab.flow-analytics.io/tools/replay/2025-06-01T14:56:15Z,1,3.7217128739560215,1.3141840122986665,1.8289533237603175
10787875_10787991,2025-06-01 14:56:17.577660084,4,4,1,0.5327314246081335,7.465336799621582,2.282432079315185,-0.7505345583425763,2.087079763412476,3.2707815170288086,19.24779891967773,-4.836655753949319,3.152587890625,1.918909087584928,0.0768149932246908,1.925100767297301,3.12,0.00144582128,1.8078425299999996,0.3367987662000001,1.1472000000000009,0.26026956,3.787494421005249,0.7193468809127808,3.068147659301758,1.024929761886597,4.347861597997092,2.99352,31.0,0.978653973711782,serious,True,https://di-india-collab.flow-analytics.io/tools/replay/2025-06-01T14:56:17Z,1,0.0869557738304375,-2.4423556363561616,4.389961434155314
10788369_10788444,2025-06-01 14:57:36.605675936,4,4,1,4.586119869988117,7.387416362762451,3.991441965103149,-1.77877669849372,5.4480061531066895,1.850813865661621,13.42869758605957,5.017512831612961,3.12255859375,0.95958690020603,0.0536726744287452,1.0412507063369831,1.92,0.00178808922,1.1644042056,0.3626298883999999,1.1520000000000008,0.3576243969999999,5.936666965484619,0.0238826237618923,5.912784576416016,1.9874892234802248,5.914057138668784,2.975002,30.0,0.988323815429403,serious,True,https://di-india-collab.flow-analytics.io/tools/replay/2025-06-01T14:57:36Z,1,2.698450364206461e-09,-19.73058816788506,8.793007543227947
10788417_10788444,2025-06-01 14:57:28.019135952,4,4,1,0.88416681643883,7.162745952606201,2.286816120147705,-2.835761270332416,-1.557245850563049,3.1321914196014404,7.833406925201416,9.431472732493878,3.1298828125,2.356507061246748,0.0969374460721489,2.365869455665296,2.88,0.0014659861,1.8691658899999992,0.3355320134000001,1.1472000000000009,0.2589302106,1.833706498146057,3.529374361038208,-1.6956678628921509,-0.5664637088775635,7.473493943625243,2.993427,29.0,0.9873468894499386,critical,True,https://di-india-collab.flow-analytics.io/tools/replay/2025-06-01T14:57:28Z,1,1.1639070470536605e-09,-20.571483347308973,6.094767214574307
10788941_10789205,2025-06-01 14:58:10.135416031,4,4,1,0.4300734306364071,7.42345380783081,2.1432950496673584,-0.9869401837027104,2.0317130088806152,3.4635705947875977,12.30963897705078,5.875255812748366,3.032470703125,0.5777684147055508,0.0221652316083379,0.6044347875110395,3.36,0.12381914598,0.9466903116,0.3938934863999999,1.156800000000001,0.2226741977999999,2.6595749855041504,0.6429737210273743,2.016601324081421,0.6850180625915527,1.604581461438345,2.943866,30.0,0.9922943446897244,low,True,https://di-india-collab.flow-analytics.io/tools/replay/2025-06-01T14:58:10Z,1,1.176274506438173,0.16235224607931276,2.786174526721752
10789392_10789563,2025-06-01 14:58:54.056147099,4,4,1,0.0578484437912579,5.575525760650635,0.7946329116821289,-0.4170929194943092,0.5140476226806641,7.016479969024658,2.573833703994751,-5.116288217235141,3.112548828125,0.9953834410250556,0.0251670191086185,0.997120708355438,6.72,0.0020164034799999,1.17941982,0.3995042101999999,1.156800000000001,0.12614498838,5.332805633544922,5.686814308166504,-0.354008674621582,-0.1180365309119224,1.510621231363476,2.999145,31.0,0.9970632226299024,low,True,https://di-india-collab.flow-analytics.io/tools/replay/2025-06-01T14:58:54Z,1,0.016473816902707362,-4.105983012843931,4.624977126040034
10789594_10789621,2025-06-01 14:59:42.450108051,4,4,1,0.0843418115490973,6.654415607452393,0.9849582314491272,0.1026841711255027,0.8919734954833984,6.756038188934326,1.5666813850402832,1.9242388094927292,2.982421875,2.051964218461494,0.0533336140495949,2.0553344172300503,6.0,0.00145561094,1.8033415019999997,0.3572236528,1.1520000000000008,0.1377504962999999,3.935840845108032,3.724464178085327,0.211376667022705,0.0705916211009025,1.1018682405419729,2.994359,31.0,0.9978539808889024,low,True,https://di-india-collab.flow-analytics.io/tools/replay/2025-06-01T14:59:42Z,1,1.8536113295509462,0.6171358063049559,2.6253578540515345
10789594_10789621,2025-06-01 14:59:46.349327087,4,4,1,0.0535594750061211,7.459542751312256,0.716748833656311,-0.1022169289997719,0.1045036315917968,10.407470703125,1.1190581321716309,-1.7623768124323966,2.982421875,0.7769679857849,0.0155038921965558,0.777184233004794,10.32,0.05320848248,1.0228974509999995,0.3785110515999998,1.1616000000000009,0.1196794951599999,5.261434555053711,5.670661449432373,-0.4092268943786621,-0.1786834299564361,0.9192607108528936,2.290234,24.0,0.9980480379429454,low,True,https://di-india-collab.flow-analytics.io/tools/replay/2025-06-01T14:59:46Z,1,0.0014706079269542946,-6.522079407930882,3.895927647809162
10790127_10790459,2025-06-01 15:00:19.409044027,4,4,1,0.149736145830062,6.4839277267456055,1.498073935508728,-1.4391684800549494,0.7572571039199829,4.328176021575928,2.685739517211914,-7.652722835626907,3.27490234375,0.225002569928635,0.0075085762041877,0.2250464446557583,4.32,0.1212837551,0.4464654284,0.4337313484,1.1424000000000007,0.14252543742,1.1252697706222534,3.80458664894104,-2.679316997528076,-0.8953514695167542,0.8038614140455789,2.992475,31.0,0.9965153168278708,low,True,https://di-india-collab.flow-analytics.io/tools/replay/2025-06-01T15:00:19Z,1,0.03914729321261983,-3.240423997821356,4.884330202888573
10790988_10791025,2025-06-01 15:01:56.023380041,4,4,1,0.0893316429916354,7.3798980712890625,0.903194785118103,0.6875745941952095,1.7787872552871704,8.170882225036621,2.90955114364624,2.281764781747448,3.3076171875,1.1233551807458997,0.0259597764716368,1.1247628927651403,7.92,0.00154367736,1.2041838846,0.4207187653999999,1.156800000000001,0.1367689418,2.542375326156616,0.0645840317010879,2.477791309356689,0.8545590043067932,2.5429785075652034,2.899497,30.0,0.9952877267326804,moderate,True,https://di-india-collab.flow-analytics.io/tools/replay/2025-06-01T15:01:56Z,1,0.22962204437545536,-1.471320607057371,3.168239474729374
10791105_10791123,2025-06-01 15:01:24.635740042,4,4,1,0.066229087250616,6.130602836608887,0.8174216747283936,-0.0662251708914407,0.8095871210098267,7.499927043914795,5.595290660858154,-6.872182569097342,3.12255859375,1.7163318618263788,0.0418650881039009,1.7168164985724328,6.96,0.0014075006,1.8033415019999997,0.3572236528,1.1472000000000009,0.12880822122,1.1447478532791138,0.0189870297908782,1.125760793685913,0.3890226781368255,1.8878799126605668,2.893818,30.0,0.9980541198174342,low,True,https://di-india-collab.flow-analytics.io/tools/replay/2025-06-01T15:01:24Z,1,0.7847411653576619,-0.24240134123021523,3.2934951908323002
10791579_10791704,2025-06-01 15:02:09.505446911,4,4,1,0.071743047868678,6.954880237579346,0.8995819687843323,0.0371538896008692,0.339869737625122,7.731235504150391,3.804797649383545,2.678964181090689,3.155029296875,0.154740744129783,0.0036448368965423,0.160513093313287,7.68,0.1119699555799999,0.4705841099600002,0.4069802085999999,1.1424000000000007,0.1269351506,2.551140069961548,1.8529956340789795,0.6981444358825684,0.2369913309812545,1.7744997216258802,2.945865,30.0,0.9916325123619432,low,True,https://di-india-collab.flow-analytics.io/tools/replay/2025-06-01T15:02:09Z,1,3.884610277570507,1.3570226641340932,1.9861559984370014
10791683_10791704,2025-06-01 15:02:10.213181973,4,4,1,0.0525567337793666,5.519960880279541,0.5603083372116089,1.4830985411693711,1.284928798675537,9.851648330688477,1.7904930114746094,9.750589556004693,3.104736328125,1.2398105693692003,0.0256460242119212,1.239814372781296,9.36,0.0014075006,1.5522798279999992,0.3661987496000001,1.156800000000001,0.11535627256,3.4421708583831787,1.5665020942687988,1.87566876411438,0.6481281518936157,2.776087301605869,2.893978,30.0,0.9911302484167088,moderate,True,https://di-india-collab.flow-analytics.io/tools/replay/2025-06-01T15:02:10Z,1,0.06074938936449078,-2.8009982484253175,3.5297530921205778
10792182_10792204,2025-06-01 15:02:51.869355917,4,4,1,0.1372669778687661,6.478272914886475,1.0192809104919434,-0.2717963872716017,1.988517999649048,6.355728626251221,0.6714348793029785,-0.1426320311879802,3.190673828125,0.1101643754246645,0.0029093197139556,0.1600503460828808,6.24,0.1061158566799999,0.4691041384600001,0.4130548435999999,1.1472000000000009,0.14013975722,2.886641263961792,0.0758268982172012,2.810814380645752,0.938652753829956,4.043324983808325,2.99452,31.0,0.9993594342409328,serious,True,https://di-india-collab.flow-analytics.io/tools/replay/2025-06-01T15:02:51Z,1,0.4037462732502119,-0.906968634827903,3.8242114448803566
10792364_10792576,2025-06-01 15:03:23.466999054,4,4,1,2.0114094267471203,7.430209159851074,3.551893949508667,-1.6512348715339862,3.4167721271514893,2.091900587081909,0.2238116264343261,2.465622534918129,3.12890625,0.0958552606265931,0.0049044163785357,0.2613516946378967,2.16,0.2647035532799998,0.5738519512,0.3929209264,1.132800000000001,0.3459358934000001,3.80837345123291,4.687036514282227,-0.8786630630493164,-0.2948172688484192,2.1085969332339234,2.980365,31.0,0.9999553055361212,moderate,True,https://di-india-collab.flow-analytics.io/tools/replay/2025-06-01T15:03:23Z,1,3.640965644752791e-09,-19.431016903460144,6.77287716974447
10793465_10793600,2025-06-01 15:04:52.515733004,4,6,1,0.1868770093264783,6.784291744232178,1.5306981801986694,-0.8934778823960132,0.9772458076477052,4.432155132293701,1.5666813850402832,-2.3018793110679474,3.400634765625,0.3166471131426974,0.0104433439269134,0.3534622898734016,4.32,0.1252227280799999,0.4169307973999999,0.4315830813999999,1.1136000000000008,0.14305542322,1.3119192123413086,2.4983129501342773,-1.1863937377929688,-0.4043316841125488,0.9765474478714148,2.934209,30.0,0.9973735442854031,low,True,https://di-india-collab.flow-analytics.io/tools/replay/2025-06-01T15:04:52Z,1,0.08915537099366218,-2.417374689783741,3.9388015102284353
10793529_10793545,2025-06-01 15:05:14.077353954,4,4,1,0.055298165764953,7.022134780883789,0.7733533382415771,0.2838100745979443,0.5300054550170898,9.080111503601074,18.8001766204834,1.2363821201933038,3.32861328125,2.3026775594776323,0.050221415269866,2.3031382413817343,8.16,0.00145561094,1.8033415019999997,0.3838902564000001,1.1520000000000008,0.1242588888199999,1.6300750970840454,0.7627125978469849,0.8673624992370605,0.3001063466072082,1.3391215717320089,2.890184,30.0,0.9691046952123202,low,True,https://di-india-collab.flow-analytics.io/tools/replay/2025-06-01T15:05:14Z,1,1.1397577275151431,0.13081572009732903,2.70114401252107
10793583_10793635,2025-06-01 15:04:53.625703096,4,4,1,0.9594170099722292,7.261305809020996,2.896566152572632,-1.9145233141374636,2.22456955909729,2.506866931915283,1.5666813850402832,-6.7865685371779625,3.18603515625,0.0313015066028189,0.0014265745939753,0.3109944507066989,2.4,0.2104091823599999,0.7217376422600001,0.4092174460000001,1.1232000000000009,0.2727459006,2.5738518238067627,3.668102979660034,-1.0942511558532717,-0.3694745898246765,2.0237532573235275,2.961641,30.0,0.9999723268821704,moderate,True,https://di-india-collab.flow-analytics.io/tools/replay/2025-06-01T15:04:53Z,1,1.1444638372029718e-14,-32.101255039032026,8.311381195500159
10794324_10794356,2025-06-01 15:06:04.932497978,4,4,1,0.097511724583103,7.398152828216553,1.1944844722747805,-0.8683340305790914,0.8523985147476196,6.193594932556152,0.2238116264343261,2.142269662882527,3.1435546875,0.3481052590602979,0.0094112472146336,0.3554509203117754,6.24,0.1188863219799999,0.4411290424,0.3861507569999998,1.1232000000000009,0.14705697182,1.182831883430481,0.0752336308360099,1.1075983047485352,0.3800362944602966,1.2142411717160986,2.914454,30.0,0.9999560580377508,low,True,https://di-india-collab.flow-analytics.io/tools/replay/2025-06-01T15:06:04Z,1,0.3905255206808845,-0.9402619579815683,3.8004755051295964
10794356_10794412,2025-06-01 15:06:31.431238890,4,4,1,0.1265867478000768,5.795379638671875,0.9985466003417968,0.0166210212482133,0.595818042755127,5.803814888000488,7.497689247131348,0.9587228327099948,3.1318359375,1.9065735162857085,0.0542231301819355,1.9097622612595655,5.279999999999999,0.00130964452,1.8033415019999997,0.3572236528,1.1520000000000008,0.1411800508999999,7.039448261260986,4.832046985626221,2.2074012756347656,0.9648218154907228,3.3149090906201484,2.287885,24.0,0.9850842825320942,moderate,True,https://di-india-collab.flow-analytics.io/tools/replay/2025-06-01T15:06:31Z,1,0.001910020295223525,-6.260641411208573,4.114452212018154
10794914_10795400,2025-06-01 15:07:52.751147032,4,4,1,0.04901312597831,5.733693599700928,0.5449666976928711,0.8847814574913523,1.445129632949829,10.5211820602417,0.2238116264343261,-0.0402820920042613,3.22119140625,2.7923760934669124,0.0558583105571707,2.793155798205556,7.92,0.00130964452,1.8033415019999997,0.3821387902,1.1520000000000008,0.11068504886,2.167311668395996,7.472645759582519,-5.305334091186523,-1.8323333263397217,0.0,2.895398,21.0,0.8767015366827037,none,True,https://di-india-collab.flow-analytics.io/tools/replay/2025-06-01T15:07:52Z,1,1.645816126679883e-11,-24.830199636105537,8.46705195293668
10795337_10795396,2025-06-01 15:07:55.244119883,4,4,1,0.035388707122279,5.8313703536987305,0.5695816874504089,0.7415687141096242,0.7111915349960327,10.237987518310549,2.350022077560425,0.2321221029439316,2.959716796875,0.3716699509299661,0.0074508047784228,0.3775605937503606,10.08,0.0907153023199999,0.6120222075999999,0.4057810465999998,1.1232000000000009,0.1095146664399999,2.248176336288452,3.5504627227783203,-1.3022863864898682,-0.4476849138736725,0.7978261964622461,2.908935,30.0,0.9816203310234874,low,True,https://di-india-collab.flow-analytics.io/tools/replay/2025-06-01T15:07:55Z,1,0.09823666128518001,-2.320375800450109,3.670420112790703
10797658_10798001,2025-06-01 15:11:06.457403898,4,4,1,0.301567047889214,7.413972854614258,1.839240312576294,-1.8982482573631183,2.2741076946258545,4.030997276306152,0.5595290660858154,2.4964470581203826,3.3056640625,0.9170387879972586,0.0322434197893339,0.9397016465720984,4.08,0.0183714805399999,1.1654487069999997,0.3839474327999999,1.166400000000001,0.1761741799999999,6.108684539794922,0.660053551197052,5.448630809783936,1.8223174810409544,4.106651864389186,2.989946,31.0,0.9802817663969348,serious,True,https://di-india-collab.flow-analytics.io/tools/replay/2025-06-01T15:11:06Z,1,0.027858838381774123,-3.5806050063391384,5.594988437143774
10798134_10798160,2025-06-01 15:11:24.319788933,4,4,1,0.1299632636134734,6.2888054847717285,1.1437106132507324,-0.0844906984286215,1.2862367630004885,5.498598575592041,0.6714348793029785,2.1031797133631334,3.277587890625,0.4512698279287126,0.0131210829603676,0.4548562311093511,5.52,0.0937296676199999,0.9592908394000004,0.4403360203999998,1.1376000000000008,0.15142183916,1.852140188217163,0.0330120995640754,1.8191280364990237,0.6071876287460327,2.1081780014442044,2.99599,31.0,0.9993224866069164,moderate,True,https://di-india-collab.flow-analytics.io/tools/replay/2025-06-01T15:11:24Z,1,0.7980275416095114,-0.2256121688327713,2.520716211966097
10798134_10798584,2025-06-01 15:11:43.900310993,4,4,1,3.752827170813904,6.76414966583252,3.501282215118408,0.6624534424354488,4.2360520362854,1.9319064617156985,92.54610443115234,-12.080290433683404,3.294189453125,4.780008956723605,0.2635600187010163,4.780139954884298,0.96,0.0015471178399999,2.063363787999999,0.310366539,1.1472000000000009,0.3504387166000001,5.140559673309326,0.1134278625249862,5.027132034301758,1.6800535917282104,7.653581432287945,2.992245,31.0,0.9445734767265714,critical,True,https://di-india-collab.flow-analytics.io/tools/replay/2025-06-01T15:11:43Z,1,1.3544572786684561e-42,-96.40517306400076,15.835159514550034
10798679_10798813,2025-06-01 15:12:19.169748068,4,4,1,0.0419547983769911,5.792916297912598,0.6852812170982361,-0.2829044855387284,0.6022719144821167,8.453341484069824,3.804797649383545,8.88687564938031,3.010498046875,0.2703865483646026,0.0060623718885512,0.2714460211357716,8.4,0.0926618871999999,0.4869087412999999,0.4093128101999999,1.1424000000000007,0.1123731561799999,0.9589486122131348,3.474283218383789,-2.5153346061706543,-0.8394833207130432,1.0828805088949942,2.996289,31.0,0.9979331796377988,low,True,https://di-india-collab.flow-analytics.io/tools/replay/2025-06-01T15:12:19Z,1,0.11800642608499916,-2.137016197651824,2.9819732325152573
10800636_10800917,2025-06-01 15:14:35.665855885,4,4,1,0.2826333322696647,6.105837345123291,1.790430188179016,-1.6563684590727346,0.9880905151367188,3.4102628231048584,0.8952465057373047,9.688282351330734,3.15478515625,0.3452988971320215,0.0133218190274507,0.3524379514639568,3.36,0.1307943201399999,0.4071070686,0.3986547195999999,1.1184000000000007,0.1779555071999999,1.3434503078460691,3.7009177207946777,-2.3574674129486084,-0.7873601317405701,1.4965877700887258,2.994141,31.0,0.997219293029302,low,True,https://di-india-collab.flow-analytics.io/tools/replay/2025-06-01T15:14:35Z,1,0.014599086211472136,-4.226796340481906,4.943606729100018
10800980_10801038,2025-06-01 15:14:44.548576117,4,4,1,0.2418541224880865,7.446771621704102,1.6402708292007446,-0.3476948048409891,1.5890923738479614,4.53996467590332,1.5666813850402832,6.372103254663855,3.194580078125,0.184185766458668,0.0059655723171713,0.1879505735315011,4.56,0.1353759683,0.5515493695000002,0.4274926058,1.1472000000000009,0.14785582242,2.152911424636841,0.2486072480678558,1.9043041467666624,0.6545006036758423,1.4799414661961958,2.909553,30.0,0.9993781855435716,low,True,https://di-india-collab.flow-analytics.io/tools/replay/2025-06-01T15:14:44Z,1,1.5145281140657811,0.41510391457847945,1.9925907094439042
10801441_10803625,2025-06-01 15:17:51.477005959,4,4,1,0.0767086440361926,5.886428356170654,0.872750997543335,-0.0718166554281433,0.8401883840560913,6.744682312011719,5.231596946716309,5.638742490515155,3.048095703125,0.2380349508596694,0.0061004053409401,0.238333511174631,6.72,0.10039808966,0.5853092583000001,0.4004737733999999,1.1424000000000007,0.1172651747399999,1.1870962381362915,0.079395055770874,1.1077011823654177,0.3704619407653808,1.0815814125547776,2.990054,31.0,0.9993958705749788,low,True,https://di-india-collab.flow-analytics.io/tools/replay/2025-06-01T15:17:51Z,1,2.9532610024672636,1.0829099843850578,2.6782536309848903
10802445_10802471,2025-06-01 15:16:29.462708950,4,4,1,0.1563631930500153,6.975473403930664,1.2835478782653809,0.050919554865787,1.1288938522338867,5.434525489807129,1.1190581321716309,-0.807873794730439,3.12255859375,0.2895909082772873,0.0084528588499889,0.3141775918236393,5.52,0.1225964267999999,0.4087723836000001,0.3887344351999998,1.132800000000001,0.14421199022,1.5264619588851929,0.4749516248703003,1.0515103340148926,0.3615605533123016,1.7903715070876671,2.908255,30.0,0.999733486972008,low,True,https://di-india-collab.flow-analytics.io/tools/replay/2025-06-01T15:16:29Z,1,1.6497104709601769,0.5005998003701038,2.94596444189763
10802492_10805565,2025-06-01 15:20:10.789069891,4,4,1,3.255352179886632,3.6747660636901855,1.903288722038269,1.552840115915645,0.293149471282959,1.9307454824447632,4.476232528686523,-6.104948355361898,2.61962890625,0.6178515415186449,0.0335946977571705,0.6236212918310278,1.92,0.09580872528,0.9002688064000001,0.4151409345999999,1.1664000000000008,0.1782972785999999,0.7624073028564453,0.1609454154968261,0.6014618873596191,0.2019808739423751,4.912090563855586,2.977816,31.0,0.9902178827253396,serious,True,https://di-india-collab.flow-analytics.io/tools/replay/2025-06-01T15:20:10Z,1,2.051017823226147e-13,-29.215270039852484,7.956215324768796
10804337_10804702,2025-06-01 15:18:59.658006907,4,4,1,0.738708783175172,7.431743144989014,2.5206329822540283,-1.052753763017619,2.151442527770996,2.948363780975342,0.2238116264343261,8.903585973026606,3.22705078125,0.4892578766652163,0.0206365363000513,0.5090086711901887,2.88,0.14013792942,0.9428765280000004,0.4350321567999999,1.152000000000001,0.2802916465999999,2.493064641952514,1.3180888891220093,1.1749757528305054,0.3935390412807464,1.3035565014636137,2.985665,31.0,0.997074594872251,low,True,https://di-india-collab.flow-analytics.io/tools/replay/2025-06-01T15:18:59Z,1,0.0011148470121555324,-6.799038092313166,4.543075946232489
10804837_10804854,2025-06-01 15:19:09.853245020,4,4,1,0.0325405715957321,6.612994194030762,0.6530562043190002,0.2113335343281381,0.4861040115356445,10.126225471496582,0.4476232528686523,0.4119398904417122,3.28173828125,0.7905752961537547,0.0160370545901225,0.7932257011339543,10.08,0.05249834656,1.0723318184,0.4318708613999998,1.156800000000001,0.12329599056,1.087260365486145,0.023446436971426,1.0638139247894287,0.3569930493831634,1.890496867220954,2.9799290000000003,31.0,0.9850717906935288,low,True,https://di-india-collab.flow-analytics.io/tools/replay/2025-06-01T15:19:09Z,1,0.5945465876357501,-0.5199562015217137,2.3379827126305015
10805012_10805051,2025-06-01 15:19:22.032041073,4,4,1,5.047372727979873,7.3932013511657715,3.914042234420776,-1.045380156381154,4.861808776855469,1.888891577720642,5.595290660858154,8.728593055260557,3.102783203125,1.612637561776748,0.0894360622701105,1.6818031189639977,1.68,0.00145514532,1.794069585999999,0.3198422582,1.1472000000000009,0.365828414,5.9103102684021,0.4827570021152496,5.427553176879883,1.877130150794983,3.8790892352990944,2.89141,30.0,0.9673874053796184,moderate,True,https://di-india-collab.flow-analytics.io/tools/replay/2025-06-01T15:19:22Z,1,4.7435411625998174e-07,-14.561311713459961,7.518110265205708
10805014_10805029,2025-06-01 15:19:21.635894060,4,4,1,0.2000229687673325,7.472083568572998,1.476295828819275,-0.0514022252659789,1.5360851287841797,5.061372756958008,6.602442741394043,18.4085986859375,3.0703125,1.6187813538503206,0.0498943214869006,1.619182042971466,4.8,0.00145561094,1.7595997339999994,0.3390816338000001,1.1520000000000008,0.1437715493999999,4.859799385070801,1.5961421728134155,3.263657093048096,1.119924545288086,3.5337825611711056,2.914176,30.0,0.9921420188926264,moderate,True,https://di-india-collab.flow-analytics.io/tools/replay/2025-06-01T15:19:21Z,1,0.44604266548499816,-0.8073406690150229,2.730841660777874
10807019_10807038,2025-06-01 15:22:10.665013075,4,4,1,0.1110760221543364,5.527870178222656,0.9551594257354736,-0.1567672172879329,0.8716990947723389,5.787379741668701,2.685739517211914,-0.8470412867489626,3.112548828125,0.6539356658043559,0.0184904312717234,0.6559658715744365,5.76,0.0811337519599999,0.9861029786000002,0.3972926909999998,1.1664000000000008,0.13686553826,1.2576072216033936,0.057576585561037,1.2000306844711304,0.4151600897312164,2.279055298520082,2.890525,30.0,0.9907101418553664,moderate,True,https://di-india-collab.flow-analytics.io/tools/replay/2025-06-01T15:22:10Z,1,0.7316529579889297,-0.3124489785503095,3.2210687031884735
10807091_10807117,2025-06-01 15:22:12.070135117,4,4,1,0.5281421325156813,7.347925186157227,2.079797506332397,-0.4317174678200801,3.322262763977051,3.533000230789185,2.0143046379089355,6.585866247994914,3.20166015625,0.9959179073154212,0.0379018154242941,1.021441720548247,3.36,0.00154367736,1.2182165006,0.3971622215999999,1.1520000000000008,0.2150984667999999,3.845246553421021,0.0817159190773963,3.763530731201172,1.2578414678573608,3.5554561090783348,2.992055,31.0,0.9990610697519204,moderate,True,https://di-india-collab.flow-analytics.io/tools/replay/2025-06-01T15:22:12Z,1,0.010433545179456402,-4.5627291655700475,4.94301523001967
10809416_10810392,2025-06-01 15:27:26.592067957,4,4,1,0.0918134409899469,7.4379963874816895,0.9540337920188904,1.898791775434613,0.4705729484558105,7.796365737915039,3.1333627700805664,0.0,3.225341796875,1.9902969578738616,0.0474881314717009,1.990655047850142,7.199999999999999,0.0015052288,1.8033415019999997,0.383610505,1.1520000000000008,0.1405821165,6.00400447845459,5.603789806365967,0.400214672088623,0.1592630445957183,3.7824525878679984,2.512916,26.0,0.9967006322347952,moderate,True,https://di-india-collab.flow-analytics.io/tools/replay/2025-06-01T15:27:26Z,1,0.014502173591234997,-4.233456737946124,4.530262203926322
10809753_10809774,2025-06-01 15:25:45.165102959,4,4,1,0.0865523901302717,6.71816873550415,0.9350963234901428,-0.4720148618585066,0.7830280065536499,7.18446683883667,4.70004415512085,-2.189410892566945,3.016845703125,0.1460757434069261,0.0035930357169535,0.1471448651096091,7.199999999999999,0.1114118863599999,0.4254224141600001,0.3981930727999999,1.1424000000000007,0.1269216814,1.1927342414855957,0.0403150506317615,1.1524192094802856,0.3862681984901428,1.3812033562403156,2.983469,31.0,0.9983650235697537,low,True,https://di-india-collab.flow-analytics.io/tools/replay/2025-06-01T15:25:45Z,1,2.762965692524416,1.0163046291158797,2.8268582922556367
10809771_10809835,2025-06-01 15:25:50.745210886,4,4,1,0.041119726192044,7.014842033386231,0.7922496795654297,-1.178765833250058,0.2898626029491424,8.854331970214844,1.7904930114746094,0.0,3.353515625,0.1251272421160889,0.0027143822672025,0.1271466861258508,8.879999999999999,0.1095276618199999,0.35966979142,0.4447487471999999,1.1424000000000007,0.1150913493999999,0.5973154902458191,2.2475101947784424,-1.6501946449279783,-0.551515519618988,0.6459700217980427,2.992109,31.0,0.9999821360065176,low,True,https://di-india-collab.flow-analytics.io/tools/replay/2025-06-01T15:25:50Z,1,0.34369887916057196,-1.0679893562297984,2.2329871095022296
10809866_10809896,2025-06-01 15:25:52.054425001,4,4,1,0.0712533447474632,7.458544254302978,0.9315385818481444,0.0582044881941642,0.8549202680587769,8.006693840026855,0.111905813217163,-1.220904575620593,3.085205078125,0.4288111691420756,0.0099626841495653,0.4324780426625774,7.92,0.1074236665599999,0.8718854616,0.3952106891999999,1.132800000000001,0.13757654884,1.9050805568695068,0.3973163366317749,1.507764220237732,0.5205079317092896,1.921358747128468,2.896717,30.0,0.999654242268472,low,True,https://di-india-collab.flow-analytics.io/tools/replay/2025-06-01T15:25:52Z,1,1.0748522214877057,0.07218318374645223,3.2671602207121695
10810310_10810392,2025-06-01 15:27:25.594990969,4,4,1,0.0517142293389578,7.330760478973389,0.9604671597480774,0.2684780682017449,0.3665113449096679,7.6324944496154785,2.0143046379089355,-5.321500675070912,3.122314453125,1.5122911437362117,0.0364725522747296,1.5159801452463846,7.199999999999999,0.00154367736,1.7406244859999995,0.3574440506,1.156800000000001,0.1418984770999999,4.696286678314209,5.88015604019165,-1.1838693618774414,-0.3953815996646881,1.604226910111218,2.9942450000000003,24.0,0.9990089997633228,low,True,https://di-india-collab.flow-analytics.io/tools/replay/2025-06-01T15:27:25Z,1,1.9655847532878857e-05,-10.837135679548025,5.061093222871555
10810748_10810775,2025-06-01 15:27:44.486474991,4,4,1,0.0757576340850488,7.440832138061523,1.110036849975586,-0.6094551421125,1.1740834712982178,6.703229904174805,1.0071523189544678,-4.817293798370162,3.07275390625,0.292505938845391,0.0075348537903334,0.2940544051090926,6.72,0.11753283442,0.3982508595000001,0.3977209437999998,1.1280000000000008,0.14459406562,4.410993099212647,4.550745964050293,-0.1397528648376464,-0.0467256009578704,3.173439049242599,2.990927,31.0,0.9997391624300512,moderate,True,https://di-india-collab.flow-analytics.io/tools/replay/2025-06-01T15:27:44Z,1,0.12137477995585289,-2.108872165300383,2.5045814617561657
10810845_10810852,2025-06-01 15:27:46.285772085,4,6,1,0.0745476086535932,7.295022964477539,0.8070420026779175,1.6102487089475876,0.6180005073547363,9.03921127319336,0.8952465057373047,1.0855277433398145,3.4619140625,2.044973083921116,0.0446839070909817,2.04584674196323,8.4,0.0015052288,1.8033415019999997,0.383610505,1.1520000000000008,0.12709050902,6.304986953735352,2.3032474517822266,4.001739501953125,1.3364925384521484,5.298417950105752,2.99421,31.0,0.9989774250702064,serious,True,https://di-india-collab.flow-analytics.io/tools/replay/2025-06-01T15:27:46Z,1,0.023214744667492217,-3.7629676561711154,3.221388001880928
10811411_10811445,2025-06-01 15:28:48.318057060,4,4,1,0.2764374798604533,7.462291240692139,1.715446710586548,-0.4099827431700339,1.5539772510528564,4.350057125091553,0.5595290660858154,3.292509606616238,3.19775390625,0.0758209714112149,0.0025034988971802,0.0912624737300502,4.32,0.1516898962199999,0.4657104622600001,0.4263061722,1.1376000000000008,0.15501271362,2.1026053428649902,0.2657611072063446,1.8368442058563232,0.612855076789856,2.66784181901925,2.997192,31.0,0.9999999806749388,moderate,True,https://di-india-collab.flow-analytics.io/tools/replay/2025-06-01T15:28:48Z,1,1.4712821010104873,0.38613419822296186,2.1608608186892817
10811445_10811483,2025-06-01 15:28:49.618900061,4,4,1,0.3251840246137519,7.4561872482299805,1.7918906211853027,0.0764000370832388,2.198417901992798,4.161072731018066,1.0071523189544678,-1.1609575306154023,3.18115234375,0.0079534434137184,0.0002654332043925,0.1454824537466446,4.08,0.16922415922,0.5605483963200001,0.3991719079999999,1.1376000000000008,0.1750789171999999,2.923235893249512,0.2167076468467712,2.706528186798096,0.9050002694129944,2.770478358468646,2.990638,31.0,0.999940904120333,moderate,True,https://di-india-collab.flow-analytics.io/tools/replay/2025-06-01T15:28:49Z,1,0.01359207210216013,-4.298268589876714,4.324031565891103
10812079_10812138,2025-06-01 15:30:29.038208008,4,4,1,0.0742867336174039,6.478839874267578,0.9034480452537536,0.1752867751514222,0.722582221031189,7.171236991882324,17.68111801147461,5.747271575860586,3.205078125,0.4226710914003736,0.0104855936958937,0.4260655677016828,7.199999999999999,0.0947608281599999,0.9044937616000002,0.4407412023999998,1.1376000000000008,0.13757654884,1.147311091423035,0.1796514838933944,0.967659592628479,0.333924800157547,2.576647910262123,2.897837,30.0,0.9948688938882532,moderate,True,https://di-india-collab.flow-analytics.io/tools/replay/2025-06-01T15:30:29Z,1,0.889809322327622,-0.11674808378530478,2.4817068058960134
10812899_10812917,2025-06-01 15:31:23.832622051,4,4,1,0.2579887826383557,7.402177810668945,1.6295591592788696,-0.4430391401943082,1.8025500774383545,4.5424418449401855,3.804797649383545,-6.478465718331643,3.1279296875,1.8232811894475076,0.0599898381113426,1.825470461888267,4.32,0.00145561094,1.8078425299999996,0.3390625120000001,1.1472000000000009,0.1484795384,2.1622722148895264,0.1990079879760742,1.963264226913452,0.6786609292030334,1.467690606168359,2.89285,30.0,0.999336637120788,low,True,https://di-india-collab.flow-analytics.io/tools/replay/2025-06-01T15:31:23Z,1,0.37839983911559943,-0.971803866974696,2.979532666249066
10814310_10814336,2025-06-01 15:33:48.088359118,4,4,1,0.9141828037243468,7.323579788208008,2.674166679382324,-1.2810252075717232,3.7082266807556152,2.738640069961548,1.342869758605957,-3.369710697525791,3.062744140625,0.2070365893680566,0.0090704979671676,0.3308221742147689,2.64,0.1811210289399999,0.4030417546000001,0.3967410668,1.1424000000000007,0.280357017,5.043542861938477,1.845477104187012,3.198065757751465,1.0906651020050049,4.694821564540891,2.932216,28.0,0.9999746851761316,serious,True,https://di-india-collab.flow-analytics.io/tools/replay/2025-06-01T15:33:48Z,1,0.0007529286161549896,-7.191540133921077,5.064281224363134
10814350_10814368,2025-06-01 15:33:50.794085026,4,4,1,0.0393929218307207,7.498560428619385,0.7778409719467163,-0.4196492115033837,0.9674358367919922,9.640222549438477,0.7833406925201416,-2.4704254487678408,3.177978515625,0.394985428553423,0.0082107680768818,0.3951248628301723,9.6,0.1082617294799999,0.6133761602,0.4039978249999999,1.132800000000001,0.1216100786999999,4.556721687316895,3.035789966583252,1.5209317207336426,0.5199000239372253,5.124234342633022,2.925431,30.0,0.9998657570548372,serious,True,https://di-india-collab.flow-analytics.io/tools/replay/2025-06-01T15:33:50Z,1,0.3714362828167153,-0.9903779428137743,2.4438216704862867
10816012_10816337,2025-06-01 15:36:20.478319883,4,4,1,0.0511999532699842,6.336433410644531,0.798220157623291,0.3827010830651998,1.3448266983032229,7.938202857971191,0.0,0.0917552331108059,3.115234375,2.764941170093214,0.065416273498036,2.7653451993795577,6.48,0.00129985486,1.8078425299999996,0.3566071356,1.1376000000000008,0.1291431453199999,2.2991864681243896,5.0395331382751465,-2.740346670150757,-1.1936025619506836,0.2730990408751848,2.295862,24.0,0.9036757362432624,low,True,https://di-india-collab.flow-analytics.io/tools/replay/2025-06-01T15:36:20Z,1,1.2511072581756209e-06,-13.591481592204651,6.420204938340391
10816175_10816337,2025-06-01 15:36:28.465430975,4,4,1,0.0657214644363281,7.240362644195557,1.0667129755020142,-1.0746565473309813,0.9162759780883788,6.787545204162598,6.938160419464111,1.0848179181528108,2.995361328125,4.19106488026569,0.1091747976604144,4.191510451290949,4.56,0.00142855362,1.8616069539999995,0.3294700878,1.1424000000000007,0.1455655599,8.665657997131348,7.825730800628662,0.8399271965026855,0.2801276445388794,1.451189735360038,2.998373,24.0,0.969269198862262,low,True,https://di-india-collab.flow-analytics.io/tools/replay/2025-06-01T15:36:28Z,1,2.8333189873528347e-08,-17.379231932424258,6.306307895673115
10816337_10816396,2025-06-01 15:36:14.549083948,4,4,1,0.3532618470464865,7.417054176330566,1.8808722496032717,-0.0733306503265852,1.943779468536377,3.943412065505981,0.6714348793029785,0.0,3.0869140625,0.2410929842853332,0.0085086877807477,0.3049718224688967,3.84,0.1508158819599999,0.400491317,0.395179091,1.1424000000000007,0.1822799033999999,2.613320589065552,0.0591991581022739,2.554121494293213,0.8731555342674255,2.852330151541528,2.9251620000000003,30.0,0.9999148638838846,moderate,True,https://di-india-collab.flow-analytics.io/tools/replay/2025-06-01T15:36:14Z,1,1.8999315916777395,0.6418178811440844,2.7893003282595235
10817038_10817127,2025-06-01 15:37:35.640404940,4,4,1,1.2561568644595391,7.428041458129883,2.8965907096862797,-0.832885629917949,0.7966793179512024,2.564408302307129,165.39678955078125,-4.174878357415206,2.969970703125,1.24286554628264,0.0573417962475044,1.2723028789496986,2.4,0.0015262886,1.5622919099999992,0.3425130098000001,1.1424000000000007,0.267717789,1.5996956825256348,0.8107619285583496,0.7889337539672852,0.2724315822124481,1.6883499886759874,2.895897,30.0,0.9922002644780512,low,True,https://di-india-collab.flow-analytics.io/tools/replay/2025-06-01T15:37:35Z,1,6.1089769334137995e-18,-39.63677235606899,9.076288085815412
10817344_10817392,2025-06-01 15:37:30.039222002,4,4,1,0.2048589163190995,7.383287906646728,1.4468696117401123,0.4630034108545012,1.281245470046997,5.102939605712891,6.042913913726807,6.206765700785267,3.15869140625,0.7340115897775287,0.0223894999150193,0.7342367649567544,5.04,0.06225829942,1.003353609,0.3848262949999999,1.1664000000000008,0.1432148369,1.73045015335083,0.0476681254804134,1.6827820539474487,0.5788636207580566,13.645048314738885,2.907044,28.0,0.9978686150159012,critical,True,https://di-india-collab.flow-analytics.io/tools/replay/2025-06-01T15:37:30Z,1,4.818047703340812e-06,-12.243141752753608,5.6151217716772335
10817360_10817385,2025-06-01 15:37:34.547245979,4,4,1,0.0987048721467368,6.542846202850342,1.00085711479187,-0.0973676774695268,0.8185345530509949,6.537242889404297,0.4476232528686523,-1.986116528138474,3.1494140625,0.2631795442551152,0.0068764015907529,0.2672984567217335,6.48,0.10047386642,0.3742098413,0.4130706515999999,1.1424000000000007,0.13979982152,1.156475067138672,0.0256049763411283,1.1308701038360596,0.3781344890594482,1.4446827343150688,2.990656,31.0,0.9999695294465802,low,True,https://di-india-collab.flow-analytics.io/tools/replay/2025-06-01T15:37:34Z,1,1.7402447546909747,0.5540257669497417,2.510451910722748
10817541_10817878,2025-06-01 15:39:04.964445114,4,4,1,0.1485977110301145,7.341775894165039,1.2676175832748413,0.0746283984059664,1.6835157871246338,5.791790962219238,22.24127960205078,2.5859476048170835,3.0498046875,4.488831928883906,0.1285891523312696,4.489035600262306,3.6,0.00140866756,1.9051625019999991,0.3112366086,1.1472000000000009,0.1462054266,2.9220895767211914,0.5830332040786743,2.339056491851806,0.7807064056396484,2.444032226349929,2.996077,31.0,0.9882042922445398,moderate,True,https://di-india-collab.flow-analytics.io/tools/replay/2025-06-01T15:39:04Z,1,0.011793065466047968,-4.440243592626423,4.363870532968909
10817541_10818013,2025-06-01 15:39:09.451163054,4,4,1,2.8393826389550934,7.466886520385742,3.472947597503662,-0.7984137444210075,2.5936875343322754,2.150014162063598,129.251220703125,-15.11704747623695,3.012939453125,1.4252367545456723,0.0731091486466741,1.4590871028251584,2.16,0.00151649894,1.6026063719999997,0.3201199432000001,1.1472000000000009,0.3135577528000001,3.269605875015259,3.45263671875,-0.1830308437347412,-0.0628593489527702,1.5493996817319424,2.911752,30.0,0.9965674133096724,low,True,https://di-india-collab.flow-analytics.io/tools/replay/2025-06-01T15:39:09Z,1,1.7054988874343473e-09,-20.189408166409933,6.992764633963276
10818101_10818294,2025-06-01 15:39:33.225752115,4,4,1,0.0698047953547514,7.490302562713623,1.0086976289749146,-0.6695075865555336,0.9931941032409668,7.425716400146484,1.1190581321716309,-8.246162679196262,3.125244140625,1.3265009315746132,0.0324899453906422,1.3265213204003024,7.199999999999999,0.00154367736,1.547720361999999,0.3676704644000002,1.156800000000001,0.1467284539,5.082423210144043,1.503692626953125,3.578730583190918,1.2286057472229004,3.6148985438378016,2.912839,30.0,0.9929652665745572,moderate,True,https://di-india-collab.flow-analytics.io/tools/replay/2025-06-01T15:39:33Z,1,0.6597629265371493,-0.4158747107066754,3.295691469747278
10818108_10818291,2025-06-01 15:39:20.255204916,4,4,1,0.3097700929815584,6.935854434967041,1.8833163976669312,-0.8400563195499671,1.34153950214386,3.6827876567840576,1.342869758605957,-2.0335423696692776,3.209716796875,0.1843352776277935,0.0067634603279341,0.2383309234372815,3.6,0.15150290198,0.5236082850000001,0.4272935274,1.1376000000000008,0.1798169971999999,1.677741289138794,3.1026084423065186,-1.4248671531677246,-0.4904393851757049,1.1580483223968403,2.905287,30.0,0.9999194869695645,low,True,https://di-india-collab.flow-analytics.io/tools/replay/2025-06-01T15:39:20Z,1,0.5134382513109397,-0.6666255074558158,3.590567829781988
10819052_10819091,2025-06-01 15:40:51.970773935,4,4,1,0.0618971665757292,7.03940486907959,1.0454243421554563,-0.7368922633359786,0.3527774214744568,6.7335381507873535,0.8952465057373047,2.126353406928823,3.087646484375,0.4853996973875331,0.0125144482576636,0.4857857511501423,6.72,0.09780587458,0.90398212,0.3985942141999997,1.142400000000001,0.14588718826,0.6699629426002502,1.336399793624878,-0.6664368510246277,-0.22974394261837,0.7126144858127701,2.9007810000000003,30.0,0.9988728328342282,low,True,https://di-india-collab.flow-analytics.io/tools/replay/2025-06-01T15:40:51Z,1,1.4583536540017152,0.3773081652169931,2.9923779436096907
10820092_10820693,2025-06-01 15:43:33.171973944,4,6,1,0.1215181031920067,5.134215354919434,1.2853970527648926,-0.6485319935560483,0.5881014466285706,3.994264125823975,175.37039184570312,-447.72574477734406,3.43701171875,2.4268782234626705,0.0863832482890367,2.4270232126039883,3.12,0.00129985486,1.7983262619999991,0.3626419612000001,1.152000000000001,0.1462054266,1.3109859228134155,3.881899118423462,-2.570913314819336,-1.0308678150177002,0.8166175957811628,2.493931,26.0,0.9735147936313714,low,True,https://di-india-collab.flow-analytics.io/tools/replay/2025-06-01T15:43:33Z,1,2.988529348177384e-29,-65.68018628722282,11.797345391258654
10821197_10821277,2025-06-01 15:43:58.559353113,4,4,1,0.3883783609060043,7.474239826202393,2.144794464111328,-1.8405045496981915,1.6458208560943604,3.484827995300293,4.476232528686523,12.092443888886898,3.013671875,0.2228250749670952,0.0084606213312891,0.3377181019547797,3.6,0.1712280691199999,0.4170030142,0.3919658238,1.1424000000000007,0.2328688185999999,2.1010046005249023,2.5449492931365967,-0.4439446926116943,-0.1530214250087738,1.3082557422641974,2.901193,30.0,0.9937911416572608,low,True,https://di-india-collab.flow-analytics.io/tools/replay/2025-06-01T15:43:58Z,1,0.004959843823044618,-5.306381026030428,3.5692057505738966
10821277_10821303,2025-06-01 15:43:57.857964039,4,4,1,0.3242733741999365,7.359159469604492,1.8254499435424805,-1.392858312177066,1.167001485824585,4.031422138214111,1.5666813850402832,113.57784620376783,3.03466796875,1.5868451394353782,0.056005114057851,1.586862568876083,3.84,0.00145561094,1.7595997339999994,0.3394150666000001,1.1520000000000008,0.1736763129999999,4.215503692626953,0.885844886302948,3.3296587467193604,1.110168218612671,15.392165884302212,2.999238,30.0,0.9994195242902436,critical,True,https://di-india-collab.flow-analytics.io/tools/replay/2025-06-01T15:43:57Z,1,9.111944599983461e-09,-18.513679690716472,6.497805680740197
10821303_10821330,2025-06-01 15:44:00.456170082,4,4,1,0.0590655616065853,7.256260871887207,0.96092426776886,-2.0309876183726487,0.8396808505058289,7.551334857940674,7.833406925201416,-31.580622274060875,3.119140625,1.6072650805209288,0.0390274800429585,1.6073758821640012,7.199999999999999,0.00154367736,1.7595997339999994,0.3569439014,1.1520000000000008,0.1422998286999999,1.7696263790130615,1.5951015949249268,0.1745247840881347,0.0601597614586353,1.8580867844666065,2.901022,30.0,0.9814892748477206,low,True,https://di-india-collab.flow-analytics.io/tools/replay/2025-06-01T15:44:00Z,1,0.23019633973456094,-1.4688226831919184,3.278606547754833
10821720_10821736,2025-06-01 15:44:38.723009109,4,4,1,0.1528234771421429,6.775414943695068,1.2149170637130735,-0.1271773684461577,1.154984712600708,5.576853752136231,0.5595290660858154,-4.54562930202657,3.25537109375,0.4901417761452429,0.01413997061338,0.4912992046067915,5.52,0.0980314083,0.9615154728,0.4345814645999998,1.152000000000001,0.14614497956,1.8155783414840696,0.031617235392332,1.783961057662964,0.5961827039718628,1.6606646967543028,2.992306,31.0,0.999646637782676,low,True,https://di-india-collab.flow-analytics.io/tools/replay/2025-06-01T15:44:38Z,1,1.5743454522451534,0.45383960002176016,2.2733552735094817
10821720_10821736,2025-06-01 15:45:38.281193018,4,4,1,0.1112834730598536,7.473423004150391,1.2055553197860718,-0.1772771352174495,1.4713184833526611,6.199153900146484,0.5595290660858154,2.475214481338384,3.25537109375,0.7360167700775337,0.0199925565672564,0.7461122257201934,6.24,0.05812535478,1.0356065951999998,0.4211605129999997,1.156800000000001,0.1459404691,4.417240619659424,2.529385805130005,1.887854814529419,0.6301219463348389,2.5843860765469797,2.996015,31.0,0.9996086314146456,moderate,True,https://di-india-collab.flow-analytics.io/tools/replay/2025-06-01T15:45:38Z,1,2.3453124444309656,0.8524186315860852,2.8981853266691293
10821819_10822109,2025-06-01 15:45:41.982639074,4,4,1,0.0845492082692311,6.706202030181885,0.9156249165534972,-0.16906531696344,1.2349674701690674,7.3241801261901855,5.8191022872924805,3.2841398456295443,3.14208984375,0.5108732094195958,0.0125319160695158,0.5163495146594624,7.199999999999999,0.0950968418999999,0.8882600794,0.3963154231999998,1.1568000000000012,0.13252076214,2.7422261238098145,1.9176888465881348,0.8245372772216797,0.2757642269134521,1.2370205805205945,2.990008,31.0,0.9864012462927244,low,True,https://di-india-collab.flow-analytics.io/tools/replay/2025-06-01T15:45:41Z,1,5.201279405274663,1.6489046348005303,1.9155448416125718
10822003_10822103,2025-06-01 15:45:24.691478014,4,4,1,0.1165590961380912,7.450356483459473,1.3576457500457764,-1.303548726410494,1.0365934371948242,5.4877028465271,1.45477557182312,-4.013307369585575,3.22509765625,0.3059412391347285,0.008881845795983,0.3111070569735483,5.52,0.12957408948,0.4000098440000001,0.4445281779999998,1.1232000000000009,0.14398925352,1.3673421144485474,1.494153618812561,-0.1268115043640136,-0.0424797274172306,2.5300000901420727,2.985224,31.0,0.9985895448926434,moderate,True,https://di-india-collab.flow-analytics.io/tools/replay/2025-06-01T15:45:24Z,1,0.3709864309957,-0.9915897911791315,3.04395128882468
10822180_10822241,2025-06-01 15:45:46.093908072,4,4,1,0.0710997945873431,7.389237403869629,1.031906247138977,-0.4583943316207597,1.3838757276535034,7.160764217376709,2.0143046379089355,-1.268697085087352,3.30615234375,2.843998958882545,0.0715638477743668,2.846195720277332,6.0,0.00144582128,1.8078425299999996,0.372772439,1.1376000000000008,0.1447558433,3.277743101119995,1.6425775289535522,1.6351655721664429,0.5453440546989441,2.047602033644084,2.998411,31.0,0.9794735188384316,moderate,True,https://di-india-collab.flow-analytics.io/tools/replay/2025-06-01T15:45:46Z,1,1.774671857271419,0.5736155366941103,2.4659424353456005
10822241_10822360,2025-06-01 15:45:53.180695057,4,4,1,0.069626150232344,7.002154350280762,0.893140971660614,-0.1794626094710602,0.7580170631408691,7.839920520782471,3.692891836166382,0.8246445172582147,3.15869140625,0.5642193325357001,0.0132996704640306,0.5726132743082909,7.68,0.0896436045599999,0.9448860986,0.3968272505999999,1.1472000000000009,0.1246190287799999,1.1008363962173462,1.0563273429870603,0.0445090532302856,0.0149095524102449,0.9664834357503144,2.985271,31.0,0.9971935472436796,low,True,https://di-india-collab.flow-analytics.io/tools/replay/2025-06-01T15:45:53Z,1,6.467116519282626,1.866730339819171,2.4332767176948606
10822329_10822360,2025-06-01 15:46:00.178056002,6,4,1,0.1038542390839308,7.430336952209473,1.1846323013305664,-0.2760235421018351,1.2121076583862305,6.27227258682251,2.797645330429077,-0.7965134469144884,3.6025390625,0.0926704030655406,0.002463694849385,0.0998128818798463,6.24,0.12648768764,0.4191296546600001,0.4258659519999999,1.1376000000000008,0.14069908132,5.829171657562256,3.619133710861206,2.21003794670105,0.739949643611908,2.092107797769471,2.986741,31.0,0.9971269135340578,moderate,True,https://di-india-collab.flow-analytics.io/tools/replay/2025-06-01T15:46:00Z,1,0.052932652808762894,-2.9387348751774818,3.1345394152288213
10822329_10822360,2025-06-01 15:46:11.545690060,6,4,1,0.1705179769066334,7.2989325523376465,1.4781782627105713,-1.6789255475746236,0.9744195938110352,4.937788963317871,12.197733879089355,45.65985539967545,3.6025390625,5.348758248009223,0.1687127429541324,5.354476852436777,2.4,0.00140664828,1.991698517999999,0.3333401682,1.1472000000000009,0.148028534,9.66206169128418,8.432999610900879,1.2290620803833008,1.219497561454773,6.773677269988011,1.007843,11.0,0.9956860687244884,critical,True,https://di-india-collab.flow-analytics.io/tools/replay/2025-06-01T15:46:11Z,1,2.6048401807091676e-25,-56.60725600250323,10.8652607811543
10822638_10822700,2025-06-01 15:47:00.007659912,4,4,1,0.0326001641321317,7.480025291442871,0.6698439717292786,-0.2875441894821213,0.6670293807983398,11.166817665100098,1.7904930114746094,1.1098901619612902,3.15234375,1.2807706276388782,0.0245923625346122,1.2810511049132425,10.8,0.00154367736,1.562163909999999,0.3680786552000001,1.156800000000001,0.12306269876,3.893689155578613,3.850122213363648,0.0435669422149658,0.0145481126382946,1.0605060010965792,2.99468,30.0,0.9743917620330615,low,True,https://di-india-collab.flow-analytics.io/tools/replay/2025-06-01T15:47:00Z,1,0.2007214511767914,-1.6058371470936317,2.9578336088423995
10822705_10822739,2025-06-01 15:46:57.625056982,4,4,1,0.220307614220483,6.540939331054688,1.404693603515625,-0.1805800155623733,1.4439940452575684,4.656488418579102,13.876320838928224,-1.1702644320505025,3.0849609375,1.765437170598379,0.0572215846890997,1.765441671660598,4.32,0.00144582128,1.8033415019999997,0.3404690864000002,1.1520000000000008,0.1476721125999999,1.807300329208374,0.126391053199768,1.680909276008606,0.5626651644706726,1.963933615210824,2.987406,31.0,0.9609174117214658,low,True,https://di-india-collab.flow-analytics.io/tools/replay/2025-06-01T15:46:57Z,1,1.7958923930059725,0.5855020532776791,2.7048068606237297
10823118_10823142,2025-06-01 15:46:49.022231102,4,4,1,0.0273453153026718,5.966377258300781,0.5149195790290833,0.2938045681373437,0.6287046670913696,11.587007522583008,20.143047332763672,-56.63198107311828,3.3583984375,2.1090358799139133,0.0397528434862592,2.109287417524933,10.08,0.0014075006,1.8033415019999997,0.3842984472,1.1520000000000008,0.11651629686,1.0174068212509155,0.0783944651484489,0.939012348651886,0.4984695017337799,4.784604313022967,1.883791,17.0,0.9031781147544256,serious,True,https://di-india-collab.flow-analytics.io/tools/replay/2025-06-01T15:46:49Z,1,3.185560540938562e-08,-17.26205247639812,6.604381538215281
10823520_10823535,2025-06-01 15:47:41.987543106,4,4,1,0.1026682420473374,6.044775009155273,0.9561545848846436,-0.3178940219475186,0.8701766729354858,6.321964263916016,0.8952465057373047,0.977198491067024,3.050537109375,0.4611018796639471,0.0123389495362373,0.4631326717508346,6.24,0.0886258312199999,0.9592403364000004,0.4035014811999998,1.1376000000000008,0.1394677035199999,1.2487735748291016,0.0212233681231737,1.2275501489639282,0.4102982878684997,3.398374333340341,2.991848,31.0,0.9981585330877673,moderate,True,https://di-india-collab.flow-analytics.io/tools/replay/2025-06-01T15:47:41Z,1,2.6925318405052523,0.990481955607176,2.8057283044304824
10825222_10825241,2025-06-01 15:50:34.257493019,4,4,1,0.1152790936542462,6.823671817779541,1.063989520072937,-0.3038968208536282,0.9178072214126588,6.413288593292236,1.342869758605957,2.303229127587441,3.18994140625,0.1970220331825884,0.0051963546537847,0.2114251533622317,6.48,0.11508374164,0.59986757776,0.4110268763999998,1.1376000000000008,0.14043968822,1.2426782846450806,0.0547325983643531,1.1879457235336304,0.407642126083374,1.2589016788097789,2.914188,30.0,0.9985657684827632,low,True,https://di-india-collab.flow-analytics.io/tools/replay/2025-06-01T15:50:34Z,1,8.652704042349358,2.1578718781446455,2.351219039982344
10825462_10826219,2025-06-01 15:51:52.578202963,4,4,1,0.3032575517911122,7.133906841278076,1.9374287128448489,-1.26406008860922,1.1726861000061035,3.6821517944335938,2.0143046379089355,-2.081154779997066,3.257568359375,0.2891345339959165,0.0106432335262991,0.3246145052911849,3.6,0.1444453726399999,0.3996583716000001,0.4302542056,1.1232000000000009,0.1808383651999999,1.477644681930542,1.3174463510513306,0.1601983308792114,0.0547409057617187,1.708420816192714,2.926483,30.0,0.998867436622472,low,True,https://di-india-collab.flow-analytics.io/tools/replay/2025-06-01T15:51:52Z,1,0.44628925247871126,-0.8067879890199992,3.0446730735253724
10826147_10826175,2025-06-01 15:51:53.083127022,6,4,1,9.253335606763027,2.502781629562378,6.459146022796631,-2.498723157527723,3.2670764923095703,0.3874787092208862,47.78277206420898,-48.25102982859221,3.3017578125,0.5316872511980867,0.0752112239851197,0.9008045449069404,0.48,0.07178959398,1.1328501812000005,0.4728118704,0.5568,0.9207164540000008,6.264591217041016,7.592421054840088,-1.3278298377990725,-0.5310911536216736,3.3726181708113203,2.500192,26.0,0.9707489612268154,moderate,True,https://di-india-collab.flow-analytics.io/tools/replay/2025-06-01T15:51:53Z,1,1.0957095499042026e-137,-315.3627555959911,25.408542160359854
10826671_10826704,2025-06-01 15:52:27.050102949,4,4,1,0.2263415455251477,7.343305110931396,1.4961373805999756,0.0633657320038979,1.6605503559112549,4.908175468444824,5.371479034423828,-4.794645204388688,3.0927734375,1.0970002845467297,0.0343433258483076,1.0970022100601955,4.8,0.00154367736,1.2041838846,0.3828941973999999,1.156800000000001,0.1478229807999999,2.0674726963043213,0.0815859660506248,1.9858866930007932,0.6821694374084473,1.243845368271491,2.911134,30.0,0.9996702514630728,low,True,https://di-india-collab.flow-analytics.io/tools/replay/2025-06-01T15:52:27Z,1,0.5870873821172087,-0.5325816080230243,2.3117195483153075
10826735_10826749,2025-06-01 15:52:28.546298981,4,4,1,0.1940965466272973,7.420493125915527,1.488029956817627,-0.9503488882267738,1.6256909370422363,4.986790180206299,2.461927890777588,-2.344408535503287,3.24658203125,0.3097804299741116,0.0095220950892316,0.323207241785481,5.04,0.13103509348,0.4094064082,0.4338144141999999,1.1232000000000009,0.14394149722,4.51826810836792,0.1035444810986518,4.4147233963012695,1.5181905031204224,2.856490432977011,2.9078850000000003,30.0,0.9997587454490556,moderate,True,https://di-india-collab.flow-analytics.io/tools/replay/2025-06-01T15:52:28Z,1,0.3681178624224627,-0.9993521137694498,3.4756247770910758
10826934_10826951,2025-06-01 15:52:49.970611095,4,4,1,0.0899423418314362,7.294382095336914,0.9707127213478088,0.2270225966285232,0.9624698162078856,7.51446008682251,0.111905813217163,1.502124467486392,3.294921875,0.1248232896466677,0.002985912976937,0.1431864164420485,7.439999999999999,0.1136509554399999,0.4208788495600001,0.4527858305999998,1.1424000000000007,0.13380657188,1.9699205160140991,0.1034412756562233,1.8664792776107788,0.6437181234359741,2.4982135740691103,2.899529,30.0,0.9999959827694238,moderate,True,https://di-india-collab.flow-analytics.io/tools/replay/2025-06-01T15:52:49Z,1,1.0774645323094971,0.07461062580388231,2.5009747858750964
10827778_10827864,2025-06-01 15:54:32.175700903,4,4,1,0.038333741566696,5.8655500411987305,0.58136385679245,-0.6951126302651393,0.6930356025695801,10.089292526245115,0.6714348793029785,-0.1183723684501769,3.22998046875,1.3275381998594993,0.0270863135395962,1.327639847050608,9.6,0.0014075006,1.547720361999999,0.3925185776000001,1.156800000000001,0.11535627256,7.458512306213379,5.001326560974121,2.457185745239258,0.8216828107833862,3.5048039129729003,2.990431,31.0,0.992123818098094,moderate,True,https://di-india-collab.flow-analytics.io/tools/replay/2025-06-01T15:54:32Z,1,0.0023903476832008506,-6.036316449476439,4.81953424355326
10829095_10829232,2025-06-01 15:56:10.689466953,4,4,1,0.1168844166600543,6.543347835540772,1.378983736038208,-1.4422847589018524,0.6875747442245483,4.74505090713501,10.519145965576172,4.950825855545908,3.28662109375,0.9568430213882488,0.0305358172256943,0.9639108206012494,4.56,0.0133351155399999,1.1859296694,0.3892385277999999,1.156800000000001,0.1489343563,1.039008378982544,3.316826105117798,-2.277817726135254,-0.7628743648529053,1.4408627761278867,2.985836,31.0,0.996237088455972,low,True,https://di-india-collab.flow-analytics.io/tools/replay/2025-06-01T15:56:10Z,1,0.0650718897402757,-2.7322626242452515,2.7495724274798583
10829514_10830345,2025-06-01 15:59:11.245390892,4,6,1,10.779360961914062,4.442888259887695,4.565418720245361,-0.90960639682978,4.103447437286377,0.9731611609458924,94.11177825927734,30.14900777928732,3.33056640625,1.3818111936450443,0.1136622520705707,1.4355139324451505,0.96,0.0013299004399999,1.6796624919999998,0.3101965257999999,1.0368000000000004,0.4555278438000001,4.987821102142334,1.15073823928833,3.837082862854004,1.3206229209899902,2.564483253494082,2.90551,30.0,0.9068661099179468,moderate,True,https://di-india-collab.flow-analytics.io/tools/replay/2025-06-01T15:59:11Z,1,1.7229307850363964e-23,-52.41543035331602,10.731306073519221
10830642_10830674,2025-06-01 15:58:58.756494045,4,4,1,0.1006123782128763,7.274897575378418,1.0542446374893188,-0.2766943055221331,1.233492136001587,6.900578022003174,18.296600341796875,0.5101036628863187,3.09033203125,3.144284960953297,0.0809415174916328,3.146104494412312,5.52,0.00144582128,1.8065270399999995,0.3457440340000001,1.1424000000000007,0.1474640757,2.5057082176208496,1.5159330368041992,0.9897751808166504,0.3399759829044342,1.9107761895624635,2.911309,30.0,0.9926567861091736,low,True,https://di-india-collab.flow-analytics.io/tools/replay/2025-06-01T15:58:58Z,1,1.336257158344445,0.28987254038257815,2.6931793709393967
10831340_10831868,2025-06-01 16:00:25.769634962,4,4,1,0.4853970946433658,7.450758934020996,2.065510034561157,-1.6920606451853926,2.400712490081787,3.607224702835083,12.869168281555176,16.488824688266995,3.177734375,2.803597367612731,0.1061492570838085,2.804087636059744,3.12,0.0014659861,1.8616069539999995,0.3196402258,1.1472000000000009,0.1743795912,6.449010372161865,8.419195175170898,-1.9701848030090328,-0.6621752977371216,1.510292061575914,2.975322,31.0,0.9815111969712076,low,True,https://di-india-collab.flow-analytics.io/tools/replay/2025-06-01T16:00:25Z,1,1.269737642996528e-05,-11.274115166158076,5.453288766847828
10831480_10831639,2025-06-01 16:00:30.948215961,4,4,1,0.2069280068345919,7.483752250671387,1.5679633617401123,-0.1375510882528962,2.113643169403076,4.772912502288818,2.461927890777588,0.0,3.160888671875,1.2659715615457965,0.0403393130974807,1.271782314363175,4.56,0.00154367736,1.562163909999999,0.3472370354000001,1.1520000000000008,0.1447597915999999,4.535125732421875,3.3737521171569824,1.1613736152648926,0.389030784368515,3.105698534540609,2.9853,31.0,0.9982707300942528,moderate,True,https://di-india-collab.flow-analytics.io/tools/replay/2025-06-01T16:00:30Z,1,0.12004124411764566,-2.119919894271362,3.4391849372137404
10832503_10832915,2025-06-01 16:01:50.362983942,4,4,1,0.047188345332661,6.597312927246094,0.841672420501709,-1.23930055176954,0.0444346070289611,7.838337898254394,1.1190581321716309,2.17825443440879,3.220703125,0.0338625027211506,0.000782730261248,0.0767784405428366,7.92,0.1036470525799999,0.4578643150400001,0.4447487471999999,1.1376000000000008,0.1193397852799999,0.4558960497379303,3.225868225097656,-2.769972085952759,-0.9507956504821776,0.6162755114487871,2.91332,30.0,0.999840048887454,low,True,https://di-india-collab.flow-analytics.io/tools/replay/2025-06-01T16:01:50Z,1,0.07091034160999855,-2.6463389941626962,2.1573293042227752
10832503_10832915,2025-06-01 16:01:57.350291014,4,4,1,0.1112378382845429,7.439077377319336,1.1743214130401611,-0.3035132593883055,1.5249698162078855,6.3347883224487305,14.323944091796877,-3.6171434992251936,3.220703125,1.6632246636623202,0.0448546805279217,1.6633680443718997,6.0,0.0015052288,1.8033415019999997,0.3634721094,1.1520000000000008,0.1446515377999999,3.639809846878052,0.4447166323661804,3.1950931549072266,1.0955978631973269,2.1586039261377654,2.916301,30.0,0.9740391955011776,moderate,True,https://di-india-collab.flow-analytics.io/tools/replay/2025-06-01T16:01:57Z,1,1.5933754976394738,0.4658547204387618,2.433414248928635
10832654_10832689,2025-06-01 16:01:29.541336060,4,4,1,0.0593513554616934,5.804177284240723,0.7924337983131409,0.1470438792837555,0.8245855569839478,7.3244948387146,9.176277160644531,-0.7452274319283031,3.168212890625,1.0960869628605738,0.0270308039442573,1.099251357125648,6.96,0.0014075006,1.2041838846,0.4023658291999999,1.156800000000001,0.12755418512,1.1457442045211792,0.0232085864990949,1.1225355863571167,0.3807781636714935,1.8813520518466185,2.948004,30.0,0.9965342864033137,low,True,https://di-india-collab.flow-analytics.io/tools/replay/2025-06-01T16:01:29Z,1,0.90928955495564,-0.09509169322305233,1.6823605519620062
10832666_10832686,2025-06-01 16:01:18.677504063,4,4,1,0.0372429553894075,7.356571197509766,0.6336427330970764,1.417667454582585,-1.4855639934539795,11.609967231750488,1.342869758605957,5.773217421589617,3.1650390625,5.498408746723815,0.1042130099137058,5.498996679171489,5.04,0.0014659861,1.866703855999999,0.3485788166000001,1.1424000000000007,0.12779928474,2.1852450370788574,2.730604887008667,-0.5453598499298096,-0.183647945523262,1.5279908275588487,2.969594,31.0,0.9977313279529604,low,True,https://di-india-collab.flow-analytics.io/tools/replay/2025-06-01T16:01:18Z,1,1.0932868470811853e-09,-20.63407722203593,7.225298339070095
10832943_10832953,2025-06-01 16:01:47.079301119,4,4,1,0.0453238152528486,7.453780174255371,0.7587704658508301,0.1273053117162508,0.7486878037452698,9.823497772216797,2.2381162643432617,-18.180037084609683,3.2275390625,0.0343473233202778,0.0006940584620052,0.0366130668286292,9.84,0.1168214382199999,0.45677593336,0.4435795967999998,1.132800000000001,0.1193397852799999,1.5400539636611938,0.0445879884064197,1.4954659938812256,0.49858158826828,1.1953897404897669,2.999441,31.0,0.999323684720554,low,True,https://di-india-collab.flow-analytics.io/tools/replay/2025-06-01T16:01:47Z,1,0.5444720990505696,-0.6079385793351033,2.94847848843
10833632_10833683,2025-06-01 16:02:45.517178059,4,4,1,0.4779370092748044,7.231809616088867,1.960396647453308,-0.837575918121035,3.401520252227783,3.688952207565308,2.797645330429077,1.9786002202469857,3.302734375,0.5453209871885071,0.0201408179337165,0.561458046464251,3.6,0.12057863324,0.9544630456000004,0.4175595231999998,1.152000000000001,0.1750764919999999,4.283220291137695,0.110002763569355,4.173217296600342,1.4401812553405762,3.4909314046000994,2.897703,30.0,0.9988218471684164,moderate,True,https://di-india-collab.flow-analytics.io/tools/replay/2025-06-01T16:02:45Z,1,0.11499746399396316,-2.162845203088448,3.484250410156719
10833726_10833730,2025-06-01 16:03:50.456800938,7,6,1,0.4162405304506653,7.308225154876709,1.7238893508911133,-0.0735870684143643,1.331594467163086,4.239381790161133,3.469080209732056,1.8818521938960064,4.22509765625,0.0848966481868202,0.0028488068247257,0.1637062352059708,4.32,0.1595752930199999,0.5213395986600002,0.4054296713999999,1.1424000000000007,0.1549827822199999,1.921168327331543,0.0049322783015668,1.9162360429763796,0.6413820385932922,5.03841284916938,2.987667,31.0,0.9997981132471292,serious,True,https://di-india-collab.flow-analytics.io/tools/replay/2025-06-01T16:03:50Z,1,5.193821615763578e-09,-19.07579606858451,7.149111725259921
10833875_10834296,2025-06-01 16:03:30.084858894,4,4,1,0.083959835096013,6.5916948318481445,1.1341625452041626,-1.5556384004230943,0.5219818353652954,5.811948776245117,1.342869758605957,12.47722489191935,3.122314453125,0.1004797560428143,0.0027970477034271,0.1157160220276615,5.76,0.1081044451599999,0.36694546506,0.3911978463999998,1.1472000000000009,0.14068561212,0.8376657962799072,5.767919540405273,-4.930253982543945,-1.6545820236206057,0.1396749435218658,2.979758,31.0,0.9995703757389752,low,True,https://di-india-collab.flow-analytics.io/tools/replay/2025-06-01T16:03:30Z,1,0.00013015089673515861,-8.946816036534692,4.313442231088256
10834331_10834344,2025-06-01 16:03:52.558653116,4,4,1,0.3031303109622683,7.398970603942871,1.7828880548477173,-0.6416577520522994,2.18764877319336,4.149991512298584,1.5666813850402832,-1.6341800413486014,3.22802734375,0.0915471980036294,0.0031128842096809,0.1538627793938891,4.08,0.16931717342,0.4783478811600002,0.4274753226,1.1424000000000007,0.1750789171999999,5.290406227111816,0.1192159131169319,5.17119026184082,1.7363451719284058,3.950158527489109,2.978204,31.0,0.999547168445786,moderate,True,https://di-india-collab.flow-analytics.io/tools/replay/2025-06-01T16:03:52Z,1,0.4879630400575089,-0.7175156135842977,2.583094219707752
10834331_10834362,2025-06-01 16:03:53.243357897,4,4,1,0.2618708412469879,6.223346710205078,1.4972480535507202,0.0277969541999834,1.7565264701843262,4.156523704528809,0.4476232528686523,1.7399621610021,3.173095703125,0.2339167790143736,0.0079987864066365,0.2567541368071372,4.08,0.1193603159,0.3937427730000001,0.4028119937999999,1.1472000000000009,0.14252543742,2.057987689971924,0.0532993115484714,2.004688262939453,0.68723464012146,2.2672341698049685,2.917036,30.0,0.999976000020082,moderate,True,https://di-india-collab.flow-analytics.io/tools/replay/2025-06-01T16:03:53Z,1,1.088880045967211,0.08514968725681044,2.9378148045989128
10834340_10834390,2025-06-01 16:03:57.365576029,4,4,1,0.0656419707835514,6.063179969787598,0.9324567317962646,0.4914907407794321,0.6825865507125854,6.502371311187744,0.3357174396514892,-0.658626639371686,3.027099609375,0.3123497983887098,0.0081970102311149,0.3123863088171948,6.48,0.0974813671,0.3979761881000001,0.3945884613999998,1.1280000000000008,0.1309494511,1.049075484275818,0.0123181995004415,1.036757230758667,0.3487831652164459,1.662787327090521,2.972498,31.0,0.9996908271338834,low,True,https://di-india-collab.flow-analytics.io/tools/replay/2025-06-01T16:03:57Z,1,0.45734010378467405,-0.7823279552801036,3.353992235055041
10834344_10834368,2025-06-01 16:03:55.057682037,4,4,1,0.2797840699544131,6.502595901489258,1.619443416595459,0.0939829787102975,2.4275355339050293,4.015327453613281,1.7904930114746094,4.732953915573212,3.153076171875,0.0030904952152821,0.0001046605725062,0.1047805381816712,4.08,0.1278126166199999,0.489658017,0.4177202597999999,1.1376000000000008,0.14732909422,2.884341239929199,0.0790613442659378,2.8052799701690674,0.9377650618553162,2.6617256754441656,2.991453,31.0,0.9993925385185212,moderate,True,https://di-india-collab.flow-analytics.io/tools/replay/2025-06-01T16:03:55Z,1,0.11754634012581688,-2.140922639097366,3.269867301571327
10834368_10834390,2025-06-01 16:03:54.857178926,4,4,1,0.0556290229179782,7.234052181243896,0.7765642404556274,0.1778350053096555,0.823467493057251,9.315459251403809,1.0071523189544678,-5.403913530675123,2.98291015625,0.0289699110959424,0.0006035004223684,0.0452073301329982,9.36,0.1120435512199999,0.45650383794,0.4000727661999999,1.132800000000001,0.1193397852799999,4.177883625030518,0.1657841503620147,4.012099266052246,1.3440449237823486,3.342629422749784,2.985093,31.0,0.996324501214226,moderate,True,https://di-india-collab.flow-analytics.io/tools/replay/2025-06-01T16:03:54Z,1,0.08045865076315298,-2.5200118816397126,4.784516345178326
10835002_10835027,2025-06-01 16:04:33.713880062,4,4,1,0.1725764480985867,6.254393100738525,1.3114243745803833,0.3484526469720443,1.401910424232483,4.769160270690918,7.385783672332764,5.650519711966153,3.13037109375,1.4099864683740355,0.0449832259660636,1.4106954755912118,4.56,0.00136905204,1.5552184699999996,0.3463883552,1.1472000000000009,0.1462923090999999,1.7316410541534424,0.0183726791292428,1.7132683992385864,0.5711753368377686,2.1066052688576966,2.999549,31.0,0.9995472736039094,moderate,True,https://di-india-collab.flow-analytics.io/tools/replay/2025-06-01T16:04:33Z,1,1.6656418301407603,0.5102105327207291,2.7664732402878114
10835086_10835113,2025-06-01 16:04:37.046962023,4,4,1,0.2275008707779982,7.494399070739746,1.9740490913391116,-4.20204381933551,1.908647537231445,3.7964603900909424,4.028609275817871,19.617343099232265,3.259521484375,2.3797067045936204,0.0872954927760688,2.382328916093058,3.36,0.00144582128,1.8065270399999995,0.3587389050000001,1.1472000000000009,0.1745930775999999,3.1692943572998047,0.1903410404920578,2.9789533615112305,1.008334398269653,3.777238817755397,2.954331,31.0,0.9999772744357932,moderate,True,https://di-india-collab.flow-analytics.io/tools/replay/2025-06-01T16:04:37Z,1,0.04105172742742929,-3.192922362911122,3.5260775271762985
10835221_10835256,2025-06-01 16:04:52.599912882,4,4,1,0.6074281469268603,6.36948299407959,2.138267755508423,-0.7049842370186202,1.44616961479187,2.9788050651550293,0.2238116264343261,1.2332291147289165,3.23974609375,0.0300353083870061,0.0012347782449897,0.2132583907736146,2.88,0.18932009984,0.8006064484400004,0.4237475396,1.132800000000001,0.2351501607999999,1.7845041751861572,0.051420971751213,1.7330832481384275,0.5795472264289856,1.5600089009199358,2.990409,31.0,0.9999686922368324,low,True,https://di-india-collab.flow-analytics.io/tools/replay/2025-06-01T16:04:52Z,1,6.685405212459126e-07,-14.218168827064307,5.995074338095738
10835256_10835320,2025-06-01 16:04:56.504842043,4,4,1,0.4059728746683991,7.210086822509766,2.035822868347168,-1.6331334303297145,1.3934528827667236,3.5416080951690674,1.5666813850402832,1.293649270586909,3.24267578125,0.064824770716852,0.00241680832529,0.1359178287698879,3.6,0.19293366134,0.5616037775600001,0.4234577803999999,1.1424000000000007,0.1755665313999999,1.7147810459136963,1.2653332948684692,0.449447751045227,0.1504334956407547,2.5230114083793724,2.987684,31.0,0.999801799266976,moderate,True,https://di-india-collab.flow-analytics.io/tools/replay/2025-06-01T16:04:56Z,1,0.04873038639159801,-3.0214524929236415,4.087411827703743
10836345_10836509,2025-06-01 16:06:25.987663984,4,4,1,0.0353843148086764,5.578474998474121,0.5908844470977783,1.1567810607044706,0.6496198177337646,9.440890312194824,0.2238116264343261,-2.848180502423836,3.0322265625,1.3337484469425969,0.0283128935370298,1.333810946815816,8.879999999999999,0.0014075006,1.539519583999999,0.3661987496000001,1.156800000000001,0.1257259316,2.6538095474243164,4.141664981842041,-1.4878554344177246,-0.4972298443317413,0.8100817516740387,2.992289,31.0,0.9844047229251288,low,True,https://di-india-collab.flow-analytics.io/tools/replay/2025-06-01T16:06:25Z,1,0.1025817394446539,-2.277095340207735,3.2382724623037302
10836388_10836594,2025-06-01 16:06:25.260072947,4,4,1,1.122854424474779,7.269991874694824,2.938109397888184,-1.3637395039378433,2.8814194202423096,2.4743776321411133,0.2238116264343261,0.0,3.202392578125,0.353858532440879,0.016531348674957,0.4072298879510505,2.4,0.16815038348,0.6060347964000001,0.4280743,1.1040000000000003,0.283543691,4.3524041175842285,3.912635564804077,0.4397685527801513,0.1501014977693557,2.326829046028549,2.929808,30.0,0.9992511693731168,moderate,True,https://di-india-collab.flow-analytics.io/tools/replay/2025-06-01T16:06:25Z,1,0.010611037693501406,-4.545860527792648,4.836136426233953
10836509_10836533,2025-06-01 16:06:18.938142061,4,4,1,0.3776159354102952,7.475219249725342,1.974394679069519,-1.027237908274525,2.551398277282715,3.786081552505493,0.2238116264343261,20.837808288745823,3.15966796875,0.0139418975117789,0.0004941666711466,0.1073909330437159,3.84,0.19594413142,0.4994097845199999,0.3951543658,1.132800000000001,0.1768636969999999,3.592868566513061,0.2003308534622192,3.3925375938415527,1.1372897624969482,2.798631379898959,2.983002,31.0,0.9999743123492324,moderate,True,https://di-india-collab.flow-analytics.io/tools/replay/2025-06-01T16:06:18Z,1,0.056065100990567995,-2.8812417457587243,3.3633060257370353
10838523_10838545,2025-06-01 16:09:01.019798994,4,4,1,0.0804877962716135,7.475399971008301,0.9747895002365112,0.5201297389049704,1.122030258178711,7.668732643127441,14.10013198852539,1.147259606808155,3.13330078125,2.8218280744255724,0.0681603059110387,2.8236368479016782,6.48,0.00144582128,1.8078425299999996,0.3567133946,1.1376000000000008,0.1413262887,4.246827125549316,1.62319815158844,2.623629093170166,0.9009482860565186,2.1535356856234844,2.912075,30.0,0.9945599789228236,moderate,True,https://di-india-collab.flow-analytics.io/tools/replay/2025-06-01T16:09:01Z,1,1.9359049157174277,0.6605748738659436,2.56723668169724
10838906_10838931,2025-06-01 16:09:01.019798994,4,4,1,0.2326531723711182,7.466673851013184,1.5766867399215698,-0.2303523884559964,2.0092766284942627,4.735673427581787,3.3571743965148926,-2.294514325087025,2.99853515625,1.1295124141002586,0.0361306900450357,1.1346024819526983,4.56,0.00154367736,1.2041838846,0.3828941973999999,1.156800000000001,0.1445591158,2.76531195640564,0.4789251685142517,2.286386728286743,0.7851400375366211,2.1831254061967247,2.912075,30.0,0.9952628542744224,moderate,True,https://di-india-collab.flow-analytics.io/tools/replay/2025-06-01T16:09:01Z,1,0.1500274883615287,-1.8969367459316393,3.0991806578681658
10840049_10840083,2025-06-01 16:10:26.941111088,4,4,1,0.2019848344900995,7.358180522918701,1.5573039054870603,-1.1448949245374005,2.501850128173828,4.724948406219482,6.042913913726807,-4.375637711606126,3.142333984375,1.3198135384182947,0.0423212068693331,1.3199723674309438,4.56,0.00154367736,1.547720361999999,0.3466899834000002,1.1520000000000008,0.1447597915999999,3.8356335163116455,0.8818769454956055,2.95375657081604,1.0170998573303225,3.653773021909813,2.904097,30.0,0.998543326115827,moderate,True,https://di-india-collab.flow-analytics.io/tools/replay/2025-06-01T16:10:26Z,1,0.30359551820540603,-1.1920589957389058,2.9735142631784135
10840083_10840155,2025-06-01 16:10:35.043555975,4,4,1,0.8859625595706442,7.317606449127197,2.4319331645965576,0.0078466364728427,2.483043909072876,3.0089669227600098,3.3571743965148926,0.0,3.157958984375,1.0785830605770603,0.045194888881909,1.0898589716678944,2.88,0.00157590646,1.2175713145999998,0.3812744225999999,1.1520000000000008,0.2742592378,5.978251457214356,1.7292839288711548,4.24896764755249,1.4194713830947876,3.685559695574937,2.993345,31.0,0.9699326640103032,moderate,True,https://di-india-collab.flow-analytics.io/tools/replay/2025-06-01T16:10:35Z,1,0.00033670934903053855,-7.9962904655342655,6.522488768006989
10841717_10841852,2025-06-01 16:13:04.051606894,6,4,1,0.0579943958630124,6.515573501586914,0.8225241899490356,0.0891692370568268,0.8881932497024536,7.921436786651611,7.11301326751709,-0.909886536164656,3.46484375,1.489292304289699,0.0351274136841698,1.4903861810440284,7.439999999999999,0.00154367736,1.7406244859999995,0.3843904056,1.1520000000000008,0.12880822122,1.205963134765625,0.0352832712233066,1.170679807662964,0.4042020142078399,1.5414111154090335,2.896274,30.0,0.995629920552831,low,True,https://di-india-collab.flow-analytics.io/tools/replay/2025-06-01T16:13:04Z,1,0.6486221415927987,-0.4329049481757128,3.1479272932976703
10841852_10841913,2025-06-01 16:13:02.264250994,4,4,1,0.0461463101491188,6.588764667510986,0.69720858335495,0.0708105464935442,-0.0982123613357544,9.45020580291748,171.81637573242188,-3.0366155650461093,2.996826171875,4.080689102600509,0.0872545692658795,4.081100718935799,5.76,0.00143603162,1.8065270399999995,0.3570395354,1.1424000000000007,0.1283883035799999,0.8352644443511963,0.340684711933136,0.4945797324180603,0.1653074026107788,1.5414111154090335,2.991879,31.0,0.8561998642382975,low,True,https://di-india-collab.flow-analytics.io/tools/replay/2025-06-01T16:13:02Z,1,7.037526950307167e-14,-30.284934478929614,8.138023791550044
10841913_10842429,2025-06-01 16:13:36.640505075,4,4,1,0.2105034988574436,4.551711559295654,1.2028120756149292,0.51008769077864,1.8451882600784304,3.784224987030029,179.21615600585938,1.9723054925281165,2.957275390625,3.29287079752554,0.1213014473545874,3.2990970925355567,1.92,0.00127077826,1.8567434999999997,0.3082857411999999,1.1472000000000009,0.1462054266,2.33717942237854,5.086423873901367,-2.749244451522827,-0.922848641872406,1.0786898222030514,2.979085,31.0,0.7636755949733912,low,True,https://di-india-collab.flow-analytics.io/tools/replay/2025-06-01T16:13:36Z,1,1.6358541462438914e-15,-34.04661131336712,8.509193932867593
10842107_10842312,2025-06-01 16:13:59.516068934,4,4,1,0.1250381955381066,5.316795825958252,1.0468043088912964,0.2430968123741941,1.2122981548309326,5.079073429107666,9.4000883102417,-2.979019349509325,2.9755859375,0.6155059858592684,0.0188040709364789,0.6162640670965974,5.04,0.0828115851199999,1.0090156749999997,0.4038052821999998,1.1664000000000008,0.1431047118,1.5286411046981812,0.0444700755178928,1.4841710329055786,0.499818354845047,2.3132682904408446,2.969421,31.0,0.9814241575879868,moderate,True,https://di-india-collab.flow-analytics.io/tools/replay/2025-06-01T16:13:59Z,1,0.27191328332313475,-1.3022720748292747,3.203021081642093
10842312_10842367,2025-06-01 16:13:27.934067965,4,4,1,0.1496289917091766,7.377436637878418,1.3313472270965576,-0.2161815243772806,2.053203582763672,5.541331768035889,3.804797649383545,-4.483580624135612,3.123779296875,1.7494947657278133,0.0511165497106682,1.7508517528196277,5.279999999999999,0.00145561094,1.8033415019999997,0.3481250956000001,1.1520000000000008,0.1426030024999999,4.007084846496582,0.0738435462117195,3.933241367340088,1.3589973449707031,3.809589655464418,2.894223,30.0,0.9998865689829592,moderate,True,https://di-india-collab.flow-analytics.io/tools/replay/2025-06-01T16:13:27Z,1,1.1407310837398277,0.13166935838661825,2.364850528203931
10844573_10844611,2025-06-01 16:16:35.269663095,4,4,1,0.1848514152838997,7.354911804199219,1.301744818687439,0.6122285060144365,1.6489300727844238,5.650041103363037,0.2238116264343261,2.0682335845751703,2.97021484375,0.781278198584403,0.0224375337193437,0.7860828730255864,5.52,0.05353287014,1.0539204989999995,0.3629903483999999,1.1616000000000009,0.1457962949,2.453314781188965,0.0449679754674434,2.4083468914031982,0.8055733442306519,1.9341867070861485,2.989606,31.0,0.9999046117936844,low,True,https://di-india-collab.flow-analytics.io/tools/replay/2025-06-01T16:16:35Z,1,3.2197196896243128,1.1692943028552882,2.95156758766676
10844751_10844768,2025-06-01 16:16:49.448221922,4,4,1,0.0409721782472776,7.453780174255371,0.7240728139877319,-0.0101492468956236,0.7256994843482971,10.294240951538086,2.2381162643432617,-2.405616244240968,3.177734375,0.2062100853074914,0.0041034238841222,0.2076445808892116,10.32,0.1124177487799999,0.5475712982400002,0.4150176858,1.1328000000000007,0.1126997348599999,1.4191666841506958,0.024448525160551,1.3947181701660156,0.4792785048484802,1.514721966322906,2.910037,30.0,0.9987920022574316,low,True,https://di-india-collab.flow-analytics.io/tools/replay/2025-06-01T16:16:49Z,1,0.6215173821221524,-0.4755914004061337,3.3116712692147288
10845792_10845870,2025-06-01 16:18:28.981460094,4,4,1,14.735665957132976,3.640658617019653,5.976190567016602,28.12235045384776,5.163314342498779,0.6091938614845276,41.62896347045898,414.93227911510286,3.160888671875,0.7556259731549267,0.0818244825629978,0.9831330297958224,0.48,0.01345971534,1.2674263570000002,0.3706802976,0.6911999999999998,0.7960094816000001,5.7262492179870605,8.958295822143555,-3.232046604156494,-1.1061500310897827,1.2614281167362509,2.921888,30.0,0.9774995135452456,low,True,https://di-india-collab.flow-analytics.io/tools/replay/2025-06-01T16:18:28Z,1,3.4027019933469354e-151,-346.4657792221632,26.066516804759807
10845792_10845882,2025-06-01 16:18:26.188079119,4,4,1,22.557526694403755,4.36857795715332,8.332613945007324,-16.41271479698945,-2.8233323097229004,0.5242745876312256,158.57054138183594,-518.2429481004796,3.083251953125,0.7157230982631141,0.0847254199880127,0.7598294679153342,0.48,0.1851558786,0.9554356740000002,0.4286137695999998,0.6191999999999999,0.8696444120000001,0.9824158549308776,0.2809720933437347,0.7014437913894653,0.2339522391557693,15.26501353993867,2.998235,31.0,0.7682908445575505,critical,True,https://di-india-collab.flow-analytics.io/tools/replay/2025-06-01T16:18:26Z,1,7.512925990983633e-139,-318.042702923628,25.85715816297625
10847028_10847059,2025-06-01 16:19:53.027760983,4,4,1,0.6099495819275439,7.424177169799805,2.196189641952514,-0.1731553940933039,2.830516815185547,3.380481004714966,0.2238116264343261,9.942767924321172,3.19775390625,0.3088005489931777,0.011966775820512,0.3104710697573127,3.36,0.1618516855799999,0.3854762254000001,0.4301961615999999,1.1136000000000008,0.2399875754,3.4522814750671387,0.4727831780910492,2.9794983863830566,0.9965647459030152,2.816993102679693,2.989769,31.0,0.9987883953367576,moderate,True,https://di-india-collab.flow-analytics.io/tools/replay/2025-06-01T16:19:53Z,1,0.08479021769996385,-2.467575100150193,3.3664253523913077
10847028_10847059,2025-06-01 16:19:54.427661896,4,4,1,0.106896140275137,6.818303108215332,1.413303256034851,-0.8317249626147302,0.5916408896446228,4.824373722076416,0.8952465057373047,0.135033802925839,3.19775390625,0.0389155061483937,0.0012024451390259,0.0518252067123836,4.8,0.13718699154,0.4896580169999999,0.4265324868,1.132800000000001,0.14296855522,0.9403122067451476,1.755489945411682,-0.8151777386665344,-0.272134006023407,1.1327610156643813,2.995501,31.0,0.9993360444946944,low,True,https://di-india-collab.flow-analytics.io/tools/replay/2025-06-01T16:19:54Z,1,1.2360310565814703,0.21190548540386664,3.2375714641077784
10847545_10847571,2025-06-01 16:20:30.073380947,4,4,1,0.4539042168498506,4.498138427734375,1.5437294244766235,-1.5030141980836962,-2.256689071655273,2.9138126373291016,1.342869758605957,-0.2252263866813025,2.95751953125,2.431853207286411,0.1044629586012908,2.4384738752112747,2.16,0.00132001968,1.8567434999999997,0.3194406610000001,1.1520000000000008,0.1431769822,8.881759643554688,11.234027862548828,-2.3522682189941406,-0.7858610153198242,2.791374105902131,2.993237,26.0,0.9976611842851396,moderate,True,https://di-india-collab.flow-analytics.io/tools/replay/2025-06-01T16:20:30Z,1,3.9724139638882277e-16,-35.46198752663672,9.02059929664049
10847545_10847571,2025-06-01 16:20:32.755214930,4,4,1,0.1756363665598464,4.523430824279785,0.6185377240180969,-2.706555118888885,0.5085592269897461,7.313104152679443,1.7904930114746094,-10.8682674972753,2.95751953125,4.171960489837884,0.103949032372124,4.175519534010858,1.2,0.00132001968,1.8477311159999996,0.345093634,1.1472000000000009,0.12779928474,11.203356742858888,11.032196044921877,0.1711606979370117,0.0741622224450111,4.693701532520286,2.307923,24.0,0.9987059573313366,serious,True,https://di-india-collab.flow-analytics.io/tools/replay/2025-06-01T16:20:32Z,1,2.027494330736208e-15,-33.831975684091525,7.82033676574447
10847618_10847643,2025-06-01 16:20:41.172312975,4,4,1,0.0718708354811567,7.424444675445557,0.7995689511299133,0.8392748965517968,1.1916874647140503,9.285558700561523,1.5666813850402832,-4.121719593270138,3.1923828125,0.9824006864830348,0.0210166560664594,0.982403631167582,9.12,0.0101521773999999,1.1853180866000002,0.3978581341999999,1.156800000000001,0.12614498838,1.8641988039016724,0.0237483531236648,1.840450406074524,0.6189113259315491,2.0358186959098687,2.97369,31.0,0.9982477810214072,moderate,True,https://di-india-collab.flow-analytics.io/tools/replay/2025-06-01T16:20:41Z,1,2.241345923767587,0.8070765442483774,2.2849154804944396
10848663_10848684,2025-06-01 16:22:08.838149071,6,4,1,0.19204289054432,6.759127616882324,1.3795700073242188,-0.0349799971630108,0.9100509881973268,4.899445056915283,0.6714348793029785,1.1669728834634872,3.54931640625,0.1460769863019908,0.0045138680180738,0.1982728770887806,4.8,0.1350436523,0.5641879021600001,0.4442020505999998,1.1328000000000007,0.14107096322,1.2407259941101074,0.0833054929971695,1.1574205160140991,0.3993465304374695,1.5581383892826255,2.898286,30.0,0.9999587461123268,low,True,https://di-india-collab.flow-analytics.io/tools/replay/2025-06-01T16:22:08Z,1,0.40679927477652617,-0.8994353975612235,2.7331575823946967
10849123_10849138,2025-06-01 16:22:42.502698898,4,4,1,0.1317891729290776,7.439863204956055,1.3980096578598022,-1.541328718216788,1.4434318542480469,5.321753978729248,4.028609275817871,-6.421518740961276,3.032470703125,0.4180246155611226,0.0123869431158575,0.419482218969112,5.279999999999999,0.1164616753399999,0.6946036352,0.3967497735999999,1.132800000000001,0.14918699726,6.4214606285095215,1.3700050115585327,5.051455497741699,1.739044189453125,3.4571061121071147,2.904731,30.0,0.9994149160122912,moderate,True,https://di-india-collab.flow-analytics.io/tools/replay/2025-06-01T16:22:42Z,1,0.14828929821023715,-1.908590195555841,2.7243606378117384
10849138_10849162,2025-06-01 16:22:44.408425093,4,4,1,0.3052925456419564,7.295653820037842,1.8822157382965088,-1.109896445257715,2.6383872032165527,3.8760986328125,2.0143046379089355,-11.664276818077106,3.059814453125,0.8068374544055694,0.0290130089034295,0.8071216218761581,3.84,0.0562566554199999,1.0285775513999995,0.3694758129999999,1.1616000000000009,0.1801184383999999,5.0276408195495605,0.6534144282341003,4.3742265701293945,1.5146880149841309,3.0535317711688843,2.887873,30.0,0.996098763759404,moderate,True,https://di-india-collab.flow-analytics.io/tools/replay/2025-06-01T16:22:44Z,1,1.052165245077517,0.050850179050089934,3.6157567864782227
10849808_10849885,2025-06-01 16:24:24.034202099,4,4,1,0.0354281484158613,6.619174957275391,0.6741220355033875,-0.0891139001359662,0.6841951608657837,9.81895637512207,1.342869758605957,0.0,3.019775390625,0.2381758177301644,0.0048798620234829,0.2392618259389148,9.84,0.0954398494199999,0.5589891809799999,0.4064848227999998,1.1424000000000007,0.1115969630799999,1.0130650997161863,2.2230892181396484,-1.210024118423462,-0.4034269154071808,0.6888452915650787,2.999364,31.0,0.9974630278022144,low,True,https://di-india-collab.flow-analytics.io/tools/replay/2025-06-01T16:24:24Z,1,0.6929237358670389,-0.36683533510200933,2.639760918448852
10849943_10849974,2025-06-01 16:23:45.961673021,4,4,1,0.03533565918877,6.629273414611816,0.6222493648529053,-0.0982196621819299,0.5231198072433472,10.653724670410156,0.2238116264343261,-0.3593687748628205,3.32275390625,0.1029308829389575,0.0019970326880032,0.1175284623107317,10.56,0.0970073003399999,0.35630614628,0.4521169248,1.142400000000001,0.11162308448,0.928862690925598,0.0282066632062196,0.9006560444831848,0.300455242395401,1.256110889825174,2.997638,31.0,0.9976699637470918,low,True,https://di-india-collab.flow-analytics.io/tools/replay/2025-06-01T16:23:45Z,1,0.0641772816144757,-2.746105999846008,2.930599062046381
10849943_10849974,2025-06-01 16:24:35.514655113,4,4,1,0.0316879736177988,6.890859603881836,0.5910481810569763,0.1163001618972804,0.6022334098815918,11.658710479736328,1.6785871982574463,3.741561781426325,3.32275390625,1.7998677197801032,0.0337633938379301,1.800285147227551,10.8,0.00154367736,1.8033415019999997,0.3842984472,1.156800000000001,0.1257259316,4.674740314483643,3.0440869331359863,1.6306533813476562,0.5606654286384583,1.6001403785387325,2.9084250000000003,30.0,0.9986359090182396,low,True,https://di-india-collab.flow-analytics.io/tools/replay/2025-06-01T16:24:35Z,1,0.04544843528971865,-3.091176886020171,3.576849409962413
10850513_10850545,2025-06-01 16:24:41.911164045,4,4,1,0.0586753406533798,4.392193794250488,0.6031411290168762,-0.0485424696581167,0.3506064414978027,7.282198905944824,3.245268583297729,-3.018686083881746,3.02490234375,0.6444914826072091,0.0158897023296585,0.6460944880304884,7.199999999999999,0.0792768132599999,1.0001419222000003,0.4016197971999997,1.1616000000000009,0.12085057776,4.903479099273682,2.6586899757385254,2.244789123535156,0.7627851963043213,7.728507085807806,2.942885,29.0,0.9951076276343208,critical,True,https://di-india-collab.flow-analytics.io/tools/replay/2025-06-01T16:24:41Z,1,0.0009253311339428769,-6.985358901871399,4.405131991286157
10850545_10850560,2025-06-01 16:24:39.220882893,4,4,1,0.0433185132197223,7.378048896789551,0.6674879789352417,-1.279184122707585,1.3195734024047852,11.05345630645752,0.5595290660858154,0.7530466470878728,2.833740234375,0.5768388861230133,0.0110815261427788,0.5779754029422445,11.04,0.0902961767199999,0.8689462719999999,0.4086113567999999,1.1472000000000009,0.1173277048799999,5.279094696044922,4.181724548339844,1.097370147705078,0.3797431886196136,2.993694811152732,2.8897690000000003,28.0,0.9968856854290922,moderate,True,https://di-india-collab.flow-analytics.io/tools/replay/2025-06-01T16:24:39Z,1,0.012245145637001976,-4.402625695059353,3.977139090363745
10850545_10850560,2025-06-01 16:24:43.629827023,4,4,1,0.349723682740908,6.247428894042969,1.5841190814971924,0.216145495358056,2.0257885456085205,3.9437873363494873,1.9023988246917725,3.515589723082499,2.833740234375,0.0436720074508049,0.0015228694328009,0.169821989320113,3.84,0.1283887666199999,0.6066258935400001,0.3889047092,1.142400000000001,0.14400174102,4.921887874603272,2.3372950553894043,2.584592819213867,0.8688693642616272,5.970815507025861,2.974662,30.0,0.999320033242441,serious,True,https://di-india-collab.flow-analytics.io/tools/replay/2025-06-01T16:24:43Z,1,0.002224262701155852,-6.108329788546225,4.740994159842478
10850842_10850854,2025-06-01 16:25:03.488826990,4,4,1,0.3379662750565572,7.403698921203613,2.0128817558288574,-1.165850494072744,3.0231282711029053,3.67815899848938,4.476232528686523,-6.737180288566101,3.2724609375,1.6236442978441894,0.0605328443933235,1.6363726513546857,3.6,0.00145561094,1.8078425299999996,0.3613644522000001,1.1472000000000009,0.1777645575999999,6.438724040985107,0.0421652011573314,6.39655876159668,2.140033006668091,8.36570981207014,2.989,31.0,0.9997517486086568,critical,True,https://di-india-collab.flow-analytics.io/tools/replay/2025-06-01T16:25:03Z,1,0.006612384360509525,-5.018810969964319,3.6494076312509045
10851033_10851061,2025-06-01 16:25:24.676274061,4,4,1,0.0966038705859432,7.464041233062744,1.0581822395324707,-0.1447119331710537,0.9246274828910828,7.053644180297852,0.4476232528686523,-4.915179718907497,3.126953125,0.239864997980678,0.0059856966478557,0.2567004454873008,6.96,0.12034891484,0.4848707025,0.3966051985999998,1.1376000000000008,0.14043968822,1.7720996141433716,0.2357223629951477,1.536377191543579,0.5146578550338745,1.009287363799461,2.98524,31.0,0.9997485726792062,low,True,https://di-india-collab.flow-analytics.io/tools/replay/2025-06-01T16:25:24Z,1,2.1108809505646686,0.7471053724700005,3.1289912018004724
10851918_10851946,2025-06-01 16:26:40.115262985,4,4,1,1.1511752228880463,7.307231426239014,2.77112340927124,-0.1723678197142151,3.1901888847351074,2.636920213699341,0.8952465057373047,-2.2591244955825425,3.079345703125,0.3200261992328701,0.0143843604657185,0.320821254222105,2.64,0.1742506239999999,0.3807160854000001,0.3965254578,1.1040000000000003,0.274866611,3.804608821868897,0.0152139198035001,3.789394855499268,1.3063162565231323,3.378486281805943,2.900825,30.0,0.9999184827002332,moderate,True,https://di-india-collab.flow-analytics.io/tools/replay/2025-06-01T16:26:40Z,1,0.001337650875709789,-6.616840281287034,3.4774767016991244
10851983_10852249,2025-06-01 16:27:05.987452984,4,4,1,1.0618467695152278,4.597110271453857,2.4681835174560547,4.259941312108544,2.739342451095581,1.8625479936599727,1.3148932456970217,8.941597459039528,3.050537109375,0.3834083631287661,0.0212278343647757,0.4212038643133511,1.92,0.1400451923399999,0.8517342012,0.4129287194,1.108800000000001,0.2831549971999999,4.859260082244873,2.015993118286133,2.84326696395874,1.1703345775604248,5.2895010662426,2.429448,22.0,0.9983547864883782,serious,True,https://di-india-collab.flow-analytics.io/tools/replay/2025-06-01T16:27:05Z,1,3.832143148791936e-09,-19.37984162137896,6.394980832250144
10853715_10853754,2025-06-01 16:28:48.322653055,4,4,1,0.2775733563286971,6.2738800048828125,1.5153405666351318,-0.2793941498478268,1.7237143516540527,4.140244007110596,1.0071523189544678,0.6905807215402715,3.341796875,0.0091632758848348,0.0003070295599241,0.0917363497275101,4.08,0.1294816839399999,0.4899301124199999,0.4249539297999999,1.1376000000000008,0.13878251442,2.0430147647857666,0.0076355617493391,2.03537917137146,0.7018895149230957,2.279621824427084,2.899857,30.0,0.9998953972897252,moderate,True,https://di-india-collab.flow-analytics.io/tools/replay/2025-06-01T16:28:48Z,1,0.31009526762860795,-1.1708757137835129,2.7073881812760363
10853754_10853769,2025-06-01 16:28:49.529690981,4,4,1,0.1534109077509681,6.053875923156738,1.1988627910614014,0.1098531983697602,1.4415963888168335,5.049682140350342,1.6785871982574463,-3.300618849931253,3.2919921875,0.0411223116807953,0.0012370100420303,0.0426541394280971,5.04,0.1163355328399999,0.4896580169999999,0.4274968189999999,1.1376000000000008,0.13933900312,1.7784218788146973,0.0454883351922035,1.732933521270752,0.5940208435058594,2.318005377006882,2.917294,30.0,0.9993357825117316,moderate,True,https://di-india-collab.flow-analytics.io/tools/replay/2025-06-01T16:28:49Z,1,3.9362741322070964,1.3702346241750782,2.1274659050941223
10854633_10854794,2025-06-01 16:30:25.455415964,4,4,1,0.2543541157682743,7.123166561126709,1.5331693887710571,0.0905287575495353,1.3109705448150637,4.646039962768555,2.573833703994751,-2.9877147551071026,3.203125,0.2920278381015344,0.0093592989878353,0.3157381932700786,4.56,0.1252227280799999,0.3996371956,0.4358753185999999,1.132800000000001,0.14121227982,3.4858806133270264,0.0909426659345626,3.3949379920959477,1.1712833642959597,3.011114285653968,2.898477,30.0,0.9998097846586746,moderate,True,https://di-india-collab.flow-analytics.io/tools/replay/2025-06-01T16:30:25Z,1,0.41858979085667597,-0.8708638580476871,2.252383391796709
10855894_10855994,2025-06-01 16:33:03.818582058,4,4,1,0.2076624958891299,7.448574542999268,1.6540886163711548,-1.1533346574780854,2.5601046085357666,4.503129005432129,0.8113171458244324,7.587913568803968,3.177734375,1.1082663414748244,0.0365262096923883,1.1170198300752094,4.32,0.00154367736,1.2041838846,0.3828941973999999,1.1520000000000008,0.1497457291999999,4.994260311126709,2.7813880443573,2.212872266769409,0.7644726037979126,6.710556526684746,2.894639,30.0,0.9999881973196152,critical,True,https://di-india-collab.flow-analytics.io/tools/replay/2025-06-01T16:33:03Z,1,0.006266240988020308,-5.072578627565084,4.874851065458202
10856098_10856151,2025-06-01 16:32:45.028975964,4,4,1,0.0695301223053588,7.494740962982178,0.960194766521454,-0.2462841735089775,0.8865199685096741,7.805438041687012,5.371479034423828,4.3568121762316485,3.24658203125,2.7439558538557707,0.0655721632558992,2.7442536731607463,6.72,0.00144582128,1.8078425299999996,0.3829939878,1.1424000000000007,0.1413262887,1.415533423423767,0.0556208714842796,1.3599125146865845,0.4541584253311157,1.7047955906465466,2.994357,31.0,0.999699993247292,low,True,https://di-india-collab.flow-analytics.io/tools/replay/2025-06-01T16:32:45Z,1,0.8146822554879376,-0.20495711232751065,2.479354366792402
10857009_10857031,2025-06-01 16:34:06.670970917,4,6,1,0.2695112983039929,7.430163860321045,1.598897933959961,0.0749897118823344,1.8648786544799805,4.647053241729736,3.804797649383545,-2.370055625686868,3.442138671875,0.638888163951205,0.0205857867230693,0.6444608152802163,4.56,0.09539454254,1.2067204904000002,0.4265924185999998,1.1664000000000008,0.1431197409,2.306080818176269,0.0328133553266525,2.2732675075531006,0.7595285773277283,2.7270539539939835,2.992998,31.0,0.9975666962260324,moderate,True,https://di-india-collab.flow-analytics.io/tools/replay/2025-06-01T16:34:06Z,1,0.06148354184864452,-2.7889857522013664,3.100411165519676
10857093_10857144,2025-06-01 16:34:12.261115074,6,4,1,0.075276685068644,7.485418796539307,0.9641802310943604,-0.1775723422429106,0.8616292476654053,7.763505935668945,1.342869758605957,-1.9647253765550068,3.498046875,0.1439473235151646,0.0033804852733116,0.1636080014088559,7.68,0.1176754583199999,0.4703843263600002,0.4499858131999998,1.1472000000000009,0.13368725568,1.9008712768554688,0.0622174181044101,1.838653802871704,0.615388810634613,1.6607494571750283,2.987792,31.0,0.9965835537018664,low,True,https://di-india-collab.flow-analytics.io/tools/replay/2025-06-01T16:34:12Z,1,0.6179821468914865,-0.48129571046683056,3.0548490595574056
10857144_10857186,2025-06-01 16:34:13.455969095,4,4,1,0.8890888148392575,7.458168029785156,2.5149428844451904,-0.3829800417722894,3.138887882232666,2.9655416011810303,2.685739517211914,0.0,3.29345703125,1.5925430593204128,0.0674954281464469,1.5976685665784418,2.88,0.00151649894,1.7641007619999995,0.3605944212,1.1376000000000008,0.2820929892,3.783933162689209,0.331127792596817,3.452805280685425,1.1514067649841309,3.810716227569608,2.998771,31.0,0.9754196859395152,moderate,True,https://di-india-collab.flow-analytics.io/tools/replay/2025-06-01T16:34:13Z,1,0.018104797765723418,-4.011578305905713,4.762864709607594
10857239_10857538,2025-06-01 16:35:10.755654097,4,4,1,0.051618528640449,6.49255895614624,0.8556304574012756,-1.1478951520256384,-0.0074968934059143,7.588040828704834,21.262104034423828,10.39023936170286,3.1630859375,3.036010056486848,0.0738353915776931,3.036791801408162,6.0,0.00143603162,1.8078425299999996,0.356993146,1.1376000000000008,0.1295581859199999,0.7670146226882935,2.91316032409668,-2.146145820617676,-0.7385779619216919,0.4354279279261379,2.905781,30.0,0.9884104383148792,low,True,https://di-india-collab.flow-analytics.io/tools/replay/2025-06-01T16:35:10Z,1,0.17621661787951842,-1.7360412573306254,4.431550688045895
10858072_10858085,2025-06-01 16:35:36.241961002,4,4,1,0.0519209600942975,7.381096839904785,0.6753543019294739,0.95967154776161,1.3908692598342896,10.929221153259276,5.147667407989502,-4.708301013149892,3.322265625,2.586103706185009,0.0505449554019024,2.5861192345505843,9.6,0.00145561094,1.8033415019999997,0.3840186958,1.1520000000000008,0.1198946836,2.1782643795013428,0.0221034958958625,2.156160831451416,0.7220078110694885,2.376054663404459,2.98634,31.0,0.9969544848025728,moderate,True,https://di-india-collab.flow-analytics.io/tools/replay/2025-06-01T16:35:36Z,1,0.12388384818781885,-2.088410860525098,3.1189919399802526
10858338_10858361,2025-06-01 16:35:56.610224009,4,4,1,0.1545005035131874,7.295385837554932,1.3133786916732788,0.1471708288355709,1.5794293880462646,5.554670333862305,1.0071523189544678,0.5215262282968428,3.1728515625,0.830706731972617,0.0241107130765569,0.8321728358479054,5.52,0.0448822691399999,1.0278194274,0.3817306583999998,1.1616000000000009,0.1478740233999999,2.522830009460449,0.2141032665967941,2.3087267875671387,0.7854514122009277,2.855427535438373,2.939363,30.0,0.9982997351377294,moderate,True,https://di-india-collab.flow-analytics.io/tools/replay/2025-06-01T16:35:56Z,1,7.378256856324074,1.998537412383091,2.2220489199666704
10858437_10858457,2025-06-01 16:36:10.677191019,4,4,1,0.0854800614434607,6.065761089324951,0.9100499153137208,0.0340489780709857,0.8966333866119385,6.665306091308594,1.5666813850402832,0.3130437903200498,3.094482421875,0.174643692601303,0.0044977335939381,0.1830471417518332,6.72,0.1025930358,0.5023001635600002,0.3994719425999999,1.1472000000000009,0.1274484096,1.2803337574005127,0.0184772256761789,1.2618565559387207,0.4368684589862823,1.8354806802094277,2.888413,30.0,0.9999746536944858,low,True,https://di-india-collab.flow-analytics.io/tools/replay/2025-06-01T16:36:10Z,1,2.440928052925426,0.8923783165501534,2.821304309519009
10859452_10859472,2025-06-01 16:37:37.619712114,4,4,1,0.1665855287481992,7.434413909912109,1.1173474788665771,1.3422841183925551,1.1127734184265137,6.653627395629883,4.252420902252197,4.253487228106104,3.09326171875,3.4220028237741142,0.0900782634271887,3.4223039400106616,5.279999999999999,0.00144582128,1.8101480739999996,0.3456906288,1.1424000000000007,0.1462054266,5.893414974212647,5.45760440826416,0.4358105659484863,0.1454783678054809,1.379479239110278,2.995707,31.0,0.972180641407338,low,True,https://di-india-collab.flow-analytics.io/tools/replay/2025-06-01T16:37:37Z,1,0.09555010896068135,-2.3481044679440055,3.58608842333066
10860187_10860321,2025-06-01 16:39:41.030142069,4,4,1,0.0930432147373391,5.558615684509277,0.8763526082038879,-0.1486007885407101,1.0619988441467283,6.342898368835449,5.48338508605957,-2.0613916603100564,3.167236328125,1.3731423466793171,0.0369537571068821,1.3737232175790088,6.0,0.0014075006,1.5272559659999994,0.3587637948,1.1520000000000008,0.1326779957,3.7327628135681152,0.1799353659152984,3.5528273582458496,1.1853430271148682,4.256969749741949,2.997299,31.0,0.9829974952903368,serious,True,https://di-india-collab.flow-analytics.io/tools/replay/2025-06-01T16:39:41Z,1,0.22656131095108972,-1.484739682162795,3.6184444678973087
10860187_10860321,2025-06-01 16:40:13.912518978,4,4,1,0.1555546052038645,7.493992805480957,1.278128981590271,-0.1447602980760442,1.4137790203094482,5.86325216293335,0.3357174396514892,-1.777917068822083,3.167236328125,0.1203621432374204,0.0033372234271502,0.1772032758629548,5.76,0.13740436862,0.5056593898599999,0.3992615745999998,1.1472000000000009,0.14056629592,3.7767252922058105,1.3458683490753174,2.430856943130493,0.8125512599945068,3.198204529377659,2.991635,30.0,0.9983035556125368,moderate,True,https://di-india-collab.flow-analytics.io/tools/replay/2025-06-01T16:40:13Z,1,1.8314846636471513,0.6051269295446438,2.6919096534678624
10860208_10860228,2025-06-01 16:39:01.856085062,4,4,1,0.7166709226744237,7.486772060394287,2.3497793674468994,-0.4561520291415517,2.59980845451355,3.186159610748291,0.111905813217163,1.346998448939796,3.05224609375,0.0769074621329153,0.0030574921029823,0.1727435319630895,3.12,0.20265999106,0.5704255904600002,0.3862040644,1.1472000000000009,0.2624567282,3.0049824714660645,0.0398969575762748,2.965085506439209,1.023934006690979,2.13620919118614,2.895778,30.0,0.9999594201385332,moderate,True,https://di-india-collab.flow-analytics.io/tools/replay/2025-06-01T16:39:01Z,1,0.0022524857355423096,-6.095720901224448,4.967923227050056
10860321_10860581,2025-06-01 16:40:16.392790079,4,4,1,0.0962961038185776,6.575053691864014,1.0062198638916016,-0.136238518284104,1.5887985229492188,6.53441047668457,1.230963945388794,3.726209624628975,3.170166015625,0.1561906883792805,0.0040671504150562,0.1643226929031842,6.48,0.1043181752399999,0.4703843263600002,0.4150172919999998,1.1472000000000009,0.13992642922,3.19657039642334,1.3376405239105225,1.8589298725128172,0.6390060186386108,3.5884366903201554,2.909096,30.0,0.9999991275690652,moderate,True,https://di-india-collab.flow-analytics.io/tools/replay/2025-06-01T16:40:16Z,1,2.394295556205148,0.8730890565770508,2.546366942120482
10860581_10860612,2025-06-01 16:40:17.065902948,4,4,1,0.3007792535193091,7.317619323730469,1.6610281467437744,0.057434104533303,1.976973295211792,4.405475616455078,0.2238116264343261,4.101065924312808,3.08544921875,2.6361617364402217,0.0885608298662788,2.636185322199203,3.84,0.00144582128,1.8065270399999995,0.3364369648,1.1472000000000009,0.1517091054,4.218014717102051,1.3485488891601562,2.8694658279418945,0.978913187980652,4.2691309067549055,2.931277,30.0,0.9994424126466964,serious,True,https://di-india-collab.flow-analytics.io/tools/replay/2025-06-01T16:40:17Z,1,0.693165992327271,-0.36648578130650655,2.4640930826773593
10860594_10860612,2025-06-01 16:40:20.701325893,4,4,1,0.062682428837881,7.454362869262695,0.9038304686546326,-0.3294439477766044,0.8719921112060547,8.247523307800293,2.350022077560425,-2.639347246141372,3.293212890625,0.3853031388299356,0.0087885425368252,0.3898352496304056,8.16,0.1099206571799999,0.6052534619999999,0.4407412023999998,1.1232000000000009,0.1341133935,2.117706775665283,1.2329380512237549,0.8847687244415283,0.2954871952533722,1.5608458916855348,2.994271,31.0,0.9999588300094946,low,True,https://di-india-collab.flow-analytics.io/tools/replay/2025-06-01T16:40:20Z,1,1.92036560585839,0.6525155876300683,2.3871384529072666
10860594_10860668,2025-06-01 16:39:47.334381104,4,4,1,0.1422528592882717,6.37445068359375,1.197566270828247,0.1417819172237841,1.36141037940979,5.3228373527526855,1.1190581321716309,-1.0463865700262824,3.38037109375,0.076531868767734,0.002240734498469,0.0916287106625201,5.279999999999999,0.11463092684,0.4657104622600001,0.4274968189999999,1.1376000000000008,0.14069908132,1.7150511741638184,0.0364053435623645,1.6786458492279053,0.5634864568710327,1.3769010428008042,2.979035,31.0,0.9998477070013364,low,True,https://di-india-collab.flow-analytics.io/tools/replay/2025-06-01T16:39:47Z,1,4.273810768616999,1.4525058809090674,2.1779832987581846
10860774_10860803,2025-06-01 16:40:25.583435059,4,4,1,0.0794137953827784,6.805401802062988,0.9572833776474,0.1349540667431465,0.95071679353714,7.109077453613281,1.230963945388794,0.9436521368871772,3.11572265625,0.3168218333628016,0.0078846540886915,0.3328053934833994,7.199999999999999,0.1068185818999999,0.4164085657,0.4030985477999998,1.1232000000000009,0.14056000698,1.8740440607070925,0.2458325922489166,1.628211498260498,0.5441337823867798,1.3039004893812514,2.9923,31.0,0.9996326093341884,low,True,https://di-india-collab.flow-analytics.io/tools/replay/2025-06-01T16:40:25Z,1,1.950104730277003,0.6678830789678019,2.866518195913137
10861078_10861397,2025-06-01 16:40:43.373992920,4,4,1,0.0506573375479353,5.735141277313232,0.7624750137329102,-0.5816601661129757,0.9276614189147948,7.521743297576904,4.70004415512085,2.3154719447021,3.12060546875,2.780849656948025,0.0679428019132272,2.780855748039845,5.76,0.00129985486,1.8078425299999996,0.3548334890000001,1.1376000000000008,0.1291431453199999,2.9533238410949707,1.2977293729782104,1.6555944681167605,0.5518867373466492,3.047754260251567,2.999881,31.0,0.9681447467540352,moderate,True,https://di-india-collab.flow-analytics.io/tools/replay/2025-06-01T16:40:43Z,1,1.053562237261755,0.052177029177571915,2.6783338213979277
10861840_10861870,2025-06-01 16:41:23.240927935,4,4,1,0.3580859537240611,7.389420032501221,1.8990299701690676,-0.4857171172438058,2.7773356437683105,3.891155004501343,19.415658950805664,-3.2806113582365266,2.987548828125,2.955348320067971,0.1069938121746286,2.9613901832799665,3.36,0.0014659861,1.8616069539999995,0.3167456436,1.1472000000000009,0.1745819619999999,4.276552677154541,1.997140645980835,2.279412031173706,0.7829939126968384,3.164813203007769,2.911149,30.0,0.9934031206171972,moderate,True,https://di-india-collab.flow-analytics.io/tools/replay/2025-06-01T16:41:23Z,1,0.06534275001451198,-2.728108785930691,3.425071798275965
10862734_10862848,2025-06-01 16:42:19.885725021,4,4,1,0.2918108546917758,7.302878379821777,1.6870028972625732,-0.0723623557679589,1.7537184953689575,4.328907012939453,0.2238116264343261,6.080290340089436,3.15966796875,0.7325600711118202,0.0246466691820013,0.7349124778486591,4.32,0.06329370746,1.0006322356,0.3801855753999998,1.1664000000000008,0.1517443791,3.0090465545654297,0.2133783400058746,2.795668125152588,0.956598937511444,1.9975144194240653,2.922508,30.0,0.9983999390221712,low,True,https://di-india-collab.flow-analytics.io/tools/replay/2025-06-01T16:42:19Z,1,3.050047288239062,1.1151570948398053,2.1987617807576547
10863536_10863863,2025-06-01 16:43:58.445291996,6,4,1,0.0967943418868315,7.05431604385376,1.1011110544204712,0.3935112751702972,1.0753233432769775,6.406543731689453,18.8001766204834,-4.983736081138747,3.53271484375,1.022631531025104,0.027301214221425,1.0232479414598796,6.24,0.00154367736,1.2071049006,0.4097370665999999,1.156800000000001,0.1465277781,1.4576427936553955,0.0240439176559448,1.433598875999451,0.4800352454185486,1.586990095067118,2.986445,31.0,0.9967088345731592,low,True,https://di-india-collab.flow-analytics.io/tools/replay/2025-06-01T16:43:58Z,1,0.27165135425032794,-1.303235820720654,2.5765289343561726
10864271_10864327,2025-06-01 16:43:54.629784107,4,4,1,0.0380789816000139,6.966875553131104,0.6427115797996521,0.110856120224525,0.6832536458969116,10.839816093444824,2.461927890777588,-2.174429887487514,3.3017578125,1.813986096269496,0.0355397085411563,1.8140620693367275,10.08,0.00154367736,1.8033415019999997,0.3842984472,1.156800000000001,0.1257259316,1.674702525138855,1.5611122846603394,0.1135902404785156,0.0379854477941989,0.8077350066631434,2.990362,31.0,0.954553675943669,low,True,https://di-india-collab.flow-analytics.io/tools/replay/2025-06-01T16:43:54Z,1,0.2546621629265711,-1.3678174634834122,3.4237753881186292
10865046_10865253,2025-06-01 16:45:09.882217884,4,4,1,0.6192725793900907,4.951519966125488,1.772227764129639,0.0781541776574631,0.8578417301177979,2.793952465057373,178.2100067138672,12.653884763544395,3.17626953125,2.4743953557758127,0.1089982122314131,2.477832452696359,2.16,0.0012825872,1.8675154619999996,0.3158714214000001,1.1472000000000009,0.161902193,1.572492241859436,5.002408981323242,-3.429916858673096,-1.1471220254898071,0.0,2.990019,31.0,0.7520500930010633,none,True,https://di-india-collab.flow-analytics.io/tools/replay/2025-06-01T16:45:09Z,1,8.781501887778331e-14,-30.063543851064814,8.947011222432684
10865218_10865259,2025-06-01 16:44:51.882822990,4,4,1,0.2547409641121807,7.48672342300415,1.605272889137268,-0.1716052184333693,1.91178560256958,4.663832187652588,0.4476232528686523,-2.37864941705792,3.15283203125,0.6040751491330717,0.0194146855102243,0.615554501287397,4.56,0.09688094948,1.4355684691999997,0.4087138218,1.1664000000000008,0.1446475955,2.392280101776123,0.0638019815087318,2.3284780979156494,0.776613712310791,2.423230121659394,2.998245,31.0,0.9989956862516728,moderate,True,https://di-india-collab.flow-analytics.io/tools/replay/2025-06-01T16:44:51Z,1,0.0026622391990218128,-5.9285877061633805,3.9460537694011477
10867576_10867631,2025-06-01 16:47:57.664856911,4,4,1,0.1762874855230592,7.006484031677246,1.393609881401062,0.2695421594448505,1.1768195629119873,5.027579307556152,9.623899459838867,-32.11561184710962,3.080078125,1.4727562610607776,0.0455449681300022,1.4727766964172693,4.8,0.0015052288,1.7406244859999995,0.3384875538000001,1.1520000000000008,0.1464929848999999,1.5220952033996582,0.0574231930077075,1.464671969413757,0.5039657354354858,1.7244982081613935,2.906293,30.0,0.9858704559164858,low,True,https://di-india-collab.flow-analytics.io/tools/replay/2025-06-01T16:47:57Z,1,0.38380132316659454,-0.9576302478725456,3.4047521199178177
10867583_10867615,2025-06-01 16:47:57.664856911,4,4,1,0.3247018243313969,7.4671807289123535,1.911755084991455,-0.8594099086670279,2.920734405517578,3.905929565429688,1.5666813850402832,4.788530785820224,3.26953125,0.2211836855739965,0.0078458706909699,0.2514209617354922,3.84,0.15439988598,0.4029207196000001,0.4241597516,1.1376000000000008,0.1822799033999999,4.718410491943359,0.0801466405391693,4.638263702392578,1.5959380865097046,4.083668380527588,2.906293,30.0,0.9999954788400396,serious,True,https://di-india-collab.flow-analytics.io/tools/replay/2025-06-01T16:47:57Z,1,0.9589392443700144,-0.0419275592129802,2.637619003482066
10867615_10867794,2025-06-01 16:48:24.144123077,4,4,1,0.3599665785187926,6.7898850440979,1.7250813245773315,-0.032081673374416,1.6966097354888916,3.935979604721069,1.1190581321716309,-1.8120203208698609,3.124755859375,1.4768204371266571,0.0528450151024545,1.4854041169409082,3.84,0.00145561094,1.7406244859999995,0.3398615344000001,1.1520000000000008,0.1519130584,2.297357082366944,1.5443642139434814,0.7529928684234619,0.2590247988700866,1.2677461933173726,2.90703,30.0,0.9892790968682144,low,True,https://di-india-collab.flow-analytics.io/tools/replay/2025-06-01T16:48:24Z,1,0.19033355081152956,-1.658977215377396,3.455373333881836
10867636_10867665,2025-06-01 16:48:01.354554892,4,4,1,0.1770205096884549,7.497200012207031,1.326988697052002,0.4360181594975364,1.8493571281433103,5.649784564971924,5.147667407989502,-6.634600169190102,3.094482421875,1.398673096838409,0.0403336718700407,1.4015849226536925,5.52,0.00154367736,1.535456743999999,0.3492537332000001,1.1520000000000008,0.1491350320999999,2.499886512756348,0.0684718340635299,2.431414604187012,0.8332018256187439,1.8485014147450607,2.918158,30.0,0.9970514680095208,low,True,https://di-india-collab.flow-analytics.io/tools/replay/2025-06-01T16:48:01Z,1,1.9468836728949146,0.6662299777612426,2.8263392935095784
10867692_10867794,2025-06-01 16:48:27.735634089,4,4,1,0.0494312034171967,7.280730247497559,0.892581045627594,-0.7248506055013337,0.6206064224243164,8.156940460205078,5.035761833190918,-3.1693665226866488,3.0380859375,0.4068258202581304,0.0093442969886935,0.4076244178353709,8.16,0.1039524388399999,0.6515346049999999,0.3960866255999999,1.132800000000001,0.1239301586399999,2.885404348373413,5.1407084465026855,-2.2553040981292725,-0.7720014452934265,0.7689898221447862,2.921373,30.0,0.9684227822645444,low,True,https://di-india-collab.flow-analytics.io/tools/replay/2025-06-01T16:48:27Z,1,0.1605890110190354,-1.828906904349549,3.1286385160500703
10867877_10867907,2025-06-01 16:48:22.341799974,4,4,1,0.1535840644334078,7.447537899017334,1.4131882190704346,-0.4137522376766752,-0.126298189163208,5.270025253295898,7.497689247131348,5.905090237668655,3.142578125,1.2228175207071308,0.0367210717645789,1.2292923507485958,5.04,0.00154367736,1.5607465839999992,0.3483447366000001,1.1520000000000008,0.1522534199999999,0.3946995139122009,2.3768787384033203,-1.9821791648864744,-0.6611396074295044,0.8822038594668055,2.998125,31.0,0.997092795744972,low,True,https://di-india-collab.flow-analytics.io/tools/replay/2025-06-01T16:48:22Z,1,0.0035694257804747805,-5.635350541933047,4.224998425014873
10867877_10867907,2025-06-01 16:48:26.760168076,4,4,1,0.0294007942283182,7.078038692474365,0.5910452604293823,0.2929256761612605,0.7357385158538818,11.975460052490234,0.3357174396514892,-1.125450793971962,3.142578125,0.1287519817907172,0.0023334719032367,0.1298497667077708,12.0,0.10510214154,0.36981488332,0.4064371867999999,1.1376000000000008,0.11162308448,3.272150039672852,2.415980100631714,0.8561699390411377,0.2860155999660492,1.843250326072777,2.9934380000000003,31.0,0.9997672844134592,low,True,https://di-india-collab.flow-analytics.io/tools/replay/2025-06-01T16:48:26Z,1,0.007044126130818146,-4.955561182373035,3.9112188353754163
10868960_10869479,2025-06-01 16:50:01.653493881,4,4,1,0.0509502726481131,7.4592437744140625,0.949841856956482,-0.7560656229181051,1.383650779724121,7.853142738342285,3.1333627700805664,3.0380183554419293,3.216796875,2.115259645090587,0.0502733516565848,2.11536815893001,7.199999999999999,0.00145561094,1.8033415019999997,0.383610505,1.1520000000000008,0.1377504962999999,8.623995780944824,5.8267035484313965,2.797292232513428,0.9354131817817688,3.251198990761589,2.990435,31.0,0.9635806230953192,moderate,True,https://di-india-collab.flow-analytics.io/tools/replay/2025-06-01T16:50:01Z,1,0.008537915433064772,-4.76323839546647,4.643254483053961
10873171_10873219,2025-06-01 16:55:16.733566999,4,4,1,0.0862654550462713,7.44353723526001,1.1191431283950806,-0.5580894529213827,0.7611976265907288,6.651103973388672,1.45477557182312,-3.8409004750649527,3.25244140625,0.059716534587007,0.0015283581006209,0.0979059308165875,6.72,0.12437407928,0.4937091933400001,0.4368775843999998,1.132800000000001,0.14080574532,1.5648832321166992,0.2057136446237564,1.359169602394104,0.4551546573638916,1.3742523884732836,2.986171,31.0,0.999967373969342,low,True,https://di-india-collab.flow-analytics.io/tools/replay/2025-06-01T16:55:16Z,1,2.1270501564114266,0.7547361167635026,2.1924064703966777
10873199_10873225,2025-06-01 16:55:16.119100094,4,4,1,0.0937508710789995,6.562202453613281,1.0381237268447876,0.2717111640386533,0.9480937719345092,6.321214199066162,1.9023988246917725,-0.3484430266107138,3.22265625,0.186066080544128,0.004947893107176,0.2021684508510938,6.24,0.1064471724399999,0.5326801014600002,0.4452316633999998,1.1424000000000007,0.14043968822,1.3875242471694946,0.046809896826744,1.3407143354415894,0.4479829370975494,1.90590981893336,2.99278,31.0,0.9999686823832252,low,True,https://di-india-collab.flow-analytics.io/tools/replay/2025-06-01T16:55:16Z,1,3.0223932400209956,1.1060489811364143,1.5400582743581335
10873219_10873241,2025-06-01 16:55:20.828505039,4,4,1,0.0344879893696524,7.04334020614624,0.6822551488876343,-0.354676831518069,0.4253272116184234,10.323616027832031,0.2238116264343261,-1.111159245554351,3.155029296875,0.7458040364789122,0.0149496785705743,0.7497619144832421,10.32,0.05744225334,1.1276835667999994,0.3939954813999998,1.1616000000000009,0.1190632801799999,0.7584249377250671,0.0117925843223929,0.7466323375701904,0.2497425526380539,1.1720529930614514,2.989608,31.0,0.99896580451301,low,True,https://di-india-collab.flow-analytics.io/tools/replay/2025-06-01T16:55:20Z,1,1.0327258188391875,0.0322017326794767,3.032682062657242
10873251_10873272,2025-06-01 16:55:18.937202930,4,4,1,0.1422956226765666,6.442352771759033,1.233070969581604,0.2661780149284586,1.4297516345977783,5.224640846252441,0.6714348793029785,-0.4069739772580112,3.09716796875,0.5519746583478573,0.0165688919281069,0.5640281434308316,5.279999999999999,0.08694791598,0.8920205673999999,0.3697668623999998,1.1568000000000012,0.1433625031,1.7864048480987549,0.0525562167167663,1.7338485717773438,0.580730676651001,2.3426133470770805,2.985633,31.0,0.9986702882273738,moderate,True,https://di-india-collab.flow-analytics.io/tools/replay/2025-06-01T16:55:18Z,1,3.0603898798880533,1.1185423195762265,3.066502984940427
10873502_10873535,2025-06-01 16:55:49.251954079,4,4,1,0.2338926635013226,6.421894073486328,1.4649701118469238,0.3283866028910976,1.621196746826172,4.3836350440979,1.1190581321716309,3.488458898256976,3.166015625,0.3220663968764951,0.0106932634581596,0.3311822786022166,4.32,0.1171359472799999,0.3911237786,0.4056763929999999,1.1184000000000007,0.14394149722,1.9853795766830444,0.355843722820282,1.6295359134674072,0.5571907162666321,1.7168152138401993,2.924557,30.0,0.999659054266298,low,True,https://di-india-collab.flow-analytics.io/tools/replay/2025-06-01T16:55:49Z,1,0.6173905575276017,-0.4822534609610578,2.8733814494617373
10874287_10874887,2025-06-01 16:57:25.333525896,4,4,1,0.1891863611438572,7.1759419441223145,1.654060959815979,-1.4440902101101598,1.7924726009368896,4.338377952575684,0.2238116264343261,1.1272184497838893,3.179931640625,0.3606856155507274,0.0120593565082544,0.3608947485503907,4.32,0.1189815431599999,0.4321794841999999,0.3992555431999999,1.1136000000000008,0.15056985262,5.271081924438477,5.188183784484863,0.0828981399536132,0.0276774782687425,1.179620220178576,2.995148,31.0,0.9997832673621692,low,True,https://di-india-collab.flow-analytics.io/tools/replay/2025-06-01T16:57:25Z,1,0.009002849985700351,-4.710214086695904,4.597269980248447
10874657_10874732,2025-06-01 16:57:27.943722010,4,4,1,0.1344149636314728,6.557982921600342,1.1854687929153442,0.2337675495923251,1.3294475078582764,5.531974315643311,6.042913913726807,15.115789905820876,3.22705078125,1.1639602172921777,0.0339457698548158,1.1677180123836888,5.279999999999999,0.00154367736,1.33119187,0.3793707466,1.156800000000001,0.1470929091999999,3.518947124481201,2.343501329421997,1.175445795059204,0.3939168155193329,2.508880865472409,2.983995,31.0,0.999368338717008,moderate,True,https://di-india-collab.flow-analytics.io/tools/replay/2025-06-01T16:57:27Z,1,3.280115298684505,1.1878785738161928,2.2926189701085424
10876420_10876888,2025-06-01 17:00:07.412269115,4,4,1,0.124421814319932,6.592709541320801,1.2948368787765503,-1.3243751428800583,2.4046385288238525,5.091536521911621,6.574466705322266,-9.569260894876477,3.0224609375,1.3479143252751014,0.0413457175424241,1.3519284638208722,4.8,0.00154367736,1.5322221499999993,0.3471752886000001,1.1520000000000008,0.1474942607999999,4.545925140380859,1.6368176937103271,2.909107446670532,0.9753926396369934,8.760358073472894,2.982499,30.0,0.9975963113143076,critical,True,https://di-india-collab.flow-analytics.io/tools/replay/2025-06-01T17:00:07Z,1,0.008803417192863391,-4.732615315502814,4.159854608584759
10877313_10877343,2025-06-01 17:00:15.601566076,4,4,1,0.2794618121880369,7.380361080169678,1.8031243085861208,-0.9394534126461652,2.271454334259033,4.093096256256104,16.45015525817871,24.257747755430653,3.177978515625,2.7977331096537146,0.0982411619727498,2.8038611084500094,3.6,0.0014659861,1.8616149439999992,0.3355320134000001,1.1472000000000009,0.17295361,4.913136005401611,3.9534952640533447,0.9596407413482666,0.3224809467792511,2.6579296398885046,2.975806,31.0,0.982155289866905,moderate,True,https://di-india-collab.flow-analytics.io/tools/replay/2025-06-01T17:00:15Z,1,0.28498603936326916,-1.2553150846035592,3.094105350769267
10878194_10878209,2025-06-01 17:01:05.672693968,6,4,1,0.2692300168842802,5.287741184234619,1.3462789058685305,-2.43868355985295,-0.8104119300842285,3.927671432495117,1.7904930114746094,-7.374264172035815,3.447509765625,4.307465421325355,0.1554888795405636,4.316269955427371,1.44,0.00126068186,1.9703266799999992,0.3429191114,1.152000000000001,0.1469885115,7.042903900146484,5.99393892288208,1.0489649772644043,0.3512137830257416,8.130377895781953,2.986685,31.0,0.9984071665132556,critical,True,https://di-india-collab.flow-analytics.io/tools/replay/2025-06-01T17:01:05Z,1,2.1775358096792397e-09,-19.945071962019437,6.553923742282965
10878194_10878209,2025-06-01 17:01:52.128422022,6,4,1,0.0279151988952099,5.571025848388672,0.5299732685089111,1.5860883766554696,0.0016062259674072,10.511899948120115,0.2238116264343261,-0.051207303588341,3.447509765625,0.21681827751832,0.0042625460691383,0.2194609575242059,10.56,0.0936685729399999,0.5644577994400001,0.4554257227999999,1.1376000000000008,0.10316864334,2.876490831375122,5.784770488739014,-2.908279657363892,-0.99897038936615,0.2315020425124276,2.911277,23.0,0.9999283264841796,low,True,https://di-india-collab.flow-analytics.io/tools/replay/2025-06-01T17:01:52Z,1,1.360155872533709e-07,-15.810496345620692,6.7939896059561455
10878209_10878246,2025-06-01 17:01:13.361917973,4,4,1,0.2544167180270179,6.24360990524292,1.4982445240020752,0.3717056826598274,1.379887342453003,4.167283535003662,0.4476232528686523,2.129535278624036,3.085693359375,0.1804845803425772,0.0061509939212745,0.2198909315764313,4.08,0.1229683180999999,0.5528178736000001,0.3976821278,1.1424000000000007,0.14006253122,1.6845238208770752,0.0513184741139411,1.6332052946090698,0.5451751947402954,2.5510092238195137,2.995744,31.0,0.9986269298426343,moderate,True,https://di-india-collab.flow-analytics.io/tools/replay/2025-06-01T17:01:13Z,1,1.7644096068711632,0.5678161340712555,2.462070680448179
10878269_10878339,2025-06-01 17:01:44.939899921,4,4,1,1.1385558774811912,3.778569459915161,1.842286705970764,0.0349063231538076,0.4466472864151001,2.0510213375091557,135.85365295410156,-40.19490549316354,3.30908203125,1.0800748767945323,0.0568717177555475,1.082359292133655,1.92,0.00129783558,1.2042995507999998,0.4127199088,1.1616000000000009,0.1736763129999999,,,,,,,,,none,False,https://di-india-collab.flow-analytics.io/tools/replay/2025-06-01T17:01:44Z,-1,1.158070366148289e-299,-688.2433637135707,37.10005821668988
10881700_10881741,2025-06-01 17:04:33.311523914,6,4,1,0.0278261269009168,6.078426361083984,0.5258315205574036,-0.1325651281086535,0.6750180125236511,11.559646606445312,1.7904930114746094,0.7746992683327516,3.340087890625,0.5680054238299905,0.0106233263918562,0.5689271702072246,11.52,0.07932180818,0.943349182,0.4426320851999998,1.1520000000000008,0.1086987093399999,1.318408727645874,0.192527562379837,1.1258811950683594,0.3837998807430267,1.8215533579593088,2.933511,30.0,0.997856004893817,low,True,https://di-india-collab.flow-analytics.io/tools/replay/2025-06-01T17:04:33Z,1,0.011386688563319477,-4.475310275723576,3.9091925244059156
10882601_10882894,2025-06-01 17:06:29.928920984,6,4,1,0.1917427636173069,6.986930847167969,1.3788615465164185,-0.3761985281433493,1.5476105213165283,5.067173480987549,6.490537166595459,-11.970838988052895,3.27783203125,0.7723049683672649,0.023664943980121,0.7738072161249534,5.04,0.0557580859,1.0402467856,0.4217191065999998,1.166400000000001,0.147637742,1.8848347663879397,0.2316032499074936,1.653231501579285,0.5686014294624329,4.310726605465282,2.90754,30.0,0.9996415465952754,serious,True,https://di-india-collab.flow-analytics.io/tools/replay/2025-06-01T17:06:29Z,1,1.866678339401439,0.6241605623042132,1.7470025906683573
10883224_10883241,2025-06-01 17:06:31.737652063,6,7,1,2.5767841987512043,7.328688144683838,3.0058188438415527,9.199100686446064,0.1214938163757324,2.438166856765747,6.714348793029785,1.8927917915988537,4.60986328125,2.5232628937416792,0.1205671428559753,2.523502359847569,2.16,0.00148742234,1.8530794119999996,0.3142528432,1.142400000000001,0.3107792812,6.131157398223877,5.949732303619385,0.1814250946044922,0.0625142008066177,2.881189431689141,2.902142,30.0,0.9968935640813704,moderate,True,https://di-india-collab.flow-analytics.io/tools/replay/2025-06-01T17:06:31Z,1,1.221782633526162e-38,-87.2979225664846,12.012601231363156
10883285_10883381,2025-06-01 17:06:35.538326025,4,4,1,0.041211134342611,4.788622856140137,0.4557603895664215,0.0265123723406644,0.5767369270324707,10.50688648223877,6.266725540161133,-0.3649461386183059,3.0986328125,3.9691826072602656,0.0796592091194433,3.969612959821304,3.36,0.00129985486,1.7936489439999994,0.3542485428000001,1.1472000000000009,0.1205085303999999,6.980827808380127,5.9244818687438965,1.0563459396362305,0.3522928655147552,1.725930735327542,2.998488,31.0,0.9951091526964336,low,True,https://di-india-collab.flow-analytics.io/tools/replay/2025-06-01T17:06:35Z,1,1.1176309583853555e-11,-25.21722479358325,7.2876625241057935
10883680_10883696,2025-06-01 17:06:49.536833048,4,4,1,0.156966950216491,5.674971103668213,1.2301429510116575,-0.540334207314327,0.2599587440490722,4.613261699676514,4.923855781555176,-13.293776677846806,3.21826171875,3.4679804934816176,0.1135666697942723,3.468018624507608,2.88,0.00127077826,1.8534061759999996,0.3412590894000001,1.1472000000000009,0.1462054266,7.158844470977783,5.520044326782227,1.6388001441955566,0.5491700172424316,2.187375376336782,2.98414,22.0,0.9244016578565236,moderate,True,https://di-india-collab.flow-analytics.io/tools/replay/2025-06-01T17:06:49Z,1,4.5886642300163135e-10,-21.50226196564743,6.875466896056698
10884718_10885148,2025-06-01 17:08:25.549988031,4,4,1,1.7290513976830126,6.697846412658691,3.1813039779663086,-1.479011871751517,3.2401297092437744,2.105377674102783,4.028609275817871,3.987909678579438,2.996826171875,0.3145242344809985,0.0161649935586092,0.3668126641105928,2.16,0.2037742547999999,0.4483667294,0.3934143854,1.108800000000001,0.3053993148,3.5695927143096924,2.893934726715088,0.6756579875946045,0.2323968261480331,2.7861339414774537,2.907346,30.0,0.9976911731822214,moderate,True,https://di-india-collab.flow-analytics.io/tools/replay/2025-06-01T17:08:25Z,1,0.0003207443553996077,-8.044866152753984,5.06216629032171
10885671_10885688,2025-06-01 17:09:35.994035006,4,4,1,0.0849347708985249,6.276539325714111,0.9752655029296876,-0.5802525855838593,1.3057043552398682,6.435723781585693,2.350022077560425,-3.947421925630758,3.150146484375,0.6189654881635976,0.0164220202220185,0.6277634542598444,6.48,0.0829014751999999,1.2042979500000002,0.4221628835999998,1.1664000000000008,0.13686553826,4.47915506362915,1.863717794418335,2.6154372692108154,0.897216796875,2.43504666086493,2.915056,30.0,0.9786409160508408,moderate,True,https://di-india-collab.flow-analytics.io/tools/replay/2025-06-01T17:09:35Z,1,0.17465329359715565,-1.7449524496353925,3.250392324905337
10885846_10885898,2025-06-01 17:09:40.187794924,4,6,1,0.0641465403125333,7.484151840209961,0.920948326587677,-0.2364653678905362,0.8932534456253052,8.126570701599121,0.2238116264343261,-1.865220955233257,3.274658203125,0.1389448580711635,0.0031745351946147,0.1428963272850727,8.16,0.1166410140399999,0.4316232922600001,0.4435795967999998,1.1424000000000007,0.1268411388,2.629685163497925,1.5739895105361938,1.055695652961731,0.3601981103420257,2.0820926039942727,2.930875,30.0,0.9998209728241084,moderate,True,https://di-india-collab.flow-analytics.io/tools/replay/2025-06-01T17:09:40Z,1,2.186476250310812,0.7822912298456047,2.2722174356747193
10885963_10886105,2025-06-01 17:09:45.215893030,4,4,1,1.0213804294680748,7.496633052825928,2.862466335296631,-1.8125248045401128,3.0325193405151367,2.6189420223236084,3.692891836166382,-1.0588117138871032,3.084716796875,1.0252641635272817,0.0466499445683027,1.0450510295473183,2.64,0.00157590646,1.2069440796,0.3828456067999999,1.1424000000000007,0.2682807604,4.819285869598389,2.770230770111084,2.0490550994873047,0.6886596083641052,2.93050067344591,2.975425,31.0,0.9967176357780124,moderate,True,https://di-india-collab.flow-analytics.io/tools/replay/2025-06-01T17:09:45Z,1,0.00023041669673010414,-8.375621163321616,5.750199273871658
10886992_10888681,2025-06-01 17:12:26.886195898,4,4,1,0.0552195267213649,6.836200714111328,0.8121953010559082,0.1183861600662639,0.2044456005096435,8.41694164276123,17.68111801147461,2.1759919791661724,3.19970703125,3.519239037695066,0.0805423814348248,3.5196061911069703,6.24,0.00144582128,1.8065270399999995,0.3832979482,1.1424000000000007,0.13253217932,2.273263454437256,3.43164587020874,-1.1583824157714844,-0.3862070143222809,0.671651520421078,2.999382,31.0,0.9387778181875442,low,True,https://di-india-collab.flow-analytics.io/tools/replay/2025-06-01T17:12:26Z,1,0.13274361485229225,-2.019335719057998,4.169826719101459
10888150_10888190,2025-06-01 17:11:45.519973040,4,4,1,0.2172860793667971,6.539860725402832,1.5002999305725098,0.3861375800718206,1.7860913276672363,4.359035491943359,0.4476232528686523,1.1913472739042867,3.072509765625,0.1194477598377195,0.0039517012548558,0.1320904314478458,4.32,0.1289621714199999,0.3927516586600001,0.397076866,1.1472000000000009,0.13954845522,2.1185672283172607,0.0404997244477272,2.0780675411224365,0.7001447677612305,1.837236337520692,2.968054,30.0,0.999492757647095,low,True,https://di-india-collab.flow-analytics.io/tools/replay/2025-06-01T17:11:45Z,1,1.04633225324672,0.045290956932543966,2.6784288860073016
10888162_10888184,2025-06-01 17:12:38.672774076,4,4,1,0.0647671697650592,7.490880012512207,0.9651710391044616,-0.1861126117325132,0.9628734588623048,7.761194229125977,2.2381162643432617,0.7513243240498747,3.21044921875,2.240416010669016,0.0536446087585151,2.2430254749445,6.96,0.00145561094,1.8033415019999997,0.383610505,1.1520000000000008,0.1377504962999999,10.294537544250488,9.396869659423828,0.8976678848266602,0.7467783093452454,1.5959991551462356,1.202054,13.0,0.9999999732789672,low,True,https://di-india-collab.flow-analytics.io/tools/replay/2025-06-01T17:12:38Z,1,1.8221905556245453e-16,-36.24132210857272,9.4881236658046
10890877_10890984,2025-06-01 17:15:43.841348886,4,4,1,0.0337182810843085,7.12616491317749,0.6251697540283203,0.5684428666166722,0.5092521905899048,11.398767471313477,2.461927890777588,2.2251859592269536,3.159912109375,0.9215816464839298,0.0174397710726342,0.9226949586040344,11.28,0.02141135952,1.1294383541999995,0.3961528337999999,1.1616000000000009,0.12225928216,1.2254630327224731,0.8746967911720276,0.3507662415504455,0.1172267124056816,1.364665110389329,2.992204,31.0,0.9999929630179528,low,True,https://di-india-collab.flow-analytics.io/tools/replay/2025-06-01T17:15:43Z,1,0.25471368632021635,-1.367615163378697,2.7413844282573163
10890902_10890929,2025-06-01 17:14:55.580343962,4,4,1,0.0930640984879482,6.1661763191223145,0.9684315323829652,-0.1167648099586909,0.7762598991394043,6.367178440093994,1.5666813850402832,-1.0626928704425709,3.32763671875,0.1627283566005601,0.0043046077929322,0.1984544545537502,6.48,0.10297360152,0.5310412737600002,0.4527858305999998,1.1376000000000008,0.13444078108,1.1787034273147583,0.0336623862385749,1.1450409889221191,0.3839896619319916,1.969419614930914,2.981958,31.0,0.9991377505839248,low,True,https://di-india-collab.flow-analytics.io/tools/replay/2025-06-01T17:14:55Z,1,0.9395058666412894,-0.06240121571885377,1.8404706501752985
10890984_10891014,2025-06-01 17:15:30.258524894,4,4,1,0.204746836227958,7.465578556060791,1.846904158592224,-0.9401444509904432,2.11649751663208,4.042212009429932,0.4476232528686523,-3.472351389286153,3.094970703125,0.1510942516680151,0.0052372129392679,0.1677454183893703,4.08,0.15939276748,0.5035309547600002,0.3912779918,1.1472000000000009,0.1775137689999999,6.466423034667969,4.429582595825195,2.036840438842773,0.6818950772285461,2.3151057942029447,2.987029,31.0,0.9996277773169348,moderate,True,https://di-india-collab.flow-analytics.io/tools/replay/2025-06-01T17:15:30Z,1,0.15374308894581462,-1.87247232325171,1.90698642506617
10890984_10891014,2025-06-01 17:15:44.226227045,4,4,1,0.393211577829242,7.448820114135742,1.8789719343185425,-0.2111281065105314,2.5438151359558105,3.964306116104126,2.573833703994751,-1.2449638538777634,3.094970703125,0.1969624545615688,0.0069195686471869,0.2972820503017983,4.08,0.1530728825599999,0.4050709636,0.3937912856,1.1376000000000008,0.1798169971999999,3.536808729171753,0.1649525612592697,3.371856212615967,1.157889485359192,3.001066889495227,2.912071,30.0,0.9999358901910728,moderate,True,https://di-india-collab.flow-analytics.io/tools/replay/2025-06-01T17:15:44Z,1,0.3161273606280769,-1.151610106631745,3.4702351713095037
10891014_10891358,2025-06-01 17:15:46.833553076,4,4,1,0.1139712592736485,6.292453289031982,1.0016751289367676,-0.3766937991871693,0.8774497509002686,6.281930446624756,0.2238116264343261,-1.9647944483717596,3.18994140625,1.120387078771647,0.0302825677497677,1.1235511775327176,6.0,0.0014075006,1.2041838846,0.4044850097999999,1.1520000000000008,0.1467284539,1.1940234899520874,0.0759482011198997,1.118075251579285,0.3740082681179046,1.7886666497608796,2.98944,31.0,0.9923848797796136,low,True,https://di-india-collab.flow-analytics.io/tools/replay/2025-06-01T17:15:46Z,1,0.5600111466107248,-0.5797985907890287,1.8895668509732146
10891051_10891271,2025-06-01 17:15:37.052030087,4,4,1,0.1244156897094721,7.411903381347656,1.3462258577346802,-0.8248817678371749,1.6912102699279783,5.505691051483154,14.10013198852539,0.0,3.2451171875,4.233587838467456,0.1249436562902903,4.237390423373524,3.6,0.00140866756,1.8829410919999992,0.3455870796,1.1472000000000009,0.1469885115,5.10224199295044,0.8227701187133789,4.2794718742370605,1.43452787399292,3.891600873687662,2.983192,31.0,0.997031949853149,moderate,True,https://di-india-collab.flow-analytics.io/tools/replay/2025-06-01T17:15:37Z,1,0.04111915182966981,-3.1912812847583254,3.6980557038566544
10891051_10891271,2025-06-01 17:15:39.235002995,4,4,1,0.0277955502224964,6.229522228240967,0.5626485347747803,0.2794216115647448,0.5718415975570679,11.071782112121582,16.114437103271484,1.257442201456604,3.2451171875,2.9095263652197443,0.0564752205870918,2.909545503235925,8.64,0.00130964452,1.8033415019999997,0.3842984472,1.1472000000000009,0.11068504886,1.518904209136963,0.637864351272583,0.8810398578643799,0.3033726215362549,1.291638664726114,2.904151,30.0,0.9906769185903388,low,True,https://di-india-collab.flow-analytics.io/tools/replay/2025-06-01T17:15:39Z,1,0.12289404096711098,-2.0964327504277316,3.366972698757389
10891116_10891162,2025-06-01 17:15:14.845503092,6,4,1,0.1586999953971135,7.489869594573975,1.2748827934265137,-0.090142921742612,1.5718305110931396,5.874947547912598,0.6714348793029785,0.0,3.455322265625,0.7450882770637661,0.0208991842791155,0.7486348252402502,5.76,0.05784415084,1.1136691129999994,0.4211605129999997,1.166400000000001,0.1459404691,2.1321117877960205,0.0226287897676229,2.109483003616333,0.7278960943222046,2.188322902904504,2.8980550000000003,30.0,0.9963261988315733,moderate,True,https://di-india-collab.flow-analytics.io/tools/replay/2025-06-01T17:15:14Z,1,1.4751115645472257,0.3887336239126209,2.4609787460144408
10891271_10891470,2025-06-01 17:15:40.947218895,4,4,1,0.2965236327204274,7.447613716125488,1.7596603631973269,-0.4517509351585846,1.6403967142105105,4.232415676116943,1.6226342916488647,3.691965823627584,3.29833984375,1.471184965080516,0.0504123386000785,1.4713626389989296,4.08,0.00145561094,1.7406244859999995,0.3618837232,1.1520000000000008,0.1636395283999999,2.068876981735229,0.882968544960022,1.1859084367752075,0.3970477283000946,1.53464681887635,2.986816,31.0,0.992649584368614,low,True,https://di-india-collab.flow-analytics.io/tools/replay/2025-06-01T17:15:40Z,1,0.4429153367696161,-0.814376640588363,2.954907349520898
10891358_10891398,2025-06-01 17:15:45.342142105,4,4,1,0.3017888424017935,7.479272365570068,2.1856751441955566,-4.053566544115927,3.0816779136657715,3.421950578689575,0.6714348793029785,1.4140413917463126,3.173095703125,0.0067648482132277,0.0002533875364185,0.1355666637212116,3.36,0.20190637994,0.4991376891,0.3951543658,1.1376000000000008,0.2451324628,6.51377534866333,0.5683874487876892,5.945387840270996,1.9862829446792605,6.376196238801973,2.993223,31.0,0.9999490047450602,serious,True,https://di-india-collab.flow-analytics.io/tools/replay/2025-06-01T17:15:45Z,1,3.813153947511144e-06,-12.477053903523817,6.480572653737751
10891398_10891527,2025-06-01 17:15:47.732084990,4,6,1,0.5530011936327004,7.430163860321045,2.19930100440979,-0.3763260366538293,2.4385993480682373,3.37842059135437,0.6714348793029785,-1.1974931042283457,3.398193359375,0.4387460761033783,0.017050530453356,0.4389899364525805,3.36,0.14356663324,0.8479979080000003,0.4318909821999999,1.132800000000001,0.2466134326,3.2898213863372803,0.0289965439587831,3.260824918746948,1.1231625080108645,2.621221016805232,2.903253,30.0,0.9981403787185272,moderate,True,https://di-india-collab.flow-analytics.io/tools/replay/2025-06-01T17:15:47Z,1,0.031478808815451675,-3.4584406955563702,3.6298778227527193
10891470_10891472,2025-06-01 17:15:38.642452002,4,4,1,0.052947907973108,7.445580005645752,0.8518167734146118,-0.1560879486788971,0.8058595657348633,8.740823745727539,3.0214569568634038,7.9340212905618595,3.2880859375,4.589402628176624,0.1028882488879313,4.5906815990597,5.52,0.0014659861,1.8616149439999992,0.3821132454000001,1.1424000000000007,0.13063366352,6.201890468597412,2.590942621231079,3.610947847366333,1.2417047023773191,3.0099261837564666,2.908057,30.0,0.9924677845604362,moderate,True,https://di-india-collab.flow-analytics.io/tools/replay/2025-06-01T17:15:38Z,1,0.0016335161786885757,-6.417020422663304,4.628935315148448
10891527_10891547,2025-06-01 17:15:46.433173895,6,4,1,0.1731273713299243,7.339414596557617,1.472773551940918,-0.0470329297453196,1.3714756965637207,4.983396530151367,1.1190581321716309,0.0,3.4375,1.5763269024776148,0.0490283386318713,1.5778844185431484,4.8,0.0015052288,1.7629232899999994,0.3617170068000001,1.1520000000000008,0.1449869333999999,8.807195663452148,0.7496265769004822,8.05756950378418,2.784794807434082,6.654869773500692,2.893416,30.0,0.9957419158100644,critical,True,https://di-india-collab.flow-analytics.io/tools/replay/2025-06-01T17:15:46Z,1,1.768079499542659e-05,-10.943031535961037,6.803792712498254
10891547_10891569,2025-06-01 17:15:47.433610916,4,4,1,0.232472508187739,7.476729869842529,1.7623703479766846,-1.0405369824151474,2.130068302154541,4.242428302764893,1.45477557182312,-8.824242982832128,3.2294921875,1.1298323105058024,0.0385895194567633,1.1358605949573195,4.08,0.00154367736,1.2041838846,0.3971622215999999,1.1520000000000008,0.1664822513999999,7.547528266906738,0.0233365967869758,7.524191856384277,2.594128370285034,6.521029388248909,2.90047,30.0,0.9988631259446384,critical,True,https://di-india-collab.flow-analytics.io/tools/replay/2025-06-01T17:15:47Z,1,0.00017716419800152723,-8.638433583087478,6.56766387157495
10892390_10892432,2025-06-01 17:16:37.697416067,4,4,1,0.367288439962485,7.454680919647217,1.8478989601135252,-0.7301064692713201,2.1833415031433105,4.0341386795043945,4.028609275817871,2.61706677431466,2.992919921875,0.8191690056349081,0.0287661782021814,0.8378264990394347,4.08,0.0471414486599999,1.0133564335999996,0.3718783641999998,1.1616000000000009,0.1761741799999999,2.588581323623657,0.0376633778214454,2.550917863845825,0.8820418119430542,2.47765711224136,2.89206,30.0,0.9997610155987644,moderate,True,https://di-india-collab.flow-analytics.io/tools/replay/2025-06-01T17:16:37Z,1,1.7717941285247423,0.5719926651426589,2.6530704338676876
10892432_10892454,2025-06-01 17:16:39.695926905,4,4,1,0.0640620645091576,7.3335700035095215,0.8544673919677734,0.3467679680381795,0.8246178030967712,8.582621574401855,2.461927890777588,0.0,3.052734375,0.1253424709727143,0.0027700650783361,0.1353879877484062,8.64,0.1159329947799999,0.3602139822600001,0.4000727661999999,1.1424000000000007,0.1150913493999999,1.4875736236572266,0.0211438946425914,1.4664297103881836,0.4909391105175018,2.2001852515409976,2.986989,31.0,0.9977988782002646,moderate,True,https://di-india-collab.flow-analytics.io/tools/replay/2025-06-01T17:16:39Z,1,0.9231383175381312,-0.07997619921896387,3.2003583140935707
10893153_10893474,2025-06-01 17:17:56.221487999,4,4,1,0.0598372030054812,7.4496026039123535,0.7842503786087036,0.2797572033553772,0.9784225821495056,9.49901008605957,1.7904930114746094,0.0,3.037109375,1.01202703606139,0.0213636126304434,1.012434776936899,9.36,0.00154367736,1.2065601306,0.4032847863999999,1.156800000000001,0.12614498838,1.6915010213851929,0.03366594389081,1.6578351259231567,0.5531565546989441,2.0717475209048573,2.997045,31.0,0.9941115389649215,moderate,True,https://di-india-collab.flow-analytics.io/tools/replay/2025-06-01T17:17:56Z,1,0.558608165804806,-0.5823070072377607,2.316239582683452
10893257_10893281,2025-06-01 17:17:39.740678072,4,4,1,0.3968261737668708,7.424871921539307,1.870789051055908,-0.0099684904506506,2.168668508529663,3.9688451290130615,0.0,0.0,3.275390625,0.2143061503495017,0.0075281900374396,0.3030154491552502,4.08,0.1521089725599999,0.4066716666000001,0.4288367492,1.1376000000000008,0.1822799033999999,2.71890926361084,0.0443527363240718,2.6745564937591557,0.9221540093421936,2.169043496668817,2.900336,30.0,0.9988392091218152,moderate,True,https://di-india-collab.flow-analytics.io/tools/replay/2025-06-01T17:17:39Z,1,0.9411899065606509,-0.06061034619764036,2.6282780843290334
10893281_10893334,2025-06-01 17:17:41.338506937,4,4,1,0.1827608818427729,7.353334903717041,1.349793553352356,0.0681845668705437,1.8855417966842647,5.447747707366943,1.7904930114746094,3.9833323187337553,3.12744140625,0.7015885531196013,0.0205760629096468,0.7196498485659647,5.279999999999999,0.06138024692,0.9470354372,0.3911053783999999,1.1712000000000011,0.1420199364,2.7081456184387207,0.0711519047617912,2.636993646621704,0.8809297680854797,2.665587562498451,2.993421,31.0,0.9975166571265716,moderate,True,https://di-india-collab.flow-analytics.io/tools/replay/2025-06-01T17:17:41Z,1,6.869622827722325,1.9271092033766615,2.369581640654098
10893474_10893499,2025-06-01 17:17:57.624982119,4,4,1,0.1895540932404253,6.561997890472412,1.2996338605880735,-0.0281566142845916,1.1603643894195557,5.049112796783447,0.6714348793029785,2.3257385890458235,3.134765625,0.8011556610631599,0.0246076007390169,0.8058244804782321,5.04,0.05155728866,1.0251969499999998,0.3658762341999999,1.1616000000000009,0.1462332521,1.5326764583587646,0.0616115443408489,1.4710649251937866,0.5070013403892517,2.270844748872129,2.901501,30.0,0.9989108293532218,moderate,True,https://di-india-collab.flow-analytics.io/tools/replay/2025-06-01T17:17:57Z,1,2.807206050297362,1.032189700562888,2.7116816971209676
10893999_10894723,2025-06-01 17:19:38.143578053,4,6,1,0.510050629306325,7.4264750480651855,2.1668663024902344,-0.7661394572123753,1.6835882663726809,3.427288055419922,16.590036392211914,-8.058849907825179,3.48046875,0.2743726439571698,0.0105371014878491,0.3061232722690436,3.36,0.1672254184799999,0.3816120622,0.4317995759999999,1.1328000000000007,0.2430441154,2.4403393268585205,0.3365451693534851,2.10379409790039,0.7019643187522888,1.5397726811043957,2.99701,31.0,0.9994324827487124,low,True,https://di-india-collab.flow-analytics.io/tools/replay/2025-06-01T17:19:38Z,1,0.06398690132728442,-2.749076883330746,3.8130530582301048
10894610_10894633,2025-06-01 17:19:17.865345955,4,4,1,0.2937467049904827,6.079952239990234,1.5838747024536133,0.1983488051044861,2.029365539550781,3.838657379150391,0.4476232528686523,-3.426836183314986,3.075439453125,0.6421158310157414,0.0231866661511118,0.6459564734755743,3.84,0.08669952878,0.9764638632,0.3845926153999998,1.171200000000001,0.1414256285,2.431497573852539,0.0643100515007972,2.3671875,0.8162217140197754,2.2440711637478787,2.900177,30.0,0.9999163971001586,moderate,True,https://di-india-collab.flow-analytics.io/tools/replay/2025-06-01T17:19:17Z,1,0.7616926110606618,-0.2722122022403606,2.451992464193621
10894912_10894946,2025-06-01 17:19:56.227852106,4,4,1,0.0582149504170518,6.300673484802246,0.6699627041816711,1.4655802445439947,1.1534336805343628,9.404513359069824,2.2381162643432617,4.13944944676212,3.152099609375,0.4756420833567592,0.0100474375220052,0.4756812141874244,9.36,0.0844896082399999,0.9315963318,0.4141679393999999,1.1472000000000009,0.11730839618,1.4742462635040283,3.652284622192383,-2.1780383586883545,-0.7496417760848999,6.901010328862975,2.905439,24.0,0.9982833251057202,critical,True,https://di-india-collab.flow-analytics.io/tools/replay/2025-06-01T17:19:56Z,1,7.045088079239611e-06,-11.863179910315687,5.760054099143863
10895237_10895308,2025-06-01 17:20:38.380271912,4,4,1,0.0375841594006772,7.464188575744629,0.6999138593673706,0.2143487135864966,0.8381648063659668,10.66443920135498,1.6785871982574463,-2.4244038170387974,3.059814453125,0.2771604574405287,0.0054115522725193,0.2841972315246056,10.56,0.1074637187999999,0.5270538411799999,0.4063194293999999,1.1376000000000008,0.1141910605599999,2.899378538131714,2.2636032104492188,0.6357753276824951,0.219545230269432,1.2623773290212077,2.895874,30.0,0.99983148980511,low,True,https://di-india-collab.flow-analytics.io/tools/replay/2025-06-01T17:20:38Z,1,0.4295985268795124,-0.8449041648447757,2.8023419388518427
10895651_10895676,2025-06-01 17:20:59.185168982,4,4,1,0.4115427103094117,7.481748580932617,2.0361480712890625,-0.4858294693272492,2.7109720706939697,3.674461841583252,7.1619720458984375,-4.938690848305094,3.159912109375,2.578145940804988,0.0964880903693062,2.5908498670218747,3.12,0.00144582128,1.8616149439999992,0.3355320134000001,1.1472000000000009,0.1742742216,3.749311208724976,0.1149205416440963,3.634390592575073,1.2144956588745115,5.299520550435773,2.99251,31.0,0.98735884801722,serious,True,https://di-india-collab.flow-analytics.io/tools/replay/2025-06-01T17:20:59Z,1,0.049935012120077504,-2.9970328765699863,3.6004818689421243
10895748_10895767,2025-06-01 17:21:12.249847889,4,4,1,0.1304879441329186,6.464993476867676,1.224625825881958,0.3995257365474278,1.5231635570526123,5.279158115386963,1.5666813850402832,2.2875344411211502,2.869873046875,0.6794273966694123,0.0202984111150788,0.6833204721620606,5.279999999999999,0.07936177386,0.9292712121999998,0.3689441549999999,1.1664000000000008,0.1433625031,1.8410791158676147,0.0327857844531536,1.808293342590332,0.6218327283859253,2.274474143379573,2.908006,30.0,0.99641346174689,moderate,True,https://di-india-collab.flow-analytics.io/tools/replay/2025-06-01T17:21:12Z,1,1.9291033821455346,0.6570553261347483,2.89989813526622
10896210_10896389,2025-06-01 17:22:05.726285934,4,4,1,0.2086762978833445,5.659124851226807,1.3657824993133545,0.4885041737643061,1.927682638168335,4.143503665924072,7.833406925201416,-1.511204225219238,3.097412109375,1.3438813469201627,0.0466069644519451,1.347464089560924,3.84,0.00136905204,1.5348422659999992,0.3604544090000001,1.1520000000000008,0.1464929848999999,2.310667037963867,0.0336596183478832,2.277007341384888,0.7627613544464111,2.6008932356757923,2.985216,31.0,0.9997589372597604,moderate,True,https://di-india-collab.flow-analytics.io/tools/replay/2025-06-01T17:22:05Z,1,0.8865263909012763,-0.12044438414079209,2.82639909718931
10896389_10896419,2025-06-01 17:22:06.617578030,4,4,1,0.42139988115178,7.441995620727539,1.8898314237594604,0.1505133461041639,2.792478561401367,3.937915086746216,2.685739517211914,0.0,3.135498046875,0.1441611780446433,0.0050736914064778,0.2324008525156485,3.84,0.15984402918,0.6344748189600001,0.3922480638,1.1376000000000008,0.1798169971999999,3.5274014472961426,0.5543134808540344,2.973088026046753,0.9919005632400512,2.553275701278159,2.997365,31.0,0.9999933194486004,moderate,True,https://di-india-collab.flow-analytics.io/tools/replay/2025-06-01T17:22:06Z,1,0.4516674006711946,-0.79480920923549,3.044010810465678
10896419_10896469,2025-06-01 17:22:09.614943981,4,4,1,0.2027899828696104,7.397166728973389,1.4576164484024048,-0.0007394258731676,1.0460481643676758,5.074837684631348,0.2238116264343261,4.245407997688975,3.19775390625,0.8066539082241393,0.0247027315547826,0.8075208246716875,5.04,0.05339626452,1.0441962954,0.4111057221999997,1.1616000000000009,0.1468189936999999,1.600361704826355,0.0037292132619768,1.596632480621338,0.5517356395721436,1.1511817968068432,2.893836,30.0,0.9985657222910164,low,True,https://di-india-collab.flow-analytics.io/tools/replay/2025-06-01T17:22:09Z,1,1.6974780144278234,0.5291436286306532,1.4932691415584078
10896643_10896664,2025-06-01 17:22:26.272555113,4,4,1,0.1431779536448238,6.053250789642334,1.1732081174850464,0.1746260754573562,1.197383999824524,5.159571170806885,1.1190581321716309,-2.9273250030309077,3.09521484375,0.4249229378988735,0.0128272384390351,0.4391126615168306,5.04,0.0943049485199999,0.8865530758000003,0.3855499333999998,1.1376000000000008,0.15103976376,1.566482424736023,0.0362274087965488,1.5302549600601196,0.5277999043464661,2.13259097453948,2.899309,30.0,0.999813769853455,moderate,True,https://di-india-collab.flow-analytics.io/tools/replay/2025-06-01T17:22:26Z,1,3.374486229894991,1.216243084557346,2.954343819438564
10896643_10896816,2025-06-01 17:22:45.756272078,4,4,1,1.971109217549379,6.238113880157471,2.7783477306365967,-0.0395955928810393,3.0267224311828613,2.245260238647461,4.028609275817871,-7.391567536972607,3.165771484375,1.7018643999672411,0.0851783091596922,1.7182022810034432,2.16,0.00137053252,1.8065270399999995,0.3294215292000001,1.1376000000000008,0.2673762654,3.4968161582946777,0.5116763710975647,2.985139846801758,0.9962979555130004,2.9639250986475325,2.996232,31.0,0.9582205351510884,moderate,True,https://di-india-collab.flow-analytics.io/tools/replay/2025-06-01T17:22:45Z,1,0.017501532111029776,-4.045466852683175,4.315400442361534
10896664_10896816,2025-06-01 17:22:44.549139977,4,4,1,0.0517858191551471,4.360606670379639,0.378507912158966,0.948042624771345,1.3179419040679932,11.520516395568848,16.785871505737305,-14.201726191948095,3.040283203125,3.6683991493397454,0.0696519326071947,3.668402668564741,3.36,0.00129985486,1.7949644339999995,0.3568402200000001,1.1376000000000008,0.1171194963999999,2.161539077758789,0.96576988697052,1.195769190788269,0.412273496389389,2.9639250986475325,2.900427,30.0,0.7953403501887357,moderate,True,https://di-india-collab.flow-analytics.io/tools/replay/2025-06-01T17:22:44Z,1,5.786714801984525e-17,-37.38838184205398,9.10200027366262
10897411_10897972,2025-06-01 17:24:25.258888960,4,6,1,0.9827241010477468,7.4494428634643555,2.620570421218872,0.1185281492811564,2.792864799499512,2.842679977416992,0.6714348793029785,5.59836595524469,3.60498046875,0.2498394316424268,0.0107192714933798,0.2714891299044031,2.88,0.1803542089399999,0.3482979486,0.4315434688,1.1424000000000007,0.2831696011999999,8.474905014038086,7.583325386047363,0.8915796279907227,0.2976696789264679,3.448299901527107,2.995198,31.0,0.9999995271285752,moderate,True,https://di-india-collab.flow-analytics.io/tools/replay/2025-06-01T17:24:25Z,1,5.756588423466087e-07,-14.3677506393148,5.220725213883416
10897411_10897972,2025-06-01 17:24:30.760139942,4,6,1,0.0410316139684623,7.419877529144287,0.7859495878219604,-1.0128390145030746,0.7415752410888672,9.44065284729004,0.3357174396514892,0.6188522372445425,3.60498046875,0.3442162906532339,0.0072381997248643,0.347474320375352,9.36,0.1109886690799999,0.4106130011000001,0.4391103353999998,1.1184000000000007,0.1212911178999999,10.118356704711914,9.601161003112791,0.5171957015991211,0.1727800667285919,2.582869648716287,2.993376,31.0,0.9993437718529564,moderate,True,https://di-india-collab.flow-analytics.io/tools/replay/2025-06-01T17:24:30Z,1,2.4203397169839106e-07,-15.234187741722952,5.857296452031179
10897747_10898325,2025-06-01 17:25:00.214629889,4,4,1,0.7974522145567471,5.755218982696533,2.2744624614715576,-1.0209669954873346,1.6823314428329468,2.530364513397217,1.5666813850402832,-10.34066681852794,3.099365234375,0.8315003145378274,0.0385608736741402,0.8503906081781836,2.4,0.0452288850599999,0.9782124082,0.3767371243999999,1.156800000000001,0.2567298695999999,1.9823358058929443,2.0255959033966064,-0.0432600975036621,-0.0144474972039461,2.31862135404142,2.994297,31.0,0.9795419700576566,moderate,True,https://di-india-collab.flow-analytics.io/tools/replay/2025-06-01T17:25:00Z,1,0.0034045251067775137,-5.682649818482599,3.587461854233139
10898126_10898148,2025-06-01 17:24:40.835350037,4,4,1,0.103482341505673,7.47946834564209,1.225845217704773,-1.047835434737665,1.2361936569213867,6.101478576660156,1.9023988246917725,2.115404464826608,3.24658203125,2.4591619761515555,0.0680057856062806,2.46125071419492,5.52,0.00144582128,1.8078425299999996,0.3657041626000001,1.1376000000000008,0.14539571,6.36439323425293,1.3284403085708618,5.035953044891357,1.725708246231079,3.206738842560367,2.918195,30.0,0.9984718321656458,moderate,True,https://di-india-collab.flow-analytics.io/tools/replay/2025-06-01T17:24:40Z,1,0.13733359394889647,-1.9853423206163816,3.0730309309562958
10898413_10898590,2025-06-01 17:25:58.764684916,4,4,1,0.0653347563835058,7.441775321960449,0.886201024055481,0.0927146127191635,0.9891582131385804,8.39738941192627,19.023988723754883,0.0,3.35302734375,1.652394759621097,0.0376697846916386,1.6533983268704404,7.92,0.00154367736,1.8033415019999997,0.383610505,1.1520000000000008,0.1326779957,1.5159543752670288,0.0458381213247776,1.4701162576675415,0.5056314468383789,1.5877631276957789,2.907486,30.0,0.992384158840562,low,True,https://di-india-collab.flow-analytics.io/tools/replay/2025-06-01T17:25:58Z,1,0.6570741923073388,-0.4199583409868141,2.888453010141762
10898837_10898933,2025-06-01 17:27:10.603657007,4,4,1,0.1338981006910369,7.4232072830200195,1.4063037633895874,-0.4346661931900623,1.581390380859375,5.2785234451293945,13.76441478729248,-6.962709151760453,3.22509765625,1.130422881260613,0.0338952416210925,1.142433105290421,5.04,0.00154367736,1.2041838846,0.3982699227999999,1.156800000000001,0.1518520683999999,4.387333393096924,2.302772521972656,2.084560871124268,0.7168178558349609,3.7104220106447543,2.908076,29.0,0.9962752688028802,moderate,True,https://di-india-collab.flow-analytics.io/tools/replay/2025-06-01T17:27:10Z,1,0.18697861913008829,-1.6767610048671688,3.9993161037851026
10898839_10898876,2025-06-01 17:25:47.679558039,4,4,1,0.174597460770777,7.498909473419189,1.4840282201766968,-0.9333808215248284,0.6988257169723511,5.053077220916748,0.6714348793029785,-6.686139635600206,3.24658203125,0.1063463860782229,0.0032190890356848,0.1078424225346619,5.04,0.14172533834,0.39255187506,0.4237847794,1.142400000000001,0.13954845522,1.0905048847198486,0.0268415566533803,1.063663363456726,0.3555993437767029,1.2870060338068885,2.991185,31.0,0.9999972033798454,low,True,https://di-india-collab.flow-analytics.io/tools/replay/2025-06-01T17:25:47Z,1,0.8541655340813462,-0.1576302701580081,2.8321506563288743
10899784_10900380,2025-06-01 17:28:34.951103926,4,4,1,0.2115667129096817,6.590534687042236,1.5791021585464478,0.83419367419506,1.284438133239746,4.173596382141113,5.8191022872924805,20.81569456633813,3.0986328125,2.5848618089238986,0.0896690762305402,2.5875286082284923,3.6,0.00143603162,1.8101480739999996,0.3367167162000001,1.1472000000000009,0.1457793772,4.444629192352295,6.3855509757995605,-1.9409217834472656,-0.6519638299942017,0.2510729396203452,2.977039,31.0,0.8482516453950943,low,True,https://di-india-collab.flow-analytics.io/tools/replay/2025-06-01T17:28:34Z,1,0.0004317138611854391,-7.747747547543417,5.500751739090279
10899835_10899875,2025-06-01 17:27:20.404541969,4,4,1,0.3841453687651932,7.314185619354248,1.72545325756073,0.6787911668968414,2.496288776397705,4.238993644714356,3.5809860229492188,-6.906128955425203,3.269775390625,0.3415860236217304,0.0115752003341804,0.3754785439447784,4.32,0.1369101659399999,0.5984039788,0.4263898074,1.1136000000000008,0.15813137702,3.236658811569214,0.0681369602680206,3.168521881103516,1.066115140914917,2.695917264017574,2.972026,31.0,0.99999291346047,moderate,True,https://di-india-collab.flow-analytics.io/tools/replay/2025-06-01T17:27:20Z,1,0.34665660255367514,-1.0594206070314067,1.8262159555734683
10900644_10900718,2025-06-01 17:28:57.781595945,4,4,1,0.077594736579522,7.390895843505859,1.0584975481033323,-0.6759335106327233,1.274474859237671,6.982439994812012,15.55490779876709,17.932600835138746,3.224609375,4.883000047360296,0.1252050275559555,4.884823235688126,3.84,0.00140866756,1.8829410919999992,0.3480428938,1.1424000000000007,0.1455655599,5.1892805099487305,3.235044479370117,1.9542360305786133,0.6534210443496704,2.2110096084364037,2.990776,31.0,0.9851670602932264,moderate,True,https://di-india-collab.flow-analytics.io/tools/replay/2025-06-01T17:28:57Z,1,0.016923040395375382,-4.079079248548733,4.025070442711964
10901475_10901912,2025-06-01 17:30:26.455245018,4,4,1,0.208809578266053,7.450110912322998,1.5565637350082395,-0.4066676558600175,2.253216028213501,4.7862548828125,16.114437103271484,6.517457752369411,3.235107421875,1.7008887390588965,0.0542195186950379,1.7012937420470675,4.56,0.00145561094,1.8033415019999997,0.3613835740000001,1.1520000000000008,0.1419170685999999,3.84859299659729,0.0363534949719905,3.812239408493042,1.2714225053787231,2.7211276371786477,2.998405,31.0,0.985404640771963,moderate,True,https://di-india-collab.flow-analytics.io/tools/replay/2025-06-01T17:30:26Z,1,0.4562137838077867,-0.7847937551915684,2.1492239848870955
10901828_10901857,2025-06-01 17:29:59.068331003,4,4,1,2.436518794999002,7.417054176330566,3.267165422439575,-0.1673750758741262,4.626223564147949,2.2701802253723145,3.5809860229492188,-14.962686244801713,3.08544921875,0.514717139882967,0.0253793316641125,0.6087575058993274,2.16,0.1635516847399999,1.0489115206,0.3850101332,1.1472000000000009,0.321553324,5.090922355651856,0.0153260957449674,5.075596332550049,1.6919466257095337,4.293840910888573,2.999856,31.0,0.9986290293357812,serious,True,https://di-india-collab.flow-analytics.io/tools/replay/2025-06-01T17:29:59Z,1,0.0001564520571069319,-8.762760939281739,4.9321440267140675
10901912_10901969,2025-06-01 17:30:28.465620995,4,4,1,0.8047364190624833,5.984521865844727,2.0074551105499268,0.1829690309098512,2.897167921066284,2.9811484813690186,6.266725540161133,2.557844382161256,3.227294921875,0.7272532825104252,0.0305581734031011,0.7363725699451182,2.88,0.0695008845799999,1.0115015446,0.4165111045999998,1.1664000000000008,0.1770928497999999,3.501326560974121,0.0952198058366775,3.40610671043396,1.1417490243911743,3.198772889545935,2.983236,31.0,0.9994337590362854,moderate,True,https://di-india-collab.flow-analytics.io/tools/replay/2025-06-01T17:30:28Z,1,0.035181806458669335,-3.3472261919668984,3.116139415471637
10901912_10901969,2025-06-01 17:30:43.142627001,4,4,1,0.043456306512701,6.217568397521973,0.6688357591629028,0.1418706170063903,0.7317978739738464,9.296106338500977,14.54775619506836,1.6009782526232623,3.227294921875,1.472392180921232,0.0315671048330585,1.474172740741908,8.879999999999999,0.0014075006,1.7406244859999995,0.3847985964,1.1520000000000008,0.1257259316,1.261284589767456,0.3951251208782196,0.8661594390869141,0.2890098690986633,1.081173315047021,2.996989,31.0,0.9975006554901864,low,True,https://di-india-collab.flow-analytics.io/tools/replay/2025-06-01T17:30:43Z,1,0.729987399625631,-0.3147280057754762,2.9356034930913544
10901969_10902097,2025-06-01 17:30:44.037051916,4,4,1,0.0264689086881467,6.167454242706299,0.5251827239990234,0.2358914764656221,0.7678273916244507,11.743444442749023,11.414392471313477,1.6043005644213189,3.234619140625,3.887513075278626,0.0730035501448938,3.8883274522963904,6.96,0.00129985486,1.8078425299999996,0.3840679404,1.1376000000000008,0.1171194963999999,1.4074230194091797,0.3142596185207367,1.0931633710861206,0.3697202503681183,1.582053636692633,2.956731,30.0,0.9896645982763276,low,True,https://di-india-collab.flow-analytics.io/tools/replay/2025-06-01T17:30:44Z,1,0.005092347342676668,-5.280016387204791,4.030772784492437
10901969_10902248,2025-06-01 17:30:50.786729097,4,6,1,0.2946446978817799,4.548577308654785,1.280268907546997,-0.6780362000423213,0.5668656826019287,3.5528297424316406,10.96677017211914,3.242933886332487,3.50732421875,0.6489062149435084,0.0245395954173202,0.6670558129454996,3.6,0.083824662,1.1763734562,0.4471786501999997,1.1664000000000008,0.1433625031,2.402577638626098,4.124233722686768,-1.721656084060669,-0.5751380324363708,1.6685499340569954,2.993466,31.0,0.8335240836107252,low,True,https://di-india-collab.flow-analytics.io/tools/replay/2025-06-01T17:30:50Z,1,1.6418491799401463e-05,-11.017102309595776,6.172805415357759
10902390_10902557,2025-06-01 17:30:55.698704004,4,4,1,0.076516677114482,6.577348232269287,0.8615661263465881,0.212150430401157,1.205978512763977,7.634176731109619,9.176277160644531,5.271271574342888,3.10205078125,2.4192662995877896,0.0585309691984737,2.4217626901882623,6.72,0.00144582128,1.8078425299999996,0.3572236528,1.1472000000000009,0.1281082987,2.885007619857788,1.1985671520233154,1.6864404678344729,0.5659313797950745,1.982136489748677,2.979938,31.0,0.9945297301279123,low,True,https://di-india-collab.flow-analytics.io/tools/replay/2025-06-01T17:30:55Z,1,3.214261034136253,1.1675974818568617,2.17477920443655
10902807_10902943,2025-06-01 17:31:57.079030991,4,4,1,0.0221635793416761,3.6646902561187744,0.3979905545711517,-0.2761568995409333,-0.0473149120807647,9.207983016967772,8.952465057373047,0.0,3.1826171875,1.1495822231724375,0.0247436807085277,1.1503174094976498,8.4,0.00139569166,1.288637734,0.3786615845999999,1.166400000000001,0.11394707582,0.4297586381435394,0.0085507417097687,0.4212079048156738,0.1404605060815811,1.1209707304044485,2.998764,31.0,0.2251607439156627,low,True,https://di-india-collab.flow-analytics.io/tools/replay/2025-06-01T17:31:57Z,1,9.967513279649348e-25,-55.26529619228376,10.828892594198798
10903034_10903102,2025-06-01 17:31:53.372610092,4,4,1,0.0403168809226735,6.581297397613525,0.734244167804718,-0.6149214648798493,0.6050429344177246,8.963363647460938,2.573833703994751,-0.9800653092205804,3.232421875,0.0820031341624218,0.001760747457318,0.1017232886267241,8.879999999999999,0.1022586295799999,0.4299366125000001,0.4513005431999999,1.1376000000000008,0.1186246526799999,0.9289724826812744,3.1543455123901367,-2.2253730297088623,-0.7642788887023926,0.6364243213421586,2.911729,30.0,0.9994911263587204,low,True,https://di-india-collab.flow-analytics.io/tools/replay/2025-06-01T17:31:53Z,1,0.14194167640666183,-1.952339035283904,2.0620268866218185
10903531_10903546,2025-06-01 17:32:21.984148026,4,4,1,0.1025932384877577,7.387965202331543,1.0122565031051636,0.6375736307003307,1.360239028930664,7.298511028289795,1.342869758605957,-2.441282104729687,3.16064453125,0.031926507396875,0.000769724620645,0.1045744784027315,7.199999999999999,0.12142114064,0.4574647478400001,0.4077203751999999,1.132800000000001,0.14088101122,1.7325949668884275,0.0436000376939773,1.6889948844909668,0.5661646723747253,1.5926909846224273,2.983222,31.0,0.9989165219240886,low,True,https://di-india-collab.flow-analytics.io/tools/replay/2025-06-01T17:32:21Z,1,0.24283573418644025,-1.4153700552288297,3.6542402733381896
10904232_10904611,2025-06-01 17:33:54.859843016,4,4,1,0.4055481941051161,6.824628829956055,1.8197925090789795,-0.1316468033850858,2.0662245750427246,3.750223636627197,18.352554321289062,-2.8261466482588022,3.15380859375,1.5877622113131562,0.058505328123165,1.5908287984605296,3.6,0.00145561094,1.7641007619999995,0.3396948180000001,1.1472000000000009,0.1736763129999999,3.094190120697021,0.6070833206176758,2.4871068000793457,0.8305641412734985,2.5242591557708423,2.994479,31.0,0.9869514507805506,moderate,True,https://di-india-collab.flow-analytics.io/tools/replay/2025-06-01T17:33:54Z,1,1.1678069256540113,0.15512756736351108,2.459193126567501
10904758_10905606,2025-06-01 17:35:17.830041885,4,4,1,0.6507486395594149,6.811172962188721,2.477092027664185,-1.7122737282256115,2.0459060668945312,2.749664783477783,13.204885482788086,-2.2538204441618523,3.22021484375,1.2168669637245186,0.0538482509630657,1.2181153557260078,2.64,0.0015262886,1.5607465839999992,0.3765006886000001,1.1520000000000008,0.2778894246,2.63010835647583,2.880558490753174,-0.2504501342773437,-0.0837050005793571,2.528496021020227,2.992057,31.0,0.9819312578782124,moderate,True,https://di-india-collab.flow-analytics.io/tools/replay/2025-06-01T17:35:17Z,1,0.0030777873172291963,-5.783544343669117,3.77337778621737
10905008_10905032,2025-06-01 17:34:33.864423037,4,4,1,0.1830946538699682,7.48248291015625,1.4124175310134888,-0.0672470378566795,1.2802515029907229,5.297642230987549,4.028609275817871,-2.470437163360553,3.24462890625,0.0289526627971871,0.0008443249405107,0.0381262807161945,5.279999999999999,0.14196487854,0.4896580169999999,0.4253633363999999,1.132800000000001,0.14296855522,1.7544996738433838,0.0902257114648819,1.664273977279663,0.5552221536636353,1.837836533831039,2.9974920000000003,31.0,0.9986344950689808,low,True,https://di-india-collab.flow-analytics.io/tools/replay/2025-06-01T17:34:33Z,1,2.4573591056949233,0.8990872390232605,2.4058562995282786
10905086_10905127,2025-06-01 17:34:35.774447918,4,4,1,0.1541024661669076,7.406513690948486,1.4384623765945437,-1.1050877287814485,1.2518407106399536,5.148910045623779,3.3571743965148926,20.484746755195548,3.087158203125,1.8864228312751845,0.0576140926715586,1.8865529494954547,4.8,0.00145561094,1.8111609239999995,0.3401893350000001,1.1520000000000008,0.1437715493999999,3.042609930038452,0.2210356146097183,2.821574211120605,0.952095866203308,2.3116620021008143,2.96354,31.0,0.9996294417090938,moderate,True,https://di-india-collab.flow-analytics.io/tools/replay/2025-06-01T17:34:35Z,1,0.8312989890472587,-0.18476575455643346,2.7644899324092918
10905331_10905397,2025-06-01 17:34:55.937580109,4,4,1,1.3394072457297763,7.447537899017334,3.1359167098999023,-2.1632118513025613,3.34092378616333,2.374915838241577,0.111905813217163,0.0,3.090087890625,0.1778021276566105,0.0084711564365046,0.1961914791640605,2.4,0.2461936806399999,0.4321271064,0.3927801884,1.142400000000001,0.3190054186,3.985218286514282,3.0279948711395264,0.957223415374756,0.3193102180957794,3.591126778200625,2.997785,31.0,0.9994520987560284,moderate,True,https://di-india-collab.flow-analytics.io/tools/replay/2025-06-01T17:34:55Z,1,3.32322193606989e-08,-17.219745968946775,6.136504926526419
10905878_10905908,2025-06-01 17:35:34.415296078,6,4,1,0.2001497822315883,6.569743633270264,1.427603840827942,0.5221615647272225,2.1545252799987797,4.601937294006348,2.461927890777588,0.0,3.4541015625,0.3322039208221046,0.0107172771792653,0.3349916849954834,4.56,0.1171359472799999,0.3931822018,0.4317738329999999,1.1184000000000007,0.14880221802,2.525120496749878,0.0261641647666692,2.4989564418792725,0.8561995625495911,2.803350001579591,2.918661,30.0,0.9998954319434428,moderate,True,https://di-india-collab.flow-analytics.io/tools/replay/2025-06-01T17:35:34Z,1,0.2968938283947649,-1.2143806842430056,3.095804153396083
10906037_10906059,2025-06-01 17:35:49.973052025,4,4,1,0.1566734040215742,7.462536811828613,1.4548828601837158,-1.467767214509755,1.674778938293457,5.1293044090271,3.692891836166382,-12.017641154432075,3.197021484375,1.1746357396288434,0.0358377069313342,1.1759537041303167,5.04,0.00154367736,1.33119187,0.3757623266,1.156800000000001,0.1474283048,5.0296149253845215,1.1035815477371216,3.9260334968566895,1.3119279146194458,2.971407412390685,2.992568,31.0,0.9990548345114824,moderate,True,https://di-india-collab.flow-analytics.io/tools/replay/2025-06-01T17:35:49Z,1,0.5712691963343178,-0.5598947332519941,3.8759311970753414
10906732_10906816,2025-06-01 17:36:41.373605013,4,4,1,0.036957783309026,7.481279373168945,0.7344422936439514,-0.5564555641701364,0.6967864036560059,10.18634033203125,3.804797649383545,8.430634441550511,3.185546875,1.2149260159338984,0.0246323232535657,1.2163019082576705,9.84,0.00154367736,1.5607465839999992,0.3743918634000001,1.156800000000001,0.12614498838,5.980762958526611,6.041401386260986,-0.060638427734375,-0.0202441811561584,1.9007751966837036,2.995351,31.0,0.9692952343208194,low,True,https://di-india-collab.flow-analytics.io/tools/replay/2025-06-01T17:36:41Z,1,0.0396646559524278,-3.227294766098442,3.4861774112801145
10908005_10908092,2025-06-01 17:37:51.771544933,4,4,1,0.4383401558244569,7.402177810668945,2.1150054931640625,-0.962220893786447,1.3413898944854736,3.499838590621948,7.1619720458984375,6.45592129776333,3.19970703125,0.4434050711308607,0.0168740050237683,0.5036355407778231,3.6,0.13706439106,0.8993983574000001,0.4318909821999999,1.142400000000001,0.2309764787999999,1.6842767000198364,1.447105050086975,0.2371716499328613,0.0794351175427436,2.337568317553446,2.985728,31.0,0.999336637120788,moderate,True,https://di-india-collab.flow-analytics.io/tools/replay/2025-06-01T17:37:51Z,1,0.06751532123307809,-2.6954007256292085,3.3886592579064683
10908078_10908585,2025-06-01 17:38:38.687876940,4,4,1,0.0322646391921746,5.586893558502197,0.5251010060310364,0.2955860835868211,0.7184537649154663,10.639655113220217,0.2238116264343261,-1.499517625338827,3.038818359375,0.5479545290485079,0.010764886209876,0.5480853305846185,10.56,0.08152249744,0.8960620449999998,0.4062224739999998,1.1520000000000008,0.1086987093399999,1.095434546470642,2.994509696960449,-1.8990751504898071,-0.6374481320381165,0.4331469054210022,2.979184,31.0,0.9970735911710202,low,True,https://di-india-collab.flow-analytics.io/tools/replay/2025-06-01T17:38:38Z,1,0.017678096293902712,-4.035428903254318,4.258687355597874
10908653_10908699,2025-06-01 17:38:42.074726105,4,4,1,0.0746086587172951,7.20641279220581,0.9328896403312684,0.0937576419727833,0.9027127027511596,7.724828720092773,1.1190581321716309,0.1590629307892896,3.07958984375,0.4393524298630766,0.0104297403096666,0.4396105620763246,7.68,0.1019981947599999,0.8510718204000001,0.3952106891999999,1.132800000000001,0.13757654884,1.7789231538772583,0.0146435648202896,1.76427960395813,0.5904350876808167,1.2830020276551604,2.988101,31.0,0.9999983549749316,low,True,https://di-india-collab.flow-analytics.io/tools/replay/2025-06-01T17:38:42Z,1,2.822715781694069,1.0376994646753999,3.013620807218969
10910825_10911234,2025-06-01 17:41:20.750267982,4,4,1,0.3110405813857769,6.1217570304870605,1.8390289545059204,-1.2318985156835869,0.9440364241600036,3.328798532485962,9.4000883102417,2.2605340953489006,3.306640625,0.9312189065749208,0.0367023879648004,0.9527442711523024,3.36,0.0159185150199999,1.1395760089999998,0.3888981621999999,1.1472000000000009,0.1763748558,1.2795170545578003,1.6858779191970823,-0.4063608646392822,-0.1356801986694336,1.565790235690726,2.99499,31.0,0.9918559560780602,low,True,https://di-india-collab.flow-analytics.io/tools/replay/2025-06-01T17:41:20Z,1,0.032478106157595873,-3.427189073344427,3.1254417333973925
10910940_10911234,2025-06-01 17:41:21.843635082,4,4,1,0.0252509951943697,4.0297627449035645,0.4575262069702148,-0.4469513083196592,0.1489166021347046,8.807720184326172,1.1190581321716309,-2.246747977997491,3.206298828125,3.010034195134083,0.0669769411068508,3.0102600076605843,3.84,0.00129985486,1.7877426599999997,0.383636174,1.1520000000000008,0.1171194963999999,0.457330971956253,2.449048519134521,-1.9917175769805908,-0.6872363686561584,0.2216498702434556,2.898155,30.0,0.6996212351954327,low,True,https://di-india-collab.flow-analytics.io/tools/replay/2025-06-01T17:41:21Z,1,8.639378781760933e-07,-13.961764970986454,5.436365935308645
10911532_10911552,2025-06-01 17:41:41.444839954,4,4,1,0.1566567557951253,7.468945980072021,1.096818447113037,1.026491768268276,1.898857831954956,6.8096466064453125,2.461927890777588,-2.3181135756814117,3.2783203125,1.0503212506664397,0.0270440476344535,1.051504548923232,6.72,0.00154367736,1.2041838846,0.4094573151999999,1.156800000000001,0.1464337663,2.7262847423553467,0.0370345115661621,2.689250230789185,0.89783775806427,2.76322873604405,2.995252,31.0,0.9999710600916564,moderate,True,https://di-india-collab.flow-analytics.io/tools/replay/2025-06-01T17:41:41Z,1,0.36356734779445005,-1.0117907232568202,3.2030748259434687
10911928_10911972,2025-06-01 17:42:17.039752960,4,4,1,0.1962441993976026,6.419346332550049,1.30767822265625,-0.1210809741384046,1.2676608562469482,4.90896463394165,4.476232528686523,1.5458249948417218,3.065673828125,0.7205744715154692,0.0224902960680627,0.7232366756895702,4.8,0.0612642485,0.9758349066,0.3630643879999999,1.1616000000000009,0.1424229843,1.9461733102798464,0.0814462378621101,1.864727020263672,0.64005446434021,2.0797184028962485,2.913388,30.0,0.998367608396372,moderate,True,https://di-india-collab.flow-analytics.io/tools/replay/2025-06-01T17:42:17Z,1,2.558015557575332,0.9392317850675274,2.8489353119557665
10912885_10912910,2025-06-01 17:43:29.751882076,6,4,1,0.0900441713215615,6.864338397979736,1.023026466369629,0.0280244345992359,0.8383286595344543,6.709834575653076,0.8952465057373047,1.2166448903309564,3.5458984375,0.3182490976241747,0.0081980175087056,0.3192437964354201,6.72,0.1110442632199999,0.3979761881000001,0.4387585585999998,1.1232000000000009,0.14679918052,1.1946932077407837,0.0261522494256496,1.1685409545898438,0.3898563086986542,1.277188610691066,2.997363,31.0,0.9999340338260916,low,True,https://di-india-collab.flow-analytics.io/tools/replay/2025-06-01T17:43:29Z,1,0.4847170882246456,-0.7241898814920038,3.07277693510134
10914184_10914197,2025-06-01 17:44:52.551412106,4,4,1,0.0486281095304882,6.200448036193848,0.7433544993400574,0.1125525377616591,0.8962307572364807,8.341172218322754,2.90955114364624,1.1950782933417403,3.144287109375,0.1309223868033935,0.0029439077583564,0.1389363949380399,8.4,0.0984432613399999,0.3702867623400001,0.4056208051999999,1.1472000000000009,0.1150913493999999,1.2021362781524658,0.055228941142559,1.1469073295593262,0.3833174705505371,2.2428481112287484,2.992056,31.0,0.9958691802024656,moderate,True,https://di-india-collab.flow-analytics.io/tools/replay/2025-06-01T17:44:52Z,1,0.6414748206189111,-0.4439853464856931,3.1120969041448365
10916642_10916647,2025-06-01 17:47:35.166412115,4,4,1,0.163465312273388,7.4001665115356445,1.2869117259979248,-0.0784058971844861,2.4541635513305664,5.750329494476318,2.685739517211914,0.0,3.29736328125,0.9374931233380456,0.0266770333085147,0.946779092193138,5.76,0.0171946141799999,1.1404549041999998,0.3893394804,1.156800000000001,0.1455133329,3.2290492057800293,0.0724284872412681,3.156620740890503,1.0573817491531372,3.1919701414613897,2.985318,31.0,0.99758065146131,moderate,True,https://di-india-collab.flow-analytics.io/tools/replay/2025-06-01T17:47:35Z,1,0.7803239595955492,-0.24804611271049207,3.2744053938575757
10916851_10916867,2025-06-01 17:47:57.243614912,4,4,1,0.2037277316246487,6.261873722076416,1.3849891424179075,0.0663042025319818,1.453561544418335,4.521244049072266,0.0,-1.3172699708755211,3.21240234375,0.3283591877459558,0.0107046484589306,0.3359460686588897,4.56,0.1171359472799999,0.3931822018,0.4325673311999998,1.1184000000000007,0.14703491092,1.8055152893066408,0.0338554754853248,1.7716598510742188,0.5908809900283813,2.357706874179683,2.998336,31.0,0.9997971482579924,moderate,True,https://di-india-collab.flow-analytics.io/tools/replay/2025-06-01T17:47:57Z,1,0.933000899433394,-0.06934911411232753,2.152825437420044
10916889_10916955,2025-06-01 17:48:01.646276951,4,4,1,0.3572095243496012,7.3678460121154785,1.603581428527832,0.6233556576885441,2.4763998985290527,4.594619274139404,0.8952465057373047,2.016792034246829,3.121337890625,1.1351214188976495,0.0369717004673762,1.141532093962062,4.56,0.00154367736,1.2128868046,0.3837835762,1.1520000000000008,0.1486719343999999,3.0301618576049805,0.0447849631309509,2.9853768348693848,1.0275942087173462,2.181685653349818,2.90521,30.0,0.9967283718061026,moderate,True,https://di-india-collab.flow-analytics.io/tools/replay/2025-06-01T17:48:01Z,1,0.24269068736805435,-1.4159675379455745,3.000052129277813
10916978_10917010,2025-06-01 17:48:06.045954943,4,4,1,0.1300158146440816,6.791898250579834,1.071804404258728,-0.3222581071793798,0.804500162601471,6.3368821144104,3.3571743965148926,-3.745993343098076,3.096435546875,1.5048565756464027,0.0405473273081457,1.5051236068304752,6.0,0.00154367736,1.7406244859999995,0.3465157570000001,1.1520000000000008,0.1471298055,1.1728816032409668,0.0360377989709377,1.1368438005447388,0.3938489556312561,3.241195977028783,2.886497,30.0,0.9997315805777648,moderate,True,https://di-india-collab.flow-analytics.io/tools/replay/2025-06-01T17:48:06Z,1,0.4176072740235023,-0.873213823926756,3.536439512311731
10917010_10917044,2025-06-01 17:48:19.128479958,4,4,1,0.1176526036124329,6.693138122558594,1.131382942199707,-0.1286234526855616,1.032116413116455,5.915891170501709,3.3571743965148926,29.213606155526207,3.094970703125,0.6177069730919585,0.017232031806763,0.6292313794672435,5.76,0.08885411694,0.956946206,0.3986167341999999,1.1664000000000008,0.1437445785,1.430670976638794,0.4083088338375091,1.0223621129989624,0.346788078546524,1.012376364829901,2.948089,30.0,0.9998970837992864,low,True,https://di-india-collab.flow-analytics.io/tools/replay/2025-06-01T17:48:19Z,1,4.224365944769343,1.4408691773032287,2.2940930273302516
10918172_10918211,2025-06-01 17:51:00.716083050,4,4,1,0.1140857796112655,6.010177135467529,0.5073613524436951,3.421512887463891,-0.1026809215545654,11.84595012664795,9.26020622253418,-67.95067072980586,2.547119140625,1.7957134484702466,0.0333665700426397,1.795723900997389,10.8,0.0013505876,1.8033415019999997,0.3522172732000001,1.156800000000001,0.11651629686,3.9430625438690186,6.760773181915283,-2.8177106380462646,-0.949792206287384,1.3949516692259225,2.96666,20.0,0.9998035582686792,low,True,https://di-india-collab.flow-analytics.io/tools/replay/2025-06-01T17:51:00Z,1,1.1445056118950976e-15,-34.40380363115259,9.407653138504871
10918469_10918660,2025-06-01 17:51:31.787487984,4,4,1,0.0756050246401481,5.081439018249512,0.7594142556190491,-0.0791448409351276,0.8185718059539795,6.691260814666748,49.90999221801758,5.767224586769718,2.90234375,3.5962440950088097,0.0943799827809021,3.5963095769896345,3.36,0.00129985486,1.8534141659999996,0.3529193860000001,1.1424000000000007,0.13063366352,1.2447508573532104,0.2399121969938278,1.0048387050628662,0.345122754573822,1.0593687945266357,2.91154,30.0,0.903772048814478,low,True,https://di-india-collab.flow-analytics.io/tools/replay/2025-06-01T17:51:31Z,1,0.05765401078909507,-2.8532954633237297,3.5959993761941904
10918660_10918806,2025-06-01 17:51:30.469749928,4,4,1,0.0516570489961772,7.437647819519043,0.8168516159057617,0.0556552876546052,1.1604691743850708,9.10526180267334,5.931008338928223,7.179748992344183,3.072998046875,2.9080678688833723,0.0634240554156135,2.9082179492990203,7.68,0.00144582128,1.8078425299999996,0.3562895288000001,1.1472000000000009,0.12563474522,2.859426259994507,0.5219759345054626,2.3374502658843994,0.8037709593772888,2.2665191877592474,2.908105,30.0,0.9998072351590048,moderate,True,https://di-india-collab.flow-analytics.io/tools/replay/2025-06-01T17:51:30Z,1,0.9934145604117981,-0.006607219267320503,2.462801812229633
10918758_10918784,2025-06-01 17:51:17.067042112,4,4,1,0.4120030496781378,7.429421424865723,1.8814986944198608,-0.0628825108973056,2.297823429107666,3.94867205619812,1.5666813850402832,-1.8793661466967435,3.177978515625,0.0635986414607013,0.0022219263997775,0.2136166090547794,3.84,0.171615892,0.8421350166600005,0.4006308175999999,1.1280000000000008,0.1800890019999999,2.7473480701446533,0.0228468831628561,2.724501132965088,0.9392101764678956,2.175136401415231,2.900843,30.0,0.9995636340543772,moderate,True,https://di-india-collab.flow-analytics.io/tools/replay/2025-06-01T17:51:17Z,1,0.00017169321753259943,-8.66980129268964,5.042189147264743
10918758_10918784,2025-06-01 17:51:27.370393991,4,4,1,0.0928199350241332,7.45927095413208,1.0726971626281738,-0.1039119324533894,1.3302085399627686,6.9537529945373535,19.47161102294922,0.0500252371659972,3.177978515625,2.242345030071549,0.0573240950585175,2.244399296993675,6.24,0.00145561094,1.8033415019999997,0.3483070178000001,1.1520000000000008,0.1411800508999999,2.6381375789642334,0.2940949499607086,2.3440425395965576,0.7820153832435608,2.0013336858250628,2.997438,31.0,0.9813950053595724,moderate,True,https://di-india-collab.flow-analytics.io/tools/replay/2025-06-01T17:51:27Z,1,2.9961233667714984,1.0973192419672633,2.602319752175747
10919185_10919210,2025-06-01 17:51:53.376502991,4,4,1,0.0345868309963078,7.166913032531738,0.6942609548568726,0.1991206686318259,0.712913990020752,10.323081970214844,9.623899459838867,2.2986938688798184,3.258056640625,4.4252805727904825,0.0898203079735522,4.426036232173843,6.48,0.00144582128,1.8101480739999996,0.3834263876000001,1.1424000000000007,0.1283883035799999,4.767651557922363,2.264177799224853,2.5034737586975098,0.8354160189628601,3.5497636685819103,2.996679,31.0,0.9986322320707536,moderate,True,https://di-india-collab.flow-analytics.io/tools/replay/2025-06-01T17:51:53Z,1,0.012572704334162051,-4.376227137581578,4.110447266164766
10919844_10919852,2025-06-01 17:52:44.432590961,4,4,1,0.045884868051366,5.276278018951416,0.608332633972168,-0.3433061160986085,-0.0402578711509704,8.673343658447266,1.1190581321716309,0.9475925677269472,2.987548828125,4.673108545369712,0.1052631723578151,4.6735736460443205,1.92,0.00132001968,1.8534061759999996,0.341220763,1.1472000000000009,0.12779928474,0.9599201083183287,0.0242885369807481,0.9356315732002258,0.3238596618175506,2.832880021756241,2.889003,30.0,0.9993684096117026,moderate,True,https://di-india-collab.flow-analytics.io/tools/replay/2025-06-01T17:52:44Z,1,3.433658993582663e-08,-17.187054289383294,6.5235429773936655
10919844_10919852,2025-06-01 17:53:04.830969095,4,4,1,0.1109607027312421,4.412890911102295,0.5512559413909912,-0.1654693000948481,0.1382408142089843,8.005158424377441,2.90955114364624,-1.4216905069895338,2.987548828125,0.1814137521774302,0.0041900089380983,0.1856682826484928,7.92,0.0943000837399999,0.4458124378200001,0.4153455605999998,1.1472000000000009,0.10316864334,8.552665710449219,9.813096046447754,-1.2604303359985352,-0.4362744092941284,1.7621620771770108,2.889077,30.0,0.9997734454407816,low,True,https://di-india-collab.flow-analytics.io/tools/replay/2025-06-01T17:53:04Z,1,4.0093205122925666e-08,-17.032058965297967,6.79206637200154
10919852_10919981,2025-06-01 17:52:53.838066101,4,4,1,0.6573084554155636,6.272712707519531,2.1452081203460693,-0.140083707720562,1.6730294227600098,2.924057960510254,0.8952465057373047,37.97324264607396,2.974609375,0.7713645861506234,0.0328008730147454,0.7713646633782827,2.88,0.06263482772,0.942001978,0.3643931591999998,1.1616000000000009,0.2247807749999999,2.0781049728393555,0.7338388562202454,1.3442661762237549,0.4500382840633392,2.460772368439128,2.987004,31.0,0.9998555298566624,moderate,True,https://di-india-collab.flow-analytics.io/tools/replay/2025-06-01T17:52:53Z,1,0.053543524896391026,-2.927260406366913,3.6840158505511233
10920855_10920883,2025-06-01 17:54:00.175457001,4,4,1,0.6974972181647873,7.493568420410156,2.2833118438720703,0.2896604061160052,2.8208320140838623,3.2818856239318848,0.4476232528686523,-4.797058609205537,3.1005859375,0.5437212747374804,0.0215306390637195,0.5859399583281759,3.36,0.1318824179,0.9117555034,0.383595745,1.156800000000001,0.2628745752,3.3434839248657227,0.103978082537651,3.2395057678222656,1.1121323108673096,3.7775908942039194,2.912878,30.0,0.9990855397100328,moderate,True,https://di-india-collab.flow-analytics.io/tools/replay/2025-06-01T17:54:00Z,1,0.030425906894005345,-3.492460833025901,4.493205148880329
10921891_10922002,2025-06-01 17:55:17.934679985,4,4,1,0.5921768351326936,6.116085052490234,2.2512943744659424,-2.0397200529898254,1.3377652168273926,2.7166972160339355,0.4476232528686523,-2.4867652896879533,3.1923828125,0.3722805940516821,0.0164558547131343,0.4014706428645338,2.64,0.1426811542599999,0.6099824614,0.4012727294,1.1184000000000007,0.2466134326,1.6564549207687378,0.0032564930152148,1.653198480606079,0.5543185472488403,2.9265846744643964,2.982398,31.0,0.9999652963464858,moderate,True,https://di-india-collab.flow-analytics.io/tools/replay/2025-06-01T17:55:17Z,1,0.08555275577838493,-2.4586220666743186,3.7280792111026595
10922002_10922041,2025-06-01 17:55:52.689857006,4,4,1,0.0553548402756758,7.144679546356201,0.5975498557090759,-1.2117212604105156,0.5102214813232422,11.956624984741213,1.1190581321716309,-1.3041677627383397,3.15234375,1.825228133767374,0.0337313851150688,1.8263531611220831,11.28,0.00154367736,1.8033415019999997,0.3573520922,1.156800000000001,0.1257259316,5.36976432800293,7.051334381103516,-1.681570053100586,-0.5652615427970886,0.4661494785799718,2.974853,25.0,0.9998320073342905,low,True,https://di-india-collab.flow-analytics.io/tools/replay/2025-06-01T17:55:52Z,1,1.117624837836655e-05,-11.401719711993277,5.205141988195452
10923470_10923514,2025-06-01 17:57:34.630150080,4,4,1,0.1521198779490505,7.458298683166504,1.391722559928894,-1.360028755345607,1.4977741241455078,5.359041213989258,6.266725540161133,-11.716804819413117,3.2607421875,3.8726753319574176,0.116073689206601,3.874558291357223,3.84,0.00141674468,1.8616069539999995,0.3387187212000001,1.1472000000000009,0.1471891873,6.672300815582275,8.953775405883789,-2.2814745903015137,-0.7622029185295105,0.4737434053459636,2.993264,31.0,0.977929240726194,low,True,https://di-india-collab.flow-analytics.io/tools/replay/2025-06-01T17:57:34Z,1,4.3702722098187494e-05,-10.038100167226334,5.042489000178309
10923545_10923563,2025-06-01 17:57:39.230182886,4,4,1,0.065201144688707,7.138214111328125,1.0014663934707642,-1.2756752283817483,0.5868768692016602,7.1277618408203125,0.5595290660858154,11.917041933760371,2.95556640625,0.600616368285437,0.0149909715292828,0.612076782994789,6.96,0.0889898297999999,1.0777183081999997,0.3991998517999999,1.1616000000000009,0.14251569296,9.463700294494627,6.155684947967529,3.3080153465271,1.1063696146011353,4.3227258832838285,2.989973,31.0,0.9970335891487664,serious,True,https://di-india-collab.flow-analytics.io/tools/replay/2025-06-01T17:57:39Z,1,0.00011068937326623561,-9.10878271864587,5.037787663261457
10923545_10923563,2025-06-01 17:57:51.667299032,4,4,1,0.0493308877969191,7.492264747619629,0.9086927175521852,-0.6590179801927706,0.5705580711364746,8.245102882385254,1.0071523189544678,-0.2529505165292868,2.95556640625,0.1265937797756258,0.0028656221235636,0.1472468696611242,8.16,0.1164948184399999,0.4236983038600002,0.3989036157999999,1.1472000000000009,0.1269351506,6.672449588775635,1.5649082660675049,5.107541084289551,1.7575677633285522,4.931848752928713,2.906028,30.0,0.9998175686378082,serious,True,https://di-india-collab.flow-analytics.io/tools/replay/2025-06-01T17:57:51Z,1,0.003134141579199819,-5.765399960829425,5.788170337422746
10923853_10923862,2025-06-01 17:58:14.555254936,4,4,1,0.124363694179643,7.424752712249756,1.0896371603012085,0.6356653483596244,1.3796894550323486,6.813968181610107,1.342869758605957,-4.508733054600654,3.2294921875,0.3436286146471515,0.0087756242008142,0.3543681450505426,6.72,0.1166062590199999,0.4147648026999999,0.4403360203999998,1.1232000000000009,0.14679918052,2.02590560913086,0.0575447529554367,1.9683609008789065,0.6786545515060425,1.5830236785186669,2.9003870000000003,30.0,0.9990920747517104,low,True,https://di-india-collab.flow-analytics.io/tools/replay/2025-06-01T17:58:14Z,1,1.3369634641315986,0.2904009709936926,2.6045571988217757
10924829_10925262,2025-06-01 18:00:21.900530100,4,4,1,0.1112411468188233,6.732562065124512,1.3610014915466309,-1.2728490560410912,0.7436028122901917,4.946770668029785,0.0,1.1188351259543257,3.044189453125,0.3977572640389321,0.0123067165635335,0.4253299547547553,5.04,0.1106483847599999,0.8265447291999999,0.4062476245999998,1.1184000000000007,0.15081702706,1.1709078550338743,3.5811007022857666,-2.4101929664611816,-0.8042654395103455,1.1541928852884509,2.996763,31.0,0.9992581161375916,low,True,https://di-india-collab.flow-analytics.io/tools/replay/2025-06-01T18:00:21Z,1,0.09891811325069237,-2.313462909997556,4.605793822529802
10924912_10924934,2025-06-01 17:59:53.207802057,4,4,1,0.109543573884984,7.44049072265625,1.078143835067749,0.3856328131178388,1.281927466392517,6.901204109191895,2.90955114364624,-2.0879918626874114,3.174560546875,0.1941390443480967,0.0049008677681481,0.2058625770623829,6.96,0.12073278404,0.5525288721600002,0.4084668817999998,1.1376000000000008,0.14043968822,1.798604965209961,0.3717042803764343,1.4269006252288818,0.4921838641166687,1.2549060177683378,2.899121,30.0,0.9998143902180692,low,True,https://di-india-collab.flow-analytics.io/tools/replay/2025-06-01T17:59:53Z,1,4.586984517309149,1.5232228402679713,2.664825600127675
10925500_10925588,2025-06-01 18:00:53.887728930,4,4,1,0.2476395936450517,7.452949047088623,1.6702570915222168,-0.4401202142297552,1.877064824104309,4.462156772613525,2.0143046379089355,-5.992281272622194,3.39453125,0.4117235550871842,0.0135494532119794,0.4519747050811617,4.56,0.1166508210799999,0.9374980908000002,0.4263898074,1.1232000000000009,0.16286752216,2.9098119735717773,1.9010019302368164,1.008810043334961,0.3388546705245971,3.4499997539637843,2.977117,31.0,0.998955437832736,moderate,True,https://di-india-collab.flow-analytics.io/tools/replay/2025-06-01T18:00:53Z,1,0.3036513668993074,-1.1918750550866646,3.3020684629362145
10925934_10926033,2025-06-01 18:01:57.338444948,4,4,1,0.214056807804258,7.448469638824463,1.6009446382522583,-1.1598079169463404,1.2331047058105469,4.6525468826293945,0.111905813217163,-1.1016091065989286,3.10498046875,0.0469779371465184,0.0014852379558808,0.1551518883529067,4.56,0.14024552742,0.5636341760400001,0.392429859,1.1376000000000008,0.14547000002,12.229616165161133,8.990693092346191,3.2389230728149414,1.1130281686782837,2.564148944051676,2.91001,30.0,0.9988028845851472,moderate,True,https://di-india-collab.flow-analytics.io/tools/replay/2025-06-01T18:01:57Z,1,2.8054069682395964e-09,-19.691717221779378,7.503336808520579
10926076_10926107,2025-06-01 18:01:36.156105995,4,4,1,0.1106050353487494,7.497867584228516,1.0999271869659424,0.3075491256954485,1.095205307006836,6.816694259643555,6.490537166595459,7.946870383621937,3.011962890625,0.1046581511792413,0.0026499886072712,0.1481844059409169,6.72,0.12225869196,0.4162189572600002,0.3910324529999998,1.1472000000000009,0.14077962392,1.5588427782058716,0.067173384130001,1.4916694164276123,0.4973247647285461,1.818910906448676,2.999387,31.0,0.9951164020979736,low,True,https://di-india-collab.flow-analytics.io/tools/replay/2025-06-01T18:01:36Z,1,0.580612753221673,-0.5436712620426425,3.4162426768528578
10926900_10927092,2025-06-01 18:03:25.975881100,4,4,1,0.4763691132285715,7.351823806762695,2.16586709022522,-1.0923532436941965,2.360271453857422,3.394402027130127,16.17038917541504,25.611385602012188,3.14404296875,3.3313233674280363,0.1309431324348761,3.334245690828148,2.64,0.00140866756,1.9127134479999992,0.3075319946,1.1472000000000009,0.2401582664,5.219048023223877,3.5271155834198,1.6919324398040771,0.5794459581375122,2.4257703206282155,2.919914,30.0,0.9962821368723398,moderate,True,https://di-india-collab.flow-analytics.io/tools/replay/2025-06-01T18:03:25Z,1,0.0034177116289932337,-5.6787840661939875,3.5629097432170265
10928058_10928114,2025-06-01 18:04:30.623684883,4,4,1,0.4846481748009241,6.967282772064209,2.1231400966644287,-1.018544261488229,1.6943389177322388,3.2815935611724854,2.0143046379089355,2.146767033532391,3.126708984375,0.3599541113432536,0.0142133635301754,0.4048548878794327,3.36,0.1497628250399999,0.6094745376000001,0.3919156082,1.1136000000000008,0.2312635985999999,2.013376474380493,0.514843225479126,1.4985332489013672,0.5131778717041016,1.7884159093442145,2.920105,30.0,0.9999981238107803,low,True,https://di-india-collab.flow-analytics.io/tools/replay/2025-06-01T18:04:30Z,1,0.8359735561024721,-0.1791582978540935,3.0854076544093654
10928286_10928311,2025-06-01 18:04:47.309580088,4,4,1,0.4811215038218653,7.481879234313965,2.0535027980804443,-0.2945390101083973,2.874816417694092,3.6434717178344727,2.126210451126098,2.279421130380018,3.2939453125,0.0810409670094067,0.0029753968427419,0.1199233064348609,3.6,0.19772546954,0.4720898335600001,0.4222886299999999,1.1424000000000007,0.1721848151999999,3.495593547821045,0.0757534578442573,3.419840097427368,1.1783677339553833,3.2038592669311656,2.902184,30.0,0.9998492849169074,moderate,True,https://di-india-collab.flow-analytics.io/tools/replay/2025-06-01T18:04:47Z,1,0.04028822101454914,-3.211696135269751,2.337097833789505
10928311_10928342,2025-06-01 18:04:52.308882952,4,4,1,0.3288367216554243,7.252424240112305,1.9582759141922,-0.9320750011998774,1.2260785102844238,3.7034740447998047,0.2238116264343261,-0.9945332857945915,3.112548828125,0.2138388833750696,0.0078279612966627,0.2903522236792261,3.6,0.1550349735599999,0.4071823212,0.3938209366,1.1376000000000008,0.1791269535999999,1.5839266777038574,3.056325435638428,-1.4723987579345703,-0.507198691368103,1.8621328267396076,2.903002,30.0,0.9997234508966004,low,True,https://di-india-collab.flow-analytics.io/tools/replay/2025-06-01T18:04:52Z,1,0.0750270179304868,-2.5899069912431854,3.6973700105939082
10928389_10928453,2025-06-01 18:06:05.064960003,4,4,1,0.1055312333833148,7.456809043884277,1.2433286905288696,-0.9034264513574248,1.7425459623336792,5.997456073760986,13.876320838928224,6.025717000199948,3.232177734375,0.840516203101228,0.0233073053781942,0.8462718786682353,6.0,0.0415253047399999,1.0385911979999998,0.4095049125999997,1.1616000000000009,0.1462332521,3.5522119998931885,2.524777412414551,1.0274345874786377,0.3432077467441559,2.1568629342254004,2.993623,31.0,0.9991914572504128,moderate,True,https://di-india-collab.flow-analytics.io/tools/replay/2025-06-01T18:06:05Z,1,0.8288860471544458,-0.18767259149237686,2.9290591948224853
10930076_10930334,2025-06-01 18:07:52.534939051,6,4,1,0.3752457666310598,7.334968090057373,2.085844039916992,-0.8336702974420928,1.3473546504974363,3.516546726226806,0.2238116264343261,0.0,3.466796875,0.280442921949769,0.0106080743720858,0.3359262154036718,3.6,0.1629546748799999,0.4056355866000001,0.4295682432,1.1328000000000007,0.2269831897999999,1.6606470346450806,0.0376405194401741,1.6230064630508425,0.559968888759613,2.742792761699697,2.898387,30.0,0.9997596554769044,moderate,True,https://di-india-collab.flow-analytics.io/tools/replay/2025-06-01T18:07:52Z,1,0.1788354576998692,-1.7212891266200252,3.4052459222023903
10930101_10930137,2025-06-01 18:07:30.958308935,4,4,1,0.1796384330259754,6.036853790283203,1.3075838088989258,0.4802858139541099,1.629203200340271,4.616800785064697,3.804797649383545,-1.1118989152689214,3.240234375,1.1269648486008657,0.0365989779095006,1.1354492078311793,4.56,0.0014075006,1.2041838846,0.4007706415999999,1.1520000000000008,0.1470929091999999,2.0272371768951416,0.053459208458662,1.9737780094146729,0.6800265908241272,2.5958118944793678,2.902501,30.0,0.9985183276000076,moderate,True,https://di-india-collab.flow-analytics.io/tools/replay/2025-06-01T18:07:30Z,1,0.46899655637843707,-0.7571598530394938,2.31152868974199
10930160_10930172,2025-06-01 18:07:34.363580942,4,4,1,0.1482535588204613,5.436803817749023,1.107946753501892,0.2073572398431231,1.229475498199463,4.907098293304443,5.595290660858154,0.6801061752009456,3.095703125,1.5562719989144778,0.048847357842153,1.5575698949521115,4.56,0.00136905204,1.7324237079999996,0.3467071398,1.1520000000000008,0.1430353015999999,1.555203199386597,0.0464114509522914,1.5087918043136597,0.503181517124176,2.308730552152701,2.998504,31.0,0.9888646429849444,moderate,True,https://di-india-collab.flow-analytics.io/tools/replay/2025-06-01T18:07:34Z,1,0.3023093667337328,-1.1963043927818315,3.5859605624307878
10930171_10930285,2025-06-01 18:07:57.552906036,4,4,1,0.0480156227907147,7.467533111572266,0.7970286011695862,0.254098155094857,0.8082456588745117,9.369215965270996,0.8952465057373047,0.0,3.137451171875,0.7220941310975609,0.0153324432558562,0.7248175621688154,9.36,0.0609295371,1.0452455674,0.3802226207999999,1.1616000000000009,0.1198097354999999,7.085568904876709,5.65228271484375,1.433286190032959,0.4945270121097564,4.406219760738181,2.898297,30.0,0.9997500953090652,serious,True,https://di-india-collab.flow-analytics.io/tools/replay/2025-06-01T18:07:57Z,1,0.08695640047934598,-2.442348429857698,2.2867772110537046
10931538_10931553,2025-06-01 18:09:52.451852083,4,4,1,0.0304255706197214,6.531922817230225,0.5618113279342651,0.5244720766617078,0.6118144989013672,11.626542091369627,17.12158966064453,11.168388243327527,3.297119140625,6.202392412439853,0.1175550110647557,6.203217944931039,1.2,0.00140695502,1.8616069539999995,0.3668752358,1.1376000000000008,0.1186100146,4.693903923034668,1.6370420455932615,3.0568618774414062,1.0597890615463257,3.3196089027950464,2.884406,30.0,0.985747754818744,moderate,True,https://di-india-collab.flow-analytics.io/tools/replay/2025-06-01T18:09:52Z,1,7.358613939466419e-18,-39.450660082329186,9.45700614732954
10934779_10934797,2025-06-01 18:16:41.157080889,4,4,1,0.0980685806055619,6.533885002136231,0.9632204174995422,-0.3169718354008645,0.7479009628295898,6.783374786376953,7.1619720458984375,4.538686711758011,3.18505859375,0.7256890167099211,0.0186799896174956,0.7259557488356835,6.72,0.06086736148,1.0811995794,0.4009278461999998,1.1616000000000009,0.13796983866,1.0539920330047607,0.0393965579569339,1.0145955085754397,0.3402607142925262,1.183161252693279,2.981818,31.0,0.9996736360200568,low,True,https://di-india-collab.flow-analytics.io/tools/replay/2025-06-01T18:16:41Z,1,6.726538633823885,1.9060606924524084,2.025831153343745
10935293_10935324,2025-06-01 18:18:34.462711096,4,4,1,0.0641629956876561,7.49945068359375,1.062443494796753,-1.209010775085496,0.9139666557312012,7.058681964874268,0.5595290660858154,1.1393287850836429,3.26220703125,0.323446423684492,0.0080848920694638,0.3359979596757251,6.96,0.1164697350199999,0.4020530015,0.4403894255999997,1.1280000000000008,0.14679918052,7.667953014373779,4.808371543884277,2.859581470489502,0.9807395339012146,2.751445980433037,2.91574,30.0,0.9998264479958752,moderate,True,https://di-india-collab.flow-analytics.io/tools/replay/2025-06-01T18:18:34Z,1,0.007885812049238715,-4.842690077282862,4.83279455401735
10935301_10935721,2025-06-01 18:18:45.961011887,4,4,1,0.0983950219503322,5.999227046966553,1.0343670845031738,-0.5840929654401953,0.14423668384552,5.799901485443115,157.00283813476562,-5.584067398572358,3.16259765625,3.885688927348476,0.1111061629061997,3.885699786355762,3.36,0.00127077826,1.8616069539999995,0.3259263484000001,1.1424000000000007,0.1455655599,0.4768710732460022,0.5922840237617493,-0.115412950515747,-0.0386822149157524,0.6964277216257638,2.983618,31.0,0.7121471965547312,low,True,https://di-india-collab.flow-analytics.io/tools/replay/2025-06-01T18:18:45Z,1,9.780058188124397e-09,-18.442920403211414,6.884611864999339
10935329_10935347,2025-06-01 18:17:39.760608912,4,4,1,0.0813334394590752,7.477143287658691,0.7984181046485901,0.5121407162172402,1.230983018875122,9.364947319030762,0.4476232528686523,7.89486791931251,3.33251953125,0.439990025780561,0.0093126285444827,0.440538693896816,9.36,0.1059012628599999,0.8811745172000001,0.4407412023999998,1.142400000000001,0.1230396400399999,2.06984543800354,0.0197692234069108,2.0500762462615967,0.686394214630127,1.854882857065746,2.986733,31.0,0.9994380678263644,low,True,https://di-india-collab.flow-analytics.io/tools/replay/2025-06-01T18:17:39Z,1,0.3421232183571956,-1.0725843192133828,3.1118373700117177
10935721_10935747,2025-06-01 18:18:46.258073092,4,4,1,0.0824066023982347,6.706737041473389,1.0792691707611084,0.7004529190492982,1.238818645477295,6.214146614074707,0.8952465057373047,2.8320967765598875,3.08056640625,0.2000974192719789,0.0053782048183484,0.2029466473979389,6.24,0.11508374164,0.5326801014600002,0.3995519253999998,1.1424000000000007,0.14043968822,1.5608363151550293,0.0224124733358621,1.5384238958358765,0.5152460932731628,1.1201712753408912,2.985804,31.0,0.9998303538255776,low,True,https://di-india-collab.flow-analytics.io/tools/replay/2025-06-01T18:18:46Z,1,5.38655501027374,1.6839060359192395,2.750356418217416
10936137_10936174,2025-06-01 18:19:12.049305916,4,4,1,0.3141350369155949,6.352076530456543,1.5905132293701172,-0.3101278252664896,1.5343890190124512,3.993727684020996,4.252420902252197,-2.0728676408930102,3.22509765625,0.0455301800848729,0.0015762621209482,0.1448869211658759,4.08,0.1288119724199999,0.56082049174,0.4249539297999999,1.142400000000001,0.14547000002,1.840707540512085,0.0847894176840782,1.7559181451797483,0.6020628809928894,1.741069856303943,2.916503,30.0,0.9999832486030852,low,True,https://di-india-collab.flow-analytics.io/tools/replay/2025-06-01T18:19:12Z,1,0.12725341063469914,-2.0615748212804403,2.78329985752872
10936305_10936470,2025-06-01 18:19:52.127019882,4,4,1,0.0509597576873996,6.691003799438477,0.9076830744743348,-1.0102007282316905,0.4584498405456543,7.371520042419434,0.5595290660858154,5.789465213602066,3.13232421875,0.034436265623697,0.0008257597119426,0.0712157223883554,7.439999999999999,0.1135854400399999,0.4578643150400001,0.3990690091999999,1.1376000000000008,0.1264364596,0.7777153849601746,1.4686466455459597,-0.6909312605857849,-0.2307333499193191,0.4376250398930328,2.994501,31.0,0.999993389982257,low,True,https://di-india-collab.flow-analytics.io/tools/replay/2025-06-01T18:19:52Z,1,0.8818494533170125,-0.12573392539336672,2.286048503438978
10938107_10938134,2025-06-01 18:22:32.749814034,4,4,1,0.3381115053144258,6.524910926818848,1.6430245637893677,-0.0681971044017774,1.8504106998443604,3.971280097961426,4.252420902252197,-5.480590654470085,3.1328125,0.2836448683163606,0.0099798565027302,0.3420364896704931,4.08,0.1158590830799999,0.404578354,0.3919440011999999,1.1376000000000008,0.15025089182,2.25553560256958,0.064354196190834,2.1911814212799072,0.73197340965271,2.055934811409541,2.993526,31.0,0.99998859753253,moderate,True,https://di-india-collab.flow-analytics.io/tools/replay/2025-06-01T18:22:32Z,1,0.24955564221336196,-1.3880733737714719,3.0309508279097295
10938374_10938404,2025-06-01 18:22:55.169604063,4,4,1,0.1532465361656512,5.953678607940674,1.1801083087921145,0.2367285254635257,1.334192395210266,5.045027256011963,2.0143046379089355,0.0786290013694457,2.981689453125,0.4471840703527294,0.0136859706366184,0.4480432616190389,5.04,0.0941409062599999,0.8425287244000004,0.3865041281999998,1.1376000000000008,0.15103976376,1.8138139247894287,0.0413240119814872,1.7724899053573608,0.5929476022720337,1.949925374836476,2.989286,31.0,0.9999530560094734,low,True,https://di-india-collab.flow-analytics.io/tools/replay/2025-06-01T18:22:55Z,1,2.6302612383375097,0.9670831714231124,2.777087258232612
10938595_10938884,2025-06-01 18:24:05.147258043,4,4,1,0.4961109546435887,7.319268226623535,2.1193735599517822,-0.5230973866242972,2.3632397651672363,3.453505516052246,25.290714263916016,2.286805638331251,3.000244140625,1.9399423886344016,0.0751870133514493,1.9502036433378644,3.12,0.00144582128,1.8078425299999996,0.3367987662000001,1.1472000000000009,0.2183257078,5.676035404205322,1.377960443496704,4.298074722290039,1.4335033893585205,3.002582722158941,2.998301,31.0,0.9858627573561284,moderate,True,https://di-india-collab.flow-analytics.io/tools/replay/2025-06-01T18:24:05Z,1,0.43400899532703685,-0.8346900185365316,4.5275015201139155
10938963_10939014,2025-06-01 18:23:37.825263023,4,4,1,0.2315216631246443,7.477179050445557,1.698176622390747,-0.5364103571579879,2.2902989387512207,4.4030632972717285,2.685739517211914,-1.9198270608257983,3.287109375,0.0982557997435049,0.0032267795484837,0.1708556419631055,4.32,0.14934929962,0.5213395986600002,0.4263061722,1.1424000000000007,0.1549827822199999,3.9265778064727774,0.2484440207481384,3.678133726119995,1.2669165134429932,3.689802969546614,2.903217,30.0,0.9984886051587232,moderate,True,https://di-india-collab.flow-analytics.io/tools/replay/2025-06-01T18:23:37Z,1,1.1341486354929406,0.12588226857965754,2.5005436302007467
10938963_10939014,2025-06-01 18:23:47.772569895,4,4,1,0.0418318188443857,7.143411159515381,0.6371549963951111,0.4909852257852101,0.8741652965545654,11.211418151855469,3.916703462600708,-7.697453058750196,3.287109375,0.7801632560258824,0.014892775175417,0.7805372226986145,11.04,0.05272337316,1.0519218169999998,0.4318708613999998,1.1616000000000009,0.1186828245799999,1.3049424886703491,0.3293633460998535,0.9755791425704956,0.3254724144935608,0.9421334832615262,2.997425,31.0,0.9964188670054918,low,True,https://di-india-collab.flow-analytics.io/tools/replay/2025-06-01T18:23:47Z,1,0.23277548002728018,-1.4576808950153612,2.797907937980804
10938963_10939014,2025-06-01 18:24:32.024882078,4,4,1,0.044164365251436,7.460615158081055,0.7818942666053772,0.2405377405845217,0.8225247859954834,9.541718482971191,10.631052017211914,2.6242381282699285,3.287109375,4.8780120558152,0.1038354495178736,4.878372286758451,5.52,0.0014659861,1.866703855999999,0.3748372294000001,1.1424000000000007,0.13063366352,3.7290267944335938,2.6307077407836914,1.0983190536499023,0.366525650024414,1.5680027292509249,2.996568,31.0,0.997935287995932,low,True,https://di-india-collab.flow-analytics.io/tools/replay/2025-06-01T18:24:32Z,1,0.008679173205716281,-4.7468290076443775,4.409702105795335
10939014_10939092,2025-06-01 18:24:35.826700926,4,4,1,0.0405125988960707,6.620965480804443,0.6318559646606445,-0.318704835217288,0.8736915588378906,10.478599548339844,22.549020767211918,15.031889673872106,3.2548828125,6.023150601439324,0.1214295222019525,6.025612076182731,1.92,0.00140695502,1.8601406959999995,0.3623251775999999,1.1424000000000007,0.12779928474,3.1481728553771973,1.8058319091796875,1.3423409461975098,0.4486211836338043,1.613989408858957,2.9921480000000003,31.0,0.977196848461852,low,True,https://di-india-collab.flow-analytics.io/tools/replay/2025-06-01T18:24:35Z,1,5.462204391654259e-09,-19.025413393933324,6.747437834468117
10939064_10939079,2025-06-01 18:23:45.568645000,4,4,1,0.1069125065438082,7.401204586029053,1.214960694313049,-0.9214148188720088,1.6061992645263672,6.091723442077637,1.342869758605957,-6.315883611808618,3.017578125,0.0681552443452813,0.0018398023051033,0.1300992381514132,6.0,0.12750986732,0.51626421934,0.3843473687999998,1.1376000000000008,0.14057894812,4.254446506500244,0.1305056512355804,4.123940944671631,1.37475323677063,3.3014586203836926,2.999768,31.0,0.9982528591430682,moderate,True,https://di-india-collab.flow-analytics.io/tools/replay/2025-06-01T18:23:45Z,1,0.15419615156736177,-1.8695297755744544,4.277762739652931
10939079_10939093,2025-06-01 18:23:45.972397089,4,4,1,0.102962866177418,7.384130954742432,1.1364372968673706,-0.2003965873027391,1.3002338409423828,6.497613906860352,0.2238116264343261,-2.260408297957302,3.06494140625,0.1947828548177309,0.0050970487509666,0.1953507462552934,6.48,0.12050921344,0.5439186398600002,0.4005022771999998,1.1472000000000009,0.14107955492,4.658206939697266,0.0533746741712093,4.604832172393799,1.5409337282180786,3.0534177222012446,2.988339,31.0,0.9994171731783564,moderate,True,https://di-india-collab.flow-analytics.io/tools/replay/2025-06-01T18:23:45Z,1,0.6211111025506546,-0.4762453039516998,3.3829393532868015
10939092_10939215,2025-06-01 18:24:37.927372932,4,6,1,1.0211685141706754,7.481007099151611,2.774205684661865,-0.9903187006810626,3.207326650619507,2.6966302394866943,9.176277160644531,5.364910959120464,3.3623046875,2.5324000436490848,0.1139541156096978,2.5326628483703915,2.4,0.00148742234,1.8691578999999996,0.3281105918000001,1.142400000000001,0.272586581,5.222605705261231,1.4309207201004028,3.791685104370117,1.26774263381958,3.0822187230682703,2.990895,31.0,0.9927757149650804,moderate,True,https://di-india-collab.flow-analytics.io/tools/replay/2025-06-01T18:24:37Z,1,0.003615897344296647,-5.622415226153684,4.955041443461356
10939582_10939607,2025-06-01 18:24:53.877635956,4,4,1,0.0438260516967773,6.660943508148193,0.7397299408912659,0.203563359368377,0.6485395431518555,9.004561424255371,0.111905813217163,-2.2088747001152083,3.1689453125,0.4809251307562075,0.010426411381693,0.484358448557939,8.879999999999999,0.0939583722399999,0.95475577,0.4145273263999998,1.1472000000000009,0.1216906212999999,5.107406139373779,4.184059143066406,0.923346996307373,0.3080290555953979,1.6333788801074651,2.997597,31.0,0.9999962848801895,low,True,https://di-india-collab.flow-analytics.io/tools/replay/2025-06-01T18:24:53Z,1,0.6024024449047107,-0.5068295438979318,2.49534792080032
10939582_10939607,2025-06-01 18:24:57.977971077,4,4,1,0.0338000457947377,7.043153762817383,0.6052903532981873,0.9170584074671172,0.4749445915222168,11.635992050170898,2.797645330429077,1.1637740332321371,3.1689453125,0.2052404426253567,0.0037964044897886,0.2150638077553967,11.52,0.1050583144199999,0.5954282672400001,0.4151830791999999,1.1328000000000007,0.1115969630799999,4.819986343383789,4.164177417755127,0.6558089256286621,0.219492956995964,1.8873943652301728,2.987836,31.0,0.9999092335899844,low,True,https://di-india-collab.flow-analytics.io/tools/replay/2025-06-01T18:24:57Z,1,0.014063630951245836,-4.264163179051566,3.6106689711460564
10939606_10939771,2025-06-01 18:25:04.978003979,4,6,1,0.5997691471841684,3.77908992767334,1.3754183053970337,-0.7452147605712375,1.0552897453308103,2.7475931644439697,166.5148468017578,11.726442037873731,3.445068359375,3.0866742298817145,0.1375447809599835,3.0885706796468133,0.96,0.00123131288,1.9111104239999996,0.3442241111999998,1.1616000000000009,0.1471891873,2.001801013946533,3.6867504119873047,-1.6849493980407717,-0.562239408493042,0.2567756151492158,2.996854,31.0,0.5331210795183717,low,True,https://di-india-collab.flow-analytics.io/tools/replay/2025-06-01T18:25:04Z,1,3.585315519402338e-14,-30.959344820746907,7.841211516980949
10939659_10939701,2025-06-01 18:25:06.271068096,4,6,1,0.4858898451577809,7.44044303894043,2.201575756072998,-0.2581926118351977,2.489626407623291,3.37959885597229,1.45477557182312,-4.012618301715189,3.54296875,0.2669325798286604,0.0103353525118809,0.2690381840829088,3.36,0.1701948355999999,0.352657173,0.430168709,1.1424000000000007,0.246899762,3.124847650527954,0.8390941619873047,2.2857534885406494,0.765571653842926,2.894588226658351,2.985682,31.0,0.9994008214755504,moderate,True,https://di-india-collab.flow-analytics.io/tools/replay/2025-06-01T18:25:06Z,1,0.004479898215184602,-5.408154952638208,4.361146693878042
10939701_10939724,2025-06-01 18:25:00.733972073,6,4,1,0.0629032901995314,7.471124649047852,1.0002059936523438,-0.5715816286590885,1.0488661527633667,7.46958589553833,0.7833406925201416,-0.8707881427659416,3.427978515625,0.7382925798450957,0.0179458446858811,0.7395776357798437,7.439999999999999,0.05900317208,1.0034398209999995,0.4285682201999998,1.156800000000001,0.1442090122,2.7532012462615967,1.9587931632995603,0.7944080829620361,0.2700771987438202,2.0818181006650063,2.941411,30.0,0.9990146896585432,moderate,True,https://di-india-collab.flow-analytics.io/tools/replay/2025-06-01T18:25:00Z,1,1.1770830255270177,0.16303936574529934,2.4128969653885464
10939701_10939724,2025-06-01 18:25:07.974858046,6,4,1,0.1525432623539533,7.031593322753906,1.259980082511902,-0.0763467350932229,1.5613834857940674,5.580718040466309,1.230963945388794,0.8880179439323453,3.427978515625,0.6999355030778511,0.020234322701374,0.6999691602180399,5.52,0.07251680124,1.1140446866000002,0.4219362423999998,1.1712000000000011,0.1433625031,2.32030725479126,1.0548769235610962,1.2654303312301636,0.4374041557312011,3.5880339041473257,2.893046,30.0,0.998883672103944,moderate,True,https://di-india-collab.flow-analytics.io/tools/replay/2025-06-01T18:25:07Z,1,1.2966878659848717,0.25981321791719036,2.5431125032161925
10939723_10939724,2025-06-01 18:25:09.256750107,4,4,1,0.1458413092884822,7.109791278839111,1.2653287649154663,-0.7592016771916935,1.6710855960845947,5.618927955627441,4.140515327453613,-0.8165998429483384,3.032958984375,0.6189168727556003,0.0178042143961127,0.6230413107118309,5.52,0.09225712768,0.9244365661999996,0.3896503091999999,1.1664000000000008,0.1433625031,2.556356191635132,0.4118194282054901,2.14453673362732,0.7321074604988098,2.178762312545287,2.929265,30.0,0.9998235938542478,moderate,True,https://di-india-collab.flow-analytics.io/tools/replay/2025-06-01T18:25:09Z,1,6.6721383523463045,1.8979404011043877,2.1950277840949135
10939723_10939771,2025-06-01 18:25:02.285865068,4,6,1,0.6197767023055628,7.412539482116699,2.359313726425171,0.2329427743629224,2.4811851978302,3.141820192337036,0.4476232528686523,0.4197553928709225,3.46533203125,1.33462633787119,0.0545832849891082,1.348359925550506,3.12,0.00145561094,1.547720361999999,0.3675740458000001,1.1520000000000008,0.256416875,3.2834277153015137,1.0771430730819702,2.206284523010254,0.7409987449645996,3.5786891637907883,2.977447,31.0,0.9828256699454312,moderate,True,https://di-india-collab.flow-analytics.io/tools/replay/2025-06-01T18:25:02Z,1,0.031010553176215712,-3.473427707389231,4.376047472898522
10940373_10940418,2025-06-01 18:25:52.646320105,4,4,1,0.0562930549767517,6.726539611816406,0.926318883895874,-0.6347239113386323,0.703853964805603,7.261580944061279,0.2238116264343261,2.2551897420831377,3.10009765625,0.2628792823042181,0.0064515282159375,0.2670137252994517,7.199999999999999,0.1078017453799999,0.4727840268999999,0.3971223687999998,1.1376000000000008,0.1268085429,1.041743516921997,3.5009605884552,-2.459217071533203,-0.8475579023361206,0.8252627886026674,2.901533,30.0,0.999871982116015,low,True,https://di-india-collab.flow-analytics.io/tools/replay/2025-06-01T18:25:52Z,1,0.22587369258062334,-1.4877793183294479,2.5043076538682647
10940866_10940871,2025-06-01 18:26:36.721304893,4,4,1,0.054410743389971,5.198835849761963,0.74994957447052,0.6918411703906453,1.1954667568206787,6.932247161865234,0.6714348793029785,1.315887977038436,2.99755859375,0.3248962335125241,0.0082093447347743,0.3274978474553544,6.96,0.0939774075999999,0.4001943619000001,0.3995858119999998,1.1280000000000008,0.1212911178999999,1.6549835205078125,0.0097395535558462,1.645244002342224,0.5523560643196106,3.0362065550195165,2.978593,31.0,0.9999725220360692,moderate,True,https://di-india-collab.flow-analytics.io/tools/replay/2025-06-01T18:26:36Z,1,0.03041463089718607,-3.4928315068351,4.0067541917194935
10941146_10941168,2025-06-01 18:27:04.745568037,4,4,1,0.1115478026579754,7.1343994140625,1.1257603168487549,0.0153806153156623,0.716083288192749,6.337405204772949,3.804797649383545,2.7095800171121573,3.127685546875,0.7619848839922416,0.0204325829980693,0.7625152446286011,6.24,0.05577062056,1.0472960449999995,0.3715707629999999,1.1616000000000009,0.1463225444999999,1.0219097137451172,0.050708845257759,0.9712008833885192,0.3315341770648956,1.683002970490154,2.929414,30.0,0.9950178618741782,low,True,https://di-india-collab.flow-analytics.io/tools/replay/2025-06-01T18:27:04Z,1,2.140457307798256,0.761019501437016,2.917049179196404
10941168_10941195,2025-06-01 18:27:05.261368990,4,4,1,0.4079861262553505,6.409526824951172,1.8471829891204836,0.0760808772298676,2.370568990707397,3.469892740249634,0.8952465057373047,-1.8558209264579777,3.075927734375,0.2817268695902671,0.0107421504975576,0.3402526814104944,3.36,0.1347613906399999,0.4087071976,0.3919440011999999,1.1376000000000008,0.1804581957999999,2.817331314086914,0.0839791223406791,2.7333521842956543,0.9404435753822328,2.697413302304809,2.90645,30.0,0.9997125679883274,moderate,True,https://di-india-collab.flow-analytics.io/tools/replay/2025-06-01T18:27:05Z,1,0.7929073444992133,-0.2320489059150361,2.8374665135745065
10941804_10941828,2025-06-01 18:28:06.548876047,4,4,1,0.315444129170043,7.303835391998291,1.6430466175079346,0.2023323691345574,2.7459304332733154,4.445300102233887,0.0,2.227338307911576,3.017578125,0.3449429336437938,0.0113633129479615,0.3937101294297933,4.32,0.1226875885199999,0.590434035,0.3913443437999999,1.1136000000000008,0.15025089182,3.480186700820923,0.0764474645256996,3.403739213943481,1.1351991891860962,2.2120775347103336,2.998363,31.0,0.9999996641999715,moderate,True,https://di-india-collab.flow-analytics.io/tools/replay/2025-06-01T18:28:06Z,1,0.1640786111704619,-1.8074096295976796,2.754637463367702
10941910_10941925,2025-06-01 18:28:13.946726084,4,4,1,0.177707231056014,7.458544254302978,1.2453765869140625,0.4797678780674148,1.9697853326797483,5.988986968994141,3.3571743965148926,35.6630991269596,3.08544921875,0.5596003781091945,0.01548649258245,0.5623813080070346,6.0,0.0977985971799999,0.8920205673999999,0.3721181815999999,1.152000000000001,0.14277348426,2.7399721145629883,0.0969584882259368,2.6430137157440186,0.8828688859939575,2.381388285104362,2.993665,31.0,0.9996278443347152,moderate,True,https://di-india-collab.flow-analytics.io/tools/replay/2025-06-01T18:28:13Z,1,1.3219231281682537,0.27908759160588664,3.240060430423918
10942310_10942340,2025-06-01 18:29:12.869765043,4,4,1,0.1281248474524344,7.490268707275391,1.2362974882125854,-0.1447069757552695,1.437046766281128,6.058629512786865,0.111905813217163,3.7424611039924103,3.27294921875,0.0411672128944676,0.0011109658684401,0.0831627689689209,6.0,0.12819229364,0.4902022078399999,0.4278541993999999,1.1376000000000008,0.13933900312,3.981898784637451,3.162933826446533,0.818964958190918,0.2749657034873962,1.445629226001078,2.978426,31.0,0.9994574160491592,low,True,https://di-india-collab.flow-analytics.io/tools/replay/2025-06-01T18:29:12Z,1,1.4744218650239098,0.38826595704099187,2.520579567403265
10942310_10942340,2025-06-01 18:29:25.374865055,4,4,1,0.0569508759036027,7.461428165435791,0.8963149785995483,-0.3726098645310015,0.8688619136810303,8.324560165405273,0.3357174396514892,-0.3668341782634176,3.27294921875,0.4159782835621712,0.0094408555221404,0.425804901866013,8.4,0.1075049202199999,0.9254988962,0.4407412023999998,1.132800000000001,0.13757654884,4.203452110290527,3.2386369705200195,0.9648151397705078,0.3337085545063019,1.2072038286206184,2.891191,30.0,0.999727054818116,low,True,https://di-india-collab.flow-analytics.io/tools/replay/2025-06-01T18:29:25Z,1,0.16377339851829034,-1.8092715229600742,3.3707479382785652
10942354_10942388,2025-06-01 18:29:24.675636053,4,4,1,0.0619684550353685,7.395039081573486,0.9375211000442504,-0.5277839741115,1.239194393157959,7.887864112854004,0.6714348793029785,-4.188916073751866,3.41796875,1.4632087238935902,0.0345953829481832,1.4663905588406962,7.68,0.00154367736,1.7406244859999995,0.3841106542,1.156800000000001,0.137863237,3.408566951751709,0.0331220068037509,3.3754448890686035,1.160656213760376,3.407467922019958,2.908221,30.0,0.9971633058651022,moderate,True,https://di-india-collab.flow-analytics.io/tools/replay/2025-06-01T18:29:24Z,1,0.5390020909806967,-0.6180358287101697,3.152371240065916
10942388_10942422,2025-06-01 18:29:26.873229027,4,4,1,0.0422612863300637,5.981475830078125,0.6481727957725525,0.0080524241312097,0.4908824563026428,9.228211402893066,1.9023988246917725,1.975200456139605,3.235107421875,0.530682777089971,0.0113459618330727,0.5311874173271238,9.12,0.08213293892,0.936875492,0.4531948349999999,1.1520000000000008,0.1173277048799999,0.7931306958198547,0.0254102032631635,0.7677205204963684,0.2655265033245086,1.7008578234997045,2.891314,30.0,0.9968195377637245,low,True,https://di-india-collab.flow-analytics.io/tools/replay/2025-06-01T18:29:26Z,1,0.12209842205286135,-2.102927821348975,2.8084016632318907
10942545_10942579,2025-06-01 18:29:27.294646978,4,4,1,0.0536156499402566,7.435315132141113,0.9541795253753662,-0.6525548306810238,1.032725811004639,7.792365074157715,17.625165939331055,30.24576945473032,3.298828125,6.56972261328804,0.1581166104850839,6.569983076076687,1.68,0.00140664828,1.9817278499999995,0.3616771039999999,1.1424000000000007,0.1421360053,5.640763282775879,3.6136903762817374,2.0270729064941406,0.6798326969146729,2.1909155506196507,2.981723,31.0,0.9968062838652636,moderate,True,https://di-india-collab.flow-analytics.io/tools/replay/2025-06-01T18:29:27Z,1,2.8610356542536624e-06,-12.764326881809094,6.171524903125437
10942757_10943200,2025-06-01 18:30:22.546670914,4,4,1,0.0732584574469764,7.256479263305664,1.145971417427063,-0.8924162402114456,0.6613001823425293,6.332164287567139,1.1190581321716309,-10.376063560338409,3.17333984375,1.047302424220193,0.0281598313076703,1.0483129062896286,6.24,0.00154367736,1.2041838846,0.3908246275999999,1.156800000000001,0.1473683206,1.0024043321609497,2.756528615951538,-1.7541242837905884,-0.6039202213287354,0.6236048334662158,2.904563,30.0,0.9868643562599886,low,True,https://di-india-collab.flow-analytics.io/tools/replay/2025-06-01T18:30:22Z,1,0.07622830316366512,-2.5740224526595155,1.6128409555462582
10942795_10943054,2025-06-01 18:30:25.847492933,4,4,1,1.4154361491720384,6.195272922515869,2.5782153606414795,-0.5385207689693857,3.15212345123291,2.402930736541748,13.42869758605957,-4.369269376871849,3.38818359375,0.4135834679443901,0.0196833881692008,0.4140715284982661,2.4,0.13644505706,0.6660089960000002,0.4293395886,1.1280000000000008,0.2842996305999999,3.5458803176879883,0.0749612674117088,3.470919132232666,1.1595298051834106,4.416319217930586,2.993385,31.0,0.9980358508614594,serious,True,https://di-india-collab.flow-analytics.io/tools/replay/2025-06-01T18:30:25Z,1,0.001460068032406368,-6.529272246808915,4.365617861675933
10943019_10943036,2025-06-01 18:30:04.656975985,4,4,1,0.0811840172524413,6.70756721496582,0.9227988719940186,-0.1579117241602258,0.8058308362960815,7.268720626831055,0.2238116264343261,-1.8883722985264848,3.15234375,1.1955957559605903,0.029637463488425,1.197818921811161,6.96,0.00154367736,1.5474170399999991,0.3679502158000001,1.156800000000001,0.137863237,1.111384630203247,0.0265728887170553,1.0848116874694824,0.3623660802841186,1.8314691614806275,2.99369,31.0,0.9967026485212293,low,True,https://di-india-collab.flow-analytics.io/tools/replay/2025-06-01T18:30:04Z,1,2.403128658590569,0.8767714961411186,2.627985384667245
10943054_10943080,2025-06-01 18:30:15.248095036,4,4,1,0.1251070007980338,6.790320873260498,1.159340739250183,0.1900755074793354,1.288251876831055,5.857053756713867,0.4476232528686523,-2.125169846669837,3.278564453125,0.1988655470645028,0.0055367534879844,0.2257011644298716,5.76,0.11508374164,0.54955194536,0.4357974927999999,1.1376000000000008,0.14107955492,1.732084035873413,0.0338715128600597,1.698212504386902,0.5667223930358887,1.5130927758679966,2.996551,31.0,0.998748841587275,low,True,https://di-india-collab.flow-analytics.io/tools/replay/2025-06-01T18:30:15Z,1,7.234160554816054,1.9788143277563874,1.5552513455274557
10945013_10945048,2025-06-01 18:33:43.071962118,4,4,1,0.3990539043095464,7.415215015411377,2.1189563274383545,-1.1209122335702757,2.338341236114502,3.4994657039642334,0.4476232528686523,-4.38520381021354,3.103271484375,0.8627566991107886,0.0329880809450802,0.8848454192770768,3.36,0.0363450631999999,1.0565420484,0.3667798839999999,1.166400000000001,0.2233581461999999,3.58195161819458,1.958734393119812,1.623217225074768,0.5425512194633484,2.353217352164143,2.991823,31.0,0.9926394834058024,moderate,True,https://di-india-collab.flow-analytics.io/tools/replay/2025-06-01T18:33:43Z,1,0.11649761736069392,-2.1498844580250607,3.5540191329320345
10945451_10945487,2025-06-01 18:34:57.072590113,4,4,1,0.035744988163947,7.03839921951294,0.641266405582428,0.3373347966132828,0.6822845935821533,10.975780487060549,5.147667407989502,8.858683761144055,3.107421875,3.971275624423062,0.077654310045194,3.9714069485051215,7.439999999999999,0.00144582128,1.8078425299999996,0.3570395354,1.1424000000000007,0.1296978005399999,3.905842065811157,1.9513702392578125,1.9544718265533447,0.6516702771186829,2.3135293205868765,2.999173,31.0,0.997783485643305,moderate,True,https://di-india-collab.flow-analytics.io/tools/replay/2025-06-01T18:34:57Z,1,0.0728981508247334,-2.6186920062051104,3.4389568447779464
10945622_10945643,2025-06-01 18:34:31.826077938,4,4,1,0.0878488837035472,7.416478157043457,1.0770949125289917,-0.1264446943743436,1.5036802291870115,6.885631084442139,1.342869758605957,-2.209217337703548,3.25048828125,1.385608169092168,0.0355107605487857,1.388027243574942,6.72,0.00154367736,1.535456743999999,0.3761022590000001,1.156800000000001,0.1467284539,3.68156361579895,0.3162151575088501,3.3653483390808105,1.1593164205551147,2.874646858234866,2.902873,30.0,0.9804968844107338,moderate,True,https://di-india-collab.flow-analytics.io/tools/replay/2025-06-01T18:34:31Z,1,2.874132678869242,1.0557509518206332,3.155388408758791
10945980_10946002,2025-06-01 18:35:04.176295996,4,4,1,0.4790358040144717,7.420139312744141,2.2359211444854736,-1.1453196714891574,2.90280818939209,3.3186051845550537,0.6714348793029785,1.3393074899730466,3.330078125,0.3214370463363337,0.0125979128939035,0.3386462220856894,3.36,0.1595820233799999,0.3984396216000001,0.4269257267999999,1.1136000000000008,0.2463590606,7.455365180969238,0.0991500169038772,7.356215000152588,2.461731433868408,6.377726782702407,2.988228,31.0,0.9992167691772008,serious,True,https://di-india-collab.flow-analytics.io/tools/replay/2025-06-01T18:35:04Z,1,0.0007772976353730969,-7.159687223836038,4.637048138587654
10947401_10947437,2025-06-01 18:36:51.455965996,4,4,1,0.1661867806908391,7.455230236053467,1.6548223495483398,-1.902366713379727,1.7872052192687988,4.505154609680176,10.631052017211914,11.051334876134378,3.195068359375,4.1206468211804586,0.1370255962628457,4.120684191734161,3.12,0.00140866756,1.909839819999999,0.3328942454,1.1472000000000009,0.1504081882,7.722290992736816,3.232519626617432,4.489771366119385,1.5428587198257446,3.961390411735468,2.910034,30.0,0.992110951659566,moderate,True,https://di-india-collab.flow-analytics.io/tools/replay/2025-06-01T18:36:51Z,1,0.0013952795446450339,-6.57466049335774,4.454088063114253
10947580_10947662,2025-06-01 18:37:53.216594934,4,4,1,0.6785275456772377,7.277413845062256,2.4590444564819336,-1.9750227035901224,2.906472682952881,2.959447860717773,19.24779891967773,0.0,3.47021484375,1.796646855550018,0.0763035807154821,1.8148102733137144,2.88,0.00151649894,1.8078425299999996,0.3657179392000001,1.1472000000000009,0.2825988057999999,5.783003330230713,0.0793522223830223,5.703650951385498,1.9226635694503784,4.932379551607841,2.966536,29.0,0.9993473493197916,serious,True,https://di-india-collab.flow-analytics.io/tools/replay/2025-06-01T18:37:53Z,1,0.00036079790705255627,-7.927192570644747,6.652326019746902
10947752_10948094,2025-06-01 18:37:52.308330059,4,4,1,0.1316736808849512,7.235252380371094,1.3583272695541382,-1.5720498140350612,0.601038932800293,5.326590061187744,5.147667407989502,-8.197261593354305,3.115478515625,0.3464047509478727,0.0102456541084386,0.3495455434483183,5.279999999999999,0.12414861768,0.407930681,0.4072513815999998,1.1136000000000008,0.14683423512,0.9266446232795716,1.570155143737793,-0.6435105204582214,-0.2183967232704162,1.1761600835820174,2.946521,29.0,0.9999798952244926,low,True,https://di-india-collab.flow-analytics.io/tools/replay/2025-06-01T18:37:52Z,1,0.16685615936542886,-1.7906231588806882,3.6788312347258096
10948806_10948855,2025-06-01 18:38:45.362273932,4,4,1,0.3169342711494475,7.459542751312256,1.8536826372146609,-0.4967394053011716,1.4950205087661743,4.024174690246582,1.7904930114746094,0.0,3.2978515625,0.3639628062899092,0.0127273957119235,0.3836710244093409,4.08,0.1404552777999999,0.5916678289999999,0.4263898074,1.1136000000000008,0.1821442297999999,1.8581777811050413,0.0526783503592014,1.8054994344711304,0.6235328912734985,1.5326850886237753,2.895596,30.0,0.9999947983871224,low,True,https://di-india-collab.flow-analytics.io/tools/replay/2025-06-01T18:38:45Z,1,0.9222039710352564,-0.08098885317319841,2.3330722293036588
10949071_10949127,2025-06-01 18:39:17.638400078,4,4,1,0.0583442462633722,6.520419597625732,0.6849456429481506,2.2405218637131497,0.413284957408905,9.51961612701416,1.1190581321716309,-14.07504366938227,3.044921875,0.8725657924986324,0.0183767673661524,0.8725980837979065,9.36,0.0399049470399999,1.0139923308,0.3827225407999998,1.1520000000000008,0.12329599056,0.8406087756156921,0.2407443076372146,0.5998644828796387,0.2060521841049194,9.963173555873214,2.911226,30.0,0.9966134336706488,critical,True,https://di-india-collab.flow-analytics.io/tools/replay/2025-06-01T18:39:17Z,1,0.0002887580950349464,-8.149921261768176,4.94505512788732
10949127_10949199,2025-06-01 18:39:16.942473888,4,4,1,0.0325075269839964,5.178455829620361,0.5601667761802673,0.0481124965711048,0.3051266074180603,9.244489669799805,133.83935546875,-233.7888914533558,2.954345703125,3.4415410050123545,0.0744708853388084,3.4426892008070413,5.279999999999999,0.00129985486,1.7996417519999994,0.3563727392000001,1.1472000000000009,0.1175345369999999,1.0721592903137207,0.4186360836029053,0.6535232067108154,0.217853844165802,1.200499100557976,2.9998240000000003,31.0,0.9697664691477506,low,True,https://di-india-collab.flow-analytics.io/tools/replay/2025-06-01T18:39:16Z,1,8.94865678716104e-11,-23.136932581557627,7.366050278662283
10950838_10950871,2025-06-01 18:42:07.906598091,4,4,1,0.0716950521519262,7.36328125,0.8844584226608276,-0.1420960480082385,0.9691386222839355,8.325186729431152,19.47161102294922,19.766483747549746,3.10498046875,2.256794906890081,0.051826783307365,2.2588286275852867,7.439999999999999,0.00145561094,1.8033415019999997,0.3569439014,1.1520000000000008,0.1281286633,4.455442428588867,3.6841142177581783,0.7713282108306885,0.2585680782794952,1.3093213037060203,2.983076,30.0,0.9922547589630916,low,True,https://di-india-collab.flow-analytics.io/tools/replay/2025-06-01T18:42:07Z,1,1.3154939602377809,0.27421223025831365,2.753616263714545
10951081_10951096,2025-06-01 18:42:11.457447052,4,4,1,0.0316814685023028,7.230172157287598,0.6097334623336792,0.4041764159902101,0.3403258323669433,11.857922554016112,2.126210451126098,-0.4295316265177114,3.22998046875,0.1196548060758252,0.0021802638699577,0.132855438830908,11.76,0.10638345614,0.3591979124000001,0.4521169248,1.1376000000000008,0.11162308448,1.3069777488708496,0.1935476809740066,1.1134300231933594,0.3789019882678985,1.0292733184642116,2.93857,30.0,0.9989472016909932,low,True,https://di-india-collab.flow-analytics.io/tools/replay/2025-06-01T18:42:11Z,1,0.009212313979018383,-4.6872142139073585,3.7431202799122536
10951181_10951195,2025-06-01 18:42:23.197488070,4,4,1,0.094253751903707,5.662720680236816,0.8861743807792664,-0.2697924869631913,0.9646816253662108,6.390074729919434,1.5666813850402832,0.6148528663003318,3.18798828125,0.0655989246378124,0.00172058443406,0.1038081803407806,6.48,0.1040735168599999,0.4839263265400001,0.4133719475999998,1.1376000000000008,0.11947558068,1.364387273788452,0.1050286963582038,1.259358525276184,0.4352585971355438,1.7335931536470832,2.893357,29.0,0.9999969670889984,low,True,https://di-india-collab.flow-analytics.io/tools/replay/2025-06-01T18:42:23Z,1,1.0461413380799411,0.04510847896187801,2.7857185907651933
10951560_10951599,2025-06-01 18:42:53.776232958,4,4,1,0.2053129627537387,7.499251365661621,1.7007516622543335,-1.5212439168925698,1.96474027633667,4.409374713897705,3.692891836166382,-2.357674404953326,3.086181640625,0.1498169544795691,0.0049304178359042,0.211325106840739,4.32,0.1431251898,0.62812894406,0.3918659704,1.1424000000000007,0.1557363076199999,6.848673343658447,3.4313066005706787,3.417366743087769,1.1803979873657229,5.514249989967136,2.895097,30.0,0.9747306607026404,serious,True,https://di-india-collab.flow-analytics.io/tools/replay/2025-06-01T18:42:53Z,1,0.13505594198788962,-2.0020662012820214,2.8479090727857104
10951601_10951632,2025-06-01 18:42:57.479285955,4,4,1,0.1869191946783003,7.477179050445557,1.4389487504959106,-0.2172877724714398,0.8793572187423706,5.196279048919678,1.1190581321716309,-6.6101666179804575,2.932861328125,0.6254057796064305,0.0188505855572861,0.648938746990015,5.04,0.09272423334,0.9496028688,0.3791141387999999,1.1664000000000008,0.1400667172999999,1.242561936378479,0.0364369004964828,1.206125020980835,0.4027291238307953,1.91687566450992,2.994879,31.0,0.9996186126702707,low,True,https://di-india-collab.flow-analytics.io/tools/replay/2025-06-01T18:42:57Z,1,1.043901119728763,0.042964772071413075,2.7743615907422057
10953457_10953474,2025-06-01 18:45:26.742014885,4,4,1,0.1423390908789566,5.764184951782227,1.1516984701156616,0.0978238424784345,1.2955336570739746,5.004942893981934,2.461927890777588,-2.3702870627063657,2.995361328125,0.3695461947831072,0.0113486203444636,0.3750812188251123,5.04,0.0968904753399999,0.6022568768,0.3881035043999998,1.1184000000000007,0.14795868382,1.6568375825881958,0.0368242226541042,1.6200133562088013,0.5597302913665771,2.415907809936639,2.894275,30.0,0.9981165521380768,moderate,True,https://di-india-collab.flow-analytics.io/tools/replay/2025-06-01T18:45:26Z,1,0.6244473242031071,-0.47088830172809276,3.2052908105039455
10954291_10954318,2025-06-01 18:46:27.650511980,4,4,1,0.0685930844606434,7.428204536437988,0.7754909992218018,0.8158184744631842,0.9549526572227478,9.57871150970459,3.3571743965148926,0.0,3.2431640625,0.815183951534601,0.01709692134943,0.8191624238947927,9.36,0.0492200062799999,1.0259005999999995,0.4359317541999997,1.156800000000001,0.12637828018,1.6218770742416382,0.0538164675235748,1.5680606365203855,0.5238459706306458,1.2432817238163305,2.993362,31.0,0.9999777574116508,low,True,https://di-india-collab.flow-analytics.io/tools/replay/2025-06-01T18:46:27Z,1,0.6836995508497954,-0.38023671100308226,2.215008679327159
10954677_10954821,2025-06-01 18:47:06.568520069,6,4,1,0.0606100654562452,7.494399070739746,0.9142976999282836,0.0234704505756991,1.4345269203186035,8.196891784667969,16.562061309814453,19.247821925479432,3.455322265625,5.815481284073097,0.1356892271611707,5.817243939425375,3.36,0.00140866756,1.9051625019999991,0.3617502703999999,1.1424000000000007,0.1387815668,3.394658327102661,0.4535788893699646,2.941079378128052,1.0131486654281616,3.0481932091782165,2.90291,30.0,0.990884327504312,moderate,True,https://di-india-collab.flow-analytics.io/tools/replay/2025-06-01T18:47:06Z,1,5.776486807044435e-05,-9.75912978593315,5.114168036424974
10954821_10954852,2025-06-01 18:47:07.674957037,4,4,1,0.1645225846139196,7.391550064086914,1.4701908826828003,-1.114897118519981,2.4216227531433105,5.027612686157227,3.5809860229492188,-11.822757026741328,3.227783203125,0.0328173821332242,0.0009882061488717,0.0376031296746445,5.04,0.14196487854,0.4896580169999999,0.4249539297999999,1.132800000000001,0.13830851022,3.886799335479736,0.0970237106084823,3.7897756099700928,1.3156321048736572,4.641565347693724,2.880574,30.0,0.9994762635286532,serious,True,https://di-india-collab.flow-analytics.io/tools/replay/2025-06-01T18:47:07Z,1,0.3855844432323696,-0.9529950613739944,1.990476802009109
10954866_10954900,2025-06-01 18:47:10.253587960,4,4,1,0.2995818388776877,7.233345508575439,2.0236072540283203,-1.342842768557148,3.407033920288086,3.574481010437012,5.48338508605957,-10.745426924500398,3.090087890625,3.946299566502969,0.1505882084751111,3.955316833074185,2.4,0.00140866756,1.9703266799999992,0.3073955458,1.1472000000000009,0.1738126754,12.279279708862305,4.988615036010742,7.290664672851562,2.503460168838501,5.909447563137685,2.912235,30.0,0.9713278731809568,serious,True,https://di-india-collab.flow-analytics.io/tools/replay/2025-06-01T18:47:10Z,1,2.279283586028509e-09,-19.89940466001062,6.6769957123774235
10955270_10955482,2025-06-01 18:48:05.771579981,4,4,1,0.1327599784731031,6.962880611419678,0.5933377742767334,1.4256176550463937,0.5564126968383789,11.73510456085205,1.2029874324798584,-1.298441107805986,3.059814453125,0.7397336690342219,0.0137368518517975,0.7413759543336046,11.52,0.05900317208,0.9336864017999996,0.3752110983999999,1.156800000000001,0.1175896145799999,4.087273120880127,4.032238006591797,0.05503511428833,0.0239689126610755,1.1993750473120393,2.296104,24.0,0.9986978651879868,low,True,https://di-india-collab.flow-analytics.io/tools/replay/2025-06-01T18:48:05Z,1,0.0010822166018926473,-6.828743932000414,3.9309367471384578
10955639_10955810,2025-06-01 18:48:31.948853970,4,4,1,0.1379790105710981,7.354911804199219,1.207763671875,0.3457276114111795,1.2694867849349976,6.089694499969482,1.45477557182312,-9.520929277562622,3.1279296875,0.8605582360871384,0.0236508817492063,0.8605926210605271,6.0,0.0411187319999999,1.0454848018,0.3648988657999999,1.156800000000001,0.1462332521,3.133871793746948,3.382103681564331,-0.2482318878173828,-0.085832267999649,1.2778230845628664,2.892058,30.0,0.9990287961140036,low,True,https://di-india-collab.flow-analytics.io/tools/replay/2025-06-01T18:48:31Z,1,0.7980768276664157,-0.2255504108952971,1.9183235465773385
10956129_10956160,2025-06-01 18:49:25.080423117,6,4,1,0.2887983211408442,7.490880012512207,1.768279790878296,-0.2117630948239054,2.34265685081482,4.236252784729004,1.7904930114746094,-2.338999365287556,3.3955078125,0.2782367034123801,0.009418606613393,0.3202317447745124,4.32,0.14735962414,0.4176975818,0.4290554042,1.1472000000000009,0.1750345425999999,3.2479751110076904,0.5243955850601196,2.723579406738281,0.9132215976715088,2.977510456531513,2.982386,31.0,0.9999623774803592,moderate,True,https://di-india-collab.flow-analytics.io/tools/replay/2025-06-01T18:49:25Z,1,2.893932133421848,1.0626161771471199,2.718183954909496
10956775_10956995,2025-06-01 18:50:30.829401970,4,4,1,0.0216426183137234,3.448986530303955,0.3249484300613403,0.1361128369631623,0.7768225073814392,10.613950729370115,2.461927890777588,0.0,3.10498046875,2.715131424407921,0.0540190809549215,2.715229411961818,4.08,0.0012958163,1.7815342639999994,0.35598961,1.1616000000000009,0.11068504886,1.1823997497558594,1.1801780462265017,0.0022217035293579,0.004004115704447,1.5575556125789674,0.554855,6.0,0.6716508818023441,low,True,https://di-india-collab.flow-analytics.io/tools/replay/2025-06-01T18:50:30Z,1,1.2871628822670914e-33,-75.73286758854942,12.545760112475147
10959245_10959260,2025-06-01 18:54:25.449117899,4,4,1,0.1011467151010336,7.402735233306885,1.0245537757873535,0.1411986479706037,0.6383225917816162,7.225326061248779,29.151464462280277,20.36066532435728,3.17333984375,6.796163188221226,0.1711406336384311,6.798203367016732,1.2,0.00145700286,2.013645017999999,0.3207956892,1.1424000000000007,0.1455655599,4.609492301940918,2.4784038066864014,2.1310884952545166,0.7124324440956116,2.288160951981051,2.991285,31.0,0.9947512531816683,moderate,True,https://di-india-collab.flow-analytics.io/tools/replay/2025-06-01T18:54:25Z,1,3.474542520858694e-06,-12.570047736287723,5.699551858746399
10959260_10959294,2025-06-01 18:54:27.642971992,4,4,1,0.1499197746263857,7.461858749389648,1.4984734058380127,-0.4498623683448546,1.6919162273406982,4.979640483856201,12.085827827453612,14.78963864339373,3.248046875,3.612005248124463,0.1130485876126197,3.6123049375024,3.84,0.00141674468,1.8616069539999995,0.3376110200000001,1.1472000000000009,0.148028534,4.42967700958252,2.498435735702514,1.9312412738800049,0.6673247814178467,2.941276892789165,2.894005,30.0,0.9889578038063276,moderate,True,https://di-india-collab.flow-analytics.io/tools/replay/2025-06-01T18:54:27Z,1,0.31087946277939715,-1.1683500214187141,3.0114563660468225
10959760_10960440,2025-06-01 18:55:39.258228063,4,6,1,0.1359938230204576,6.390377044677734,1.1491873264312744,0.1047244635011002,1.2832462787628174,5.560779094696045,6.714348793029785,14.394723135789503,3.290283203125,1.6227312498764064,0.0472889873162347,1.6253613818415986,5.279999999999999,0.00136905204,1.8033415019999997,0.3662335426000001,1.1472000000000009,0.1446515377999999,1.91854465007782,2.7522075176239014,-0.8336628675460815,-0.284684270620346,0.6566202194077202,2.928377,30.0,0.9973765020358908,low,True,https://di-india-collab.flow-analytics.io/tools/replay/2025-06-01T18:55:39Z,1,0.45770621954633506,-0.7815277427184819,3.3338044446395587
10961486_10961506,2025-06-01 18:56:35.039328098,4,4,1,0.0650706162780281,7.424752712249756,0.850566565990448,0.060006606459329,1.5173598527908323,8.729185104370117,3.0214569568634038,5.895059568624537,3.010498046875,3.3668016696804126,0.0753755094866809,3.366891237329164,6.96,0.00144582128,1.8078425299999996,0.3567133946,1.1424000000000007,0.1295581859199999,2.998345136642456,4.356002807617188,-1.3576576709747314,-0.4527350068092346,1.1635536351542055,2.998791,31.0,0.99373892216661,low,True,https://di-india-collab.flow-analytics.io/tools/replay/2025-06-01T18:56:35Z,1,0.021429402547603584,-3.842991349138501,4.645910921942121
10961486_10961627,2025-06-01 18:56:46.418869972,4,4,1,0.4245542226795293,7.381965160369873,2.028858423233032,-0.7226207440864221,1.855177640914917,3.638482093811035,0.4476232528686523,1.898495730102204,3.160400390625,0.1868113021098585,0.0069045763506869,0.2007028864661998,3.6,0.17503500258,0.4315532465,0.396928778,1.1376000000000008,0.1763200567999999,2.2575552463531494,0.0221172701567411,2.2354378700256348,0.7673310041427612,2.1944602437957053,2.913264,30.0,0.9999619005848228,moderate,True,https://di-india-collab.flow-analytics.io/tools/replay/2025-06-01T18:56:46Z,1,0.13374412374823516,-2.011826828763808,3.4243766885012605
10961628_10961862,2025-06-01 18:57:38.686476946,4,4,1,0.0360466412782177,7.03998613357544,0.6954217553138733,-0.0085291307834342,0.7362241744995117,10.123332977294922,9.51199436187744,22.34893917436164,3.05712890625,1.4632548700515269,0.0298158318162783,1.4645314771317703,9.6,0.00154367736,1.7406244859999995,0.3581319927999999,1.156800000000001,0.12656286128,5.3895463943481445,1.5448440313339231,3.844702243804932,1.3176720142364502,5.978055573168414,2.917799,30.0,0.998785159183554,serious,True,https://di-india-collab.flow-analytics.io/tools/replay/2025-06-01T18:57:38Z,1,0.028017437293530057,-3.5749282021585556,3.695228126715521
10961862_10962062,2025-06-01 18:57:39.891704082,4,6,1,0.1760945854531428,7.437296867370605,1.3206968307495115,-0.2441839312982429,1.5798752307891846,5.631342887878418,0.8952465057373047,-1.0804949330573834,3.53271484375,0.1310118170640583,0.0037231406168227,0.1952461176253039,5.52,0.1373160289,0.5752868480600003,0.4444025475999998,1.1424000000000007,0.14097695142,4.778743267059326,1.5762770175933838,3.2024662494659424,1.0884368419647217,3.34696726435771,2.942262,31.0,0.9997664802460404,moderate,True,https://di-india-collab.flow-analytics.io/tools/replay/2025-06-01T18:57:39Z,1,0.18604136491875514,-1.681786237958061,3.6198202919859166
10961990_10962068,2025-06-01 18:57:41.287286043,4,4,1,0.0696121013540526,7.260398864746094,0.8776516318321228,0.7147584424876232,1.4056031703948977,8.272529602050781,1.342869758605957,2.210137973032979,3.16064453125,0.5073214625516441,0.0115731159643979,0.5112760967132267,8.16,0.0949417627799999,0.9371824112,0.4053500843999999,1.152000000000001,0.12537902868,3.529039144515991,0.7878395915031433,2.741199493408203,0.942543923854828,2.013670400764839,2.908299,30.0,0.9837362414041364,moderate,True,https://di-india-collab.flow-analytics.io/tools/replay/2025-06-01T18:57:41Z,1,3.3097693097364735,1.1968784920165025,2.3522296989118425
10963646_10963723,2025-06-01 19:00:30.689635992,4,4,1,0.1453209807392907,7.245755672454834,1.1896950006484983,-0.1780196012531631,1.5600457191467283,6.090431213378906,17.065635681152344,8.392968803966601,3.052734375,4.581963641724702,0.1274005485120208,4.582740839837857,3.6,0.00140866756,1.9051625019999991,0.3112366086,1.1424000000000007,0.1462054266,3.9173619747161865,1.3335331678390503,2.583828926086426,0.8674356937408447,3.4094197212042854,2.978698,31.0,0.9791012258038172,moderate,True,https://di-india-collab.flow-analytics.io/tools/replay/2025-06-01T19:00:30Z,1,0.017795135225232038,-4.028830160991139,4.050625071602205
10964050_10964122,2025-06-01 19:00:40.174067020,4,4,1,1.0938428432550558,6.099802970886231,2.644110918045044,-1.3776135278116914,2.171222686767578,2.306939125061035,8.225077629089355,3.870601701181987,3.100341796875,0.3771351252355662,0.0183783050921951,0.4637617228226777,2.4,0.1378676502,0.935622053,0.3936933014,1.1184000000000007,0.2799405407999999,2.5193140506744385,2.0141961574554443,0.5051178932189941,0.1692509800195694,2.1568610029682462,2.984431,31.0,0.9997896863440048,moderate,True,https://di-india-collab.flow-analytics.io/tools/replay/2025-06-01T19:00:40Z,1,0.06131833815769305,-2.7916763264923246,3.7474272141989218
10964637_10964647,2025-06-01 19:01:28.624377966,4,4,1,0.1168360636140544,7.269626617431641,1.1664495468139648,0.0204540815452237,1.2017357349395752,6.232268333435059,2.2381162643432617,-2.946788506841852,3.220703125,0.8452704963017948,0.0229096318184904,0.8521464454265624,6.24,0.0432192617599999,1.0269075613999998,0.4095049125999997,1.156800000000001,0.1465086635,2.2692902088165283,0.0783249288797378,2.190965175628662,0.754258394241333,2.213856919860896,2.904794,30.0,0.9998186837381664,moderate,True,https://di-india-collab.flow-analytics.io/tools/replay/2025-06-01T19:01:28Z,1,5.4911806427579855,1.703143285726468,2.2421201044988988
10965596_10965744,2025-06-01 19:03:27.042992115,4,4,1,0.1013068257685822,6.335575103759766,0.9287821054458618,-0.4577274650476193,1.2528893947601318,6.8213791847229,12.085827827453612,3.5740080993816647,3.0869140625,0.3865835148971757,0.0098743550398373,0.3929957452985387,6.72,0.0973590697799999,0.5924626198,0.3941855279999998,1.1184000000000007,0.1341133935,3.73232626914978,0.0150541020557284,3.717272281646729,1.2394232749938965,3.169534287056456,2.9991950000000003,31.0,0.9700224758427384,moderate,True,https://di-india-collab.flow-analytics.io/tools/replay/2025-06-01T19:03:27Z,1,0.5559763840974136,-0.5870294602785676,3.403218573338529
10966126_10966202,2025-06-01 19:03:41.934339046,4,4,1,0.3145901389049451,6.644502639770508,1.781230092048645,-1.0966576729374875,2.7730612754821777,3.7302887439727774,9.567947387695312,11.077503323598386,3.33251953125,2.7794189534310725,0.1031444165982591,2.780664110515294,3.12,0.0014659861,1.8616149439999992,0.3578339536000001,1.1472000000000009,0.1631820988,4.6474456787109375,0.4328647553920746,4.21458101272583,1.4051207304000854,4.2300772180703285,2.999444,31.0,0.9990974537147862,serious,True,https://di-india-collab.flow-analytics.io/tools/replay/2025-06-01T19:03:41Z,1,0.03146077350289398,-3.4590137947854087,3.712951857661114
10966149_10966241,2025-06-01 19:03:44.334382057,4,4,1,2.229771775397146,7.439928531646728,3.3217389583587646,-1.4322359041819546,4.00360107421875,2.239769220352173,14.995378494262695,-1.134228085628047,3.0859375,1.104532711818602,0.0551953146360338,1.109243918312154,2.16,0.0015262886,1.2003076316,0.3713399956000001,1.1472000000000009,0.3212640302000001,4.751832485198975,0.0715502575039863,4.680282115936279,1.5623291730880735,4.390540329883119,2.995708,31.0,0.9454245135294516,serious,True,https://di-india-collab.flow-analytics.io/tools/replay/2025-06-01T19:03:44Z,1,1.8847394343877882e-05,-10.879135884719064,6.474071602033048
10966908_10966928,2025-06-01 19:04:42.766700983,4,4,1,0.3147662621423304,6.139193534851074,1.601167917251587,0.157698207871488,1.930501937866211,3.8341972827911377,0.7833406925201416,2.221339882606479,3.079833984375,0.0817154477354905,0.0029104681400418,0.0823720598868329,3.84,0.1288119724199999,0.4657104622600001,0.391426102,1.142400000000001,0.14401591002,2.3168203830718994,0.056891556829214,2.259928941726685,0.7539628148078918,2.2181757207763395,2.997401,31.0,0.9994818328139292,moderate,True,https://di-india-collab.flow-analytics.io/tools/replay/2025-06-01T19:04:42Z,1,0.1871987840117511,-1.675584210623465,3.3793638877908028
10966928_10966942,2025-06-01 19:04:44.175868988,4,4,1,0.0869331303609645,6.852609157562256,1.0803595781326294,0.5056180731583257,1.3692994117736816,6.342896461486816,0.3357174396514892,-0.6242993773239194,3.093017578125,0.3872410952345105,0.0103294314535981,0.3974323872577655,6.24,0.1064530902599999,0.595161589,0.3947096875999997,1.1136000000000008,0.14731881712,1.702647089958191,0.0323467105627059,1.6703003644943235,0.559276819229126,1.5571879305972431,2.986536,31.0,0.999971808491519,low,True,https://di-india-collab.flow-analytics.io/tools/replay/2025-06-01T19:04:44Z,1,2.0045948053254086,0.6954419482281429,3.0262479617871936
10968341_10968358,2025-06-01 19:07:12.640830994,4,4,1,0.0409987511197343,7.498079299926758,0.7166314721107483,0.3246857856887931,0.6501678228378296,10.462949752807615,4.923855781555176,-11.1750589413456,3.154296875,0.8984172766621944,0.0178887957443894,0.8984325789607079,10.32,0.03124195696,1.1228320075999998,0.3975246181999998,1.1616000000000009,0.12309621184,1.3782585859298706,0.1811459362506866,1.1971126794815063,0.4117602705955505,1.0450651886894649,2.907305,30.0,0.992920309866308,low,True,https://di-india-collab.flow-analytics.io/tools/replay/2025-06-01T19:07:12Z,1,1.2302115427679226,0.20718614058661217,2.4939930521061053
10968763_10969216,2025-06-01 19:09:04.976278067,4,4,1,0.9896758685296352,7.166160583496094,2.518437147140503,0.1862088416886828,2.9835972785949707,2.845479249954224,36.03367233276367,-12.661289567653077,3.11962890625,3.688387773118995,0.161164850112338,3.6938431876388114,2.16,0.00147732594,1.999249463999999,0.3005846648,1.1472000000000009,0.2832008709999999,3.625214576721192,0.3840458393096924,3.241168737411499,1.0814915895462036,3.170734208628414,2.996943,31.0,0.960477334103872,moderate,True,https://di-india-collab.flow-analytics.io/tools/replay/2025-06-01T19:09:04Z,1,2.5553377782244597e-08,-17.482496326207144,7.45600664487042
10969307_10969326,2025-06-01 19:09:07.272511005,4,4,1,0.1623832706838413,6.609699249267578,1.2710483074188232,0.0649970607626863,1.080783128738403,5.2001953125,0.2238116264343261,0.0,3.28271484375,0.3395758428166517,0.0101870435109809,0.3598359984781696,5.279999999999999,0.1138440671999999,0.4320646854,0.4323532687999998,1.1184000000000007,0.14705697182,1.4133551120758057,0.0259491465985775,1.3874059915542605,0.4790214300155639,3.101439374463588,2.896334,30.0,0.9999931829265812,moderate,True,https://di-india-collab.flow-analytics.io/tools/replay/2025-06-01T19:09:07Z,1,2.570353791280043,0.9440435514092586,1.8545510163489691
10969700_10969751,2025-06-01 19:09:41.464576006,4,4,1,0.1262369861043041,7.491466522216797,1.2619929313659668,-0.0021701167650515,1.152042031288147,5.936219215393066,2.461927890777588,8.696531019525775,3.08544921875,0.2740409271057404,0.0075859634971912,0.2886217210533011,6.0,0.1216872104599999,0.4060400066000001,0.3885690417999998,1.1424000000000007,0.14421199022,1.554796576499939,0.5073859691619873,1.0474106073379517,0.3500238358974457,1.3099247179634943,2.992398,31.0,0.9997828798968678,low,True,https://di-india-collab.flow-analytics.io/tools/replay/2025-06-01T19:09:41Z,1,1.5239674965473635,0.4213171293121883,2.949502905799492
10970394_10970449,2025-06-01 19:10:56.567497969,4,4,1,1.6547881147941286,7.315473079681396,3.12119722366333,-0.9051125779103392,3.887149572372437,2.343803644180298,11.63820457458496,2.4222069700018247,3.2646484375,1.971738028086619,0.0962903217457693,1.9722259683110768,2.16,0.00151649894,1.8530874019999992,0.3471694938000001,1.142400000000001,0.3307104662000001,4.326841354370117,0.0371842458844184,4.289657115936279,1.4303176403045654,3.724591872374357,2.999094,31.0,0.9550936913921952,moderate,True,https://di-india-collab.flow-analytics.io/tools/replay/2025-06-01T19:10:56Z,1,0.000199713698959802,-8.518625722199666,5.975135737573586
10970931_10971001,2025-06-01 19:12:25.383630991,4,4,1,0.1484298885370097,6.248246669769287,1.174953579902649,-0.1620641236465828,1.284360408782959,5.317866802215576,1.45477557182312,-0.7690530497999463,3.17578125,0.5394720457526021,0.0160212255928153,0.5394761094397507,5.279999999999999,0.08897051862,0.9462268914,0.3841202011999998,1.1520000000000008,0.1467533071,4.955843448638916,3.903181314468384,1.0526621341705322,0.3522831201553345,2.497044066731969,2.988114,31.0,0.9978740265942244,moderate,True,https://di-india-collab.flow-analytics.io/tools/replay/2025-06-01T19:12:25Z,1,1.1264354713174956,0.11905819679716996,1.5454285869412223
10970987_10971050,2025-06-01 19:12:31.967386007,4,4,1,0.1706017229743581,7.462011814117432,1.4664376974105835,-0.1754828845450417,1.2197359800338743,5.088529586791992,0.2238116264343261,-0.9475346996629634,3.29296875,0.0216036799129053,0.0006439956679603,0.0743128720619893,5.04,0.14196487854,0.4902022078399999,0.4237847794,1.132800000000001,0.13830851022,2.2989535331726074,2.479254961013794,-0.1803014278411865,-0.0622154921293258,2.0947359012420503,2.898015,30.0,0.9999711537810476,moderate,True,https://di-india-collab.flow-analytics.io/tools/replay/2025-06-01T19:12:31Z,1,0.7114747810392493,-0.3404153068601028,3.075026528079189
10971112_10971378,2025-06-01 19:12:34.573906898,4,4,1,0.0746127434992393,5.89479398727417,0.9279350638389589,0.0116200704367055,0.6467929482460022,6.352593421936035,0.0,1.358010644836608,3.234375,0.6348687359401529,0.0169779960147589,0.6359065227790092,6.24,0.0834424810599999,1.1730567414000002,0.4486449671999997,1.1664000000000008,0.13428781866,1.564307451248169,2.004769802093506,-0.4404623508453369,-0.1468920707702636,1.751165463292608,2.998544,31.0,0.9991066512094936,low,True,https://di-india-collab.flow-analytics.io/tools/replay/2025-06-01T19:12:34Z,1,0.009745970509770293,-4.630901360445732,4.099822424059949
10971118_10971152,2025-06-01 19:11:50.732131958,4,4,1,0.2307074279592106,7.352322101593018,1.5858670473098757,-0.3298068678236483,1.4118447303771973,4.636152744293213,0.5595290660858154,-1.0760904951168182,3.218017578125,0.0941601772169867,0.0029977599867479,0.1521962076002891,4.56,0.1406687332199999,0.4783478811600002,0.4249539297999999,1.1424000000000007,0.14547000002,1.9920741319656368,0.2169514596462249,1.7751226425170898,0.6132909059524536,1.3897715301236755,2.894422,30.0,0.9998929055140148,low,True,https://di-india-collab.flow-analytics.io/tools/replay/2025-06-01T19:11:50Z,1,1.87952466983515,0.6310189096795824,2.050549791517874
10971118_10971152,2025-06-01 19:12:34.071777105,4,4,1,0.1192756133196521,7.4361090660095215,1.2407679557800293,-0.3040362091569337,1.163870334625244,5.99315071105957,1.1190581321716309,0.4922129415687926,3.218017578125,0.0436689406215781,0.0011866261022071,0.044538102542935,6.0,0.12819229364,0.4896580169999999,0.4290233497999998,1.132800000000001,0.13933900312,3.999815225601196,2.422011375427246,1.5778038501739502,0.5441699624061584,3.692524745493869,2.899469,30.0,0.9994660390082464,moderate,True,https://di-india-collab.flow-analytics.io/tools/replay/2025-06-01T19:12:34Z,1,1.952714771296599,0.669220594785608,2.436898637801564
10971608_10971631,2025-06-01 19:12:55.852456093,4,4,1,0.0549948317205093,6.239990234375,0.7023203372955322,0.1902620492602621,0.5876245498657227,8.884820938110352,1.1190581321716309,-1.6466328165315405,3.1416015625,0.6341659732363343,0.013885651920724,0.6371297286832781,8.879999999999999,0.0800617009599999,0.9939669254,0.3886113319999998,1.1664000000000008,0.1187045701599999,5.946011543273926,2.1345839500427246,3.811427593231201,1.276346206665039,3.029688054770429,2.986202,31.0,0.9546060852777288,moderate,True,https://di-india-collab.flow-analytics.io/tools/replay/2025-06-01T19:12:55Z,1,0.01594506521734172,-4.138605888384754,3.4713784177198606
10971654_10971660,2025-06-01 19:12:56.958033085,4,4,1,0.1268605452489424,6.896880149841309,1.1525464057922363,0.1075074336793422,1.239640712738037,5.984036922454834,1.1190581321716309,-0.6904125577324348,3.32275390625,1.701884607173709,0.0474898251309473,1.706007172796414,5.52,0.0015052288,1.8033415019999997,0.3662335426000001,1.1520000000000008,0.1446515377999999,6.302889823913574,1.6574089527130127,4.645481109619141,1.5595703125,3.843124840508347,2.978693,31.0,0.9710090040340766,moderate,True,https://di-india-collab.flow-analytics.io/tools/replay/2025-06-01T19:12:56Z,1,0.1644632314535998,-1.805068250759751,4.181293105421666
10971777_10971797,2025-06-01 19:13:15.932950020,4,4,1,0.2178295095766726,7.304967403411865,1.4363921880722046,0.1347920162938996,1.45143723487854,5.085635662078857,1.342869758605957,12.888076739795435,3.35302734375,1.5262787183326891,0.0468899804095189,1.5291369747983052,4.8,0.0015052288,1.7406244859999995,0.3629914244,1.1520000000000008,0.1449869333999999,2.111488103866577,0.0104908579960465,2.10099720954895,0.7129064202308655,1.7921830276001638,2.947087,30.0,0.9941832943467944,low,True,https://di-india-collab.flow-analytics.io/tools/replay/2025-06-01T19:13:15Z,1,0.7789573622707436,-0.2497989685365032,2.732600344498345
10972633_10972659,2025-06-01 19:14:40.545062065,6,4,1,0.2238699065334459,7.461726665496826,1.61212956905365,-0.4758862530643952,1.691623330116272,4.628490447998047,0.8952465057373047,2.188782978364292,3.438232421875,0.1104750791040164,0.0035245837684786,0.1550502031302208,4.56,0.1403735997,0.45884988096,0.4263061722,1.1424000000000007,0.14732909422,2.572821140289306,0.1102720201015472,2.4625492095947266,0.8478918075561523,2.0219591063968965,2.90432,30.0,0.9999999642924564,moderate,True,https://di-india-collab.flow-analytics.io/tools/replay/2025-06-01T19:14:40Z,1,1.7434821562838834,0.555884352658417,2.51367815657857
10973774_10973987,2025-06-01 19:16:56.245215893,4,4,1,0.1120339932332659,7.352322101593018,1.4195199012756348,-1.6033523411311756,1.2740106582641602,5.179442882537842,0.0,8.70167013269372,3.042236328125,0.1722848231317573,0.0051562098578369,0.2263587445847849,5.279999999999999,0.1388347833,0.5778962894599999,0.4002644417999999,1.1376000000000008,0.14492325202,6.4798760414123535,6.390251636505127,0.0896244049072265,0.0308811906725168,1.528514414241657,2.902233,30.0,0.9999614928377436,low,True,https://di-india-collab.flow-analytics.io/tools/replay/2025-06-01T19:16:56Z,1,0.03952206766256667,-3.230896088074152,3.6832425004440794
10973985_10974037,2025-06-01 19:17:30.906862974,4,4,1,0.1392429498232558,7.352895736694336,1.4102351665496826,-0.4667721897113077,1.3207862377166748,5.213950157165527,13.456673622131348,-3.217359134398061,3.18505859375,1.700553448686177,0.051512839739452,1.7073429581682291,5.04,0.00145561094,1.8033415019999997,0.3494171666000001,1.1520000000000008,0.1481953129999999,4.062368869781494,1.231098175048828,2.831270694732666,0.9716070890426636,2.003493678624411,2.914008,30.0,0.9997343844401108,moderate,True,https://di-india-collab.flow-analytics.io/tools/replay/2025-06-01T19:17:30Z,1,1.5261044248107793,0.4227183609343661,2.1953017376878337
10973987_10974006,2025-06-01 19:16:38.453475952,4,4,1,0.6151375790835275,7.331255912780762,2.404090166091919,-1.3881040594362464,3.482829332351685,3.049492835998535,2.461927890777588,1.2963325104018395,2.967529296875,0.1236158729219365,0.0050612947621739,0.2114999013048308,3.12,0.19957777284,0.6353905946600001,0.3879784766,1.1376000000000008,0.2705736846,5.5299153327941895,0.1425766497850418,5.387338638305664,1.8002333641052246,3.779698193230427,2.992578,31.0,0.9995398872352708,moderate,True,https://di-india-collab.flow-analytics.io/tools/replay/2025-06-01T19:16:38Z,1,0.00048036469336981864,-7.640964964693628,4.758438265789733
10974186_10974221,2025-06-01 19:16:55.258491992,4,4,1,0.369100921328435,7.464041233062744,2.0303399562835693,-0.9687051530959454,3.1980018615722656,3.6762518882751465,0.7833406925201416,-2.4847773817771603,3.16796875,0.1648323419579195,0.0060495451430572,0.2236862824996555,3.6,0.1779506579799999,0.5632770598000002,0.3950984434,1.1376000000000008,0.1763200567999999,4.874948024749756,2.098944902420044,2.776003122329712,0.9324060678482056,3.2055440374443838,2.977247,31.0,0.99998827227931,moderate,True,https://di-india-collab.flow-analytics.io/tools/replay/2025-06-01T19:16:55Z,1,0.06603131370772176,-2.7176261993545845,2.6045222743045637
10975009_10975031,2025-06-01 19:18:14.686466932,4,4,1,0.1909688201187135,6.459425926208496,1.428304672241211,0.6158407934071526,2.1467089653015137,4.522442817687988,2.461927890777588,-0.6011014551448128,3.192626953125,0.2684436847962091,0.0087376639275148,0.2761671454686961,4.56,0.1174721450799999,0.3891793720000001,0.4360660701999998,1.1472000000000009,0.14880221802,2.6641671657562256,0.0269688963890075,2.637198209762573,0.908703088760376,2.566453211315846,2.902156,30.0,0.9990015547799852,moderate,True,https://di-india-collab.flow-analytics.io/tools/replay/2025-06-01T19:18:14Z,1,0.8464474042515554,-0.16670721253296736,2.4049501086312106
10975657_10975811,2025-06-01 19:19:53.814812899,4,4,1,0.5169203213433178,6.56648063659668,2.350948572158813,-1.4479039761887569,1.5689194202423096,2.7931196689605717,0.2238116264343261,0.0,3.221923828125,0.0639596530347156,0.0027467593096386,0.2146349624694397,2.88,0.19044045176,0.8603284240600004,0.4227084376,1.1376000000000008,0.2624567282,1.9636523723602293,4.784252166748047,-2.8205997943878174,-0.9692559242248536,2.139350832360365,2.910067,30.0,0.999965610163684,moderate,True,https://di-india-collab.flow-analytics.io/tools/replay/2025-06-01T19:19:53Z,1,1.6134563085714082e-06,-13.337131904487649,5.630778592572068
10977461_10977475,2025-06-01 19:22:36.393419981,4,4,1,0.2017503982722354,7.340046405792236,1.4701032638549805,-0.6895968621123407,2.1519596576690674,4.992877960205078,8.504841804504395,8.94978504424155,3.2373046875,2.931739672832362,0.0914788394233108,2.937669901378113,4.08,0.00144582128,1.8418615879999995,0.3587389050000001,1.1472000000000009,0.147633858,4.200107574462891,0.0680471584200859,4.132060527801514,1.384832501411438,3.0120719678862136,2.983798,31.0,0.9655941425977268,moderate,True,https://di-india-collab.flow-analytics.io/tools/replay/2025-06-01T19:22:36Z,1,0.6863196823405351,-0.3764117505620747,2.767694004924654
10978045_10978053,2025-06-01 19:23:37.849245071,4,4,1,0.0323247699470264,6.933839321136475,0.618552029132843,0.1025955061133426,0.6771459579467773,11.20979118347168,0.6714348793029785,-0.8472614647682543,3.1552734375,0.3850239802556142,0.0073142298051678,0.3904567840928627,11.28,0.0995444044,0.6172333442,0.4123351177999999,1.1184000000000007,0.1179429861799999,1.889719128608704,2.022620916366577,-0.1329017877578735,-0.044559009373188,1.1009546295391028,2.982602,31.0,0.9999057343621668,low,True,https://di-india-collab.flow-analytics.io/tools/replay/2025-06-01T19:23:37Z,1,0.19434713906041617,-1.6381093423458104,3.405503792302572
10978478_10979176,2025-06-01 19:25:40.773097038,4,4,1,27.97281773885091,3.970595121383667,15.87155818939209,-23.625845532718586,7.375797748565674,0.2501704692840576,169.31248474121094,0.0,3.17138671875,1.4805682374124751,0.2737885466901639,1.5392669042563938,0.24,0.0071939788,2.0377946059999985,0.2955132801999999,0.5279999999999998,1.3796456819999992,11.86395263671875,12.179498672485352,-0.3155460357666015,-1.6420150995254517,0.0,0.19217,3.0,0.9095424987221165,none,True,https://di-india-collab.flow-analytics.io/tools/replay/2025-06-01T19:25:40Z,-1,1.9695161665472662e-181,-416.0901139200746,29.852662630334237
10978500_10979176,2025-06-01 19:25:42.867531061,4,4,1,39.68837102254232,6.383955001831055,16.163171768188477,-2.5335893319207807,11.2914457321167,0.3949691951274872,170.20773315429688,-9.231554389310404,3.1787109375,1.2524131654936903,0.1762068171783561,2.073213898549936,0.48,0.0071939788,1.9927850459999985,0.3027921766,0.7199999999999998,1.3767113999999996,13.418424606323242,14.417790412902832,-0.9993658065795898,-1.2487577199935913,1.0038068060559222,0.800288,9.0,0.9854911643119646,low,True,https://di-india-collab.flow-analytics.io/tools/replay/2025-06-01T19:25:42Z,-1,1.3423244559858355e-164,-377.3295524712145,29.160737087582053
10978984_10979291,2025-06-01 19:25:54.666795015,4,4,1,0.2251837829767771,7.4385504722595215,1.5885299444198608,-0.4494228380198928,1.3223598003387451,4.682662963867188,0.5595290660858154,2.412831986055441,3.09619140625,0.5630549857487979,0.0180440252613755,0.5833862403128413,4.56,0.10297830708,0.8952745969999999,0.3830251403999999,1.156800000000001,0.1428260507,2.34212327003479,3.405935764312744,-1.063812494277954,-0.3662926852703094,0.8046679318298253,2.904269,30.0,0.999184748991151,low,True,https://di-india-collab.flow-analytics.io/tools/replay/2025-06-01T19:25:54Z,1,0.5824377234792182,-0.5405330117398571,3.4509985188712866
10979155_10979463,2025-06-01 19:26:12.840857983,4,4,1,0.9146872569576024,6.705351829528809,2.5533149242401123,-1.8786670348567167,2.197065591812134,2.62613582611084,20.143047332763672,8.767542458824222,3.087158203125,1.5466811173058408,0.0704621804090693,1.563213756044122,2.4,0.00151649894,1.7593467039999997,0.3301167634,1.142400000000001,0.2831313823999999,2.6452383995056152,3.2656328678131104,-0.6203944683074951,-0.2133634090423584,2.361649972907138,2.907689,30.0,0.9762433436945932,moderate,True,https://di-india-collab.flow-analytics.io/tools/replay/2025-06-01T19:26:12Z,1,0.005301658437840406,-5.239735594570984,3.1760413704195187
10979963_10980386,2025-06-01 19:27:42.450310946,4,4,1,0.1471817252625724,7.4162983894348145,1.3384953737258911,-0.1606870248810911,1.845578670501709,5.540772438049316,3.245268583297729,1.2682544003525076,3.009765625,2.4841173338275824,0.0727633916079849,2.489875127273266,4.8,0.00144582128,1.8078425299999996,0.3459239132,1.1472000000000009,0.1461787949,8.019841194152832,5.45627498626709,2.563566207885742,0.8577061891555786,2.5312644919595333,2.9888630000000003,31.0,0.9985954800799096,moderate,True,https://di-india-collab.flow-analytics.io/tools/replay/2025-06-01T19:27:42Z,1,0.12307771236991161,-2.0949393152308327,3.404285022980419
10980077_10980102,2025-06-01 19:27:18.366085052,4,4,1,0.0574413605733391,7.451620101928711,0.8704867959022522,-0.2250409882832256,0.8716991543769836,8.560290336608887,0.4476232528686523,0.0,3.23974609375,0.1950805212886612,0.0043313651003212,0.2088285341840364,8.64,0.1154420264599999,0.5478433936600002,0.4444142897999999,1.1328000000000007,0.1172651747399999,1.401443362236023,0.2852650582790375,1.116178274154663,0.3723368048667907,1.2189603088328094,2.997765,31.0,0.9992703805080662,low,True,https://di-india-collab.flow-analytics.io/tools/replay/2025-06-01T19:27:18Z,1,1.6094700954673484,0.4759049915700415,2.235309726331097
10981688_10981720,2025-06-01 19:29:40.145731926,4,4,1,0.0688060402669879,7.484179496765137,0.9685163497924804,-0.0247288365152328,1.233299732208252,7.727468490600586,1.342869758605957,0.9643886675788536,3.085693359375,0.9558143727761116,0.0228091187343752,0.958888720407639,7.68,0.0152438174799999,1.1796160556,0.3815721697999999,1.156800000000001,0.13955472606,3.406660556793213,0.8949219584465027,2.511738538742065,0.8649660348892212,1.9149791756052497,2.903858,30.0,0.9988124675810268,low,True,https://di-india-collab.flow-analytics.io/tools/replay/2025-06-01T19:29:40Z,1,2.4872864088124276,0.9111923205598824,2.9215417710452165
10982426_10982445,2025-06-01 19:30:54.579982042,6,4,1,3.455543098495312,6.1414995193481445,0.7331970930099487,0.3852114190032935,-3.4306650161743164,8.376328468322754,0.2238116264343261,-3.9241005331960026,3.72802734375,1.614161571257661,0.0368472566171507,1.616637738680191,7.68,0.0014075006,1.7595997339999994,0.3838902564000001,1.1472000000000009,0.12880822122,6.991062164306641,9.978565216064451,-2.9875030517578125,-1.0257257223129272,12.891794667197708,2.912575,22.0,0.9999972837684408,critical,True,https://di-india-collab.flow-analytics.io/tools/replay/2025-06-01T19:30:54Z,1,4.4582788254154215e-23,-51.464694360898875,9.592167855676927
10982426_10982445,2025-06-01 19:30:57.400724888,6,4,1,1.4743751995569878,5.722400188446045,3.2028496265411377,5.82899137770486,0.4367303848266601,1.7866590023040771,0.3357174396514892,-2.9007688987453712,3.72802734375,0.343881089804488,0.0195024353537278,0.4707812499999999,1.68,0.1840085527999999,0.8986896552000002,0.4253353888,1.108800000000001,0.3142615305999999,9.941976547241213,9.83002471923828,0.1119518280029296,0.0390201695263385,6.770128616081824,2.869076,29.0,0.9999124032491165,critical,True,https://di-india-collab.flow-analytics.io/tools/replay/2025-06-01T19:30:57Z,1,1.1618688979012819e-23,-52.80942731132407,11.388595304037558
10982426_10982445,2025-06-01 19:30:58.980171919,6,4,1,0.0295089341298121,5.512365341186523,0.4868343770503998,0.9070737630127076,0.2684135437011719,11.3228759765625,2.126210451126098,-1.5088344982123756,3.72802734375,1.6538456928446648,0.0315506825701401,1.653866742339302,10.32,0.0014075006,1.7951407239999997,0.3821387902,1.156800000000001,0.11651629686,10.26525592803955,10.108638763427734,0.1566171646118164,0.0536203309893608,4.251471273235209,2.920854,26.0,0.999868120036435,serious,True,https://di-india-collab.flow-analytics.io/tools/replay/2025-06-01T19:30:58Z,1,1.3663950895605787e-09,-20.411089886606366,6.1564729805611105
10982426_10982445,2025-06-01 19:31:04.778542042,6,4,1,0.0238159526220095,5.061535358428955,0.4336763918399811,1.0376353436222214,0.8159103393554688,11.671226501464844,0.0,3.953642936395257,3.72802734375,0.0945600647177023,0.0017365160977587,0.1027787748637821,11.76,0.0971508157399999,0.3689966351000001,0.4612595716,1.1376000000000008,0.1074768277599999,9.986489295959473,10.706298828125,-0.7198095321655273,-0.5203037261962891,3.169181132000217,1.383441,15.0,0.9998138501816888,moderate,True,https://di-india-collab.flow-analytics.io/tools/replay/2025-06-01T19:31:04Z,1,4.578131972643527e-21,-46.83299590418396,10.306039261256212
10982611_10982631,2025-06-01 19:31:23.081281900,4,4,1,0.577487037835143,6.130782127380371,2.010612964630127,-0.2318522892991863,2.542222023010254,3.049210548400879,12.30963897705078,-2.936575915880633,3.235107421875,1.7923170757680502,0.0747748548862856,1.8025883963783336,2.88,0.00129985486,1.8078425299999996,0.3593804578000001,1.142400000000001,0.1758412315999999,2.8714935779571533,0.0136584062129259,2.857835054397583,0.9529646039009094,2.978000221279843,2.998889,31.0,0.9949885899192196,moderate,True,https://di-india-collab.flow-analytics.io/tools/replay/2025-06-01T19:31:23Z,1,0.042689200602500865,-3.153809304025896,3.5268534750935174
10982611_10982631,2025-06-01 19:31:24.767528057,4,4,1,0.0666452561898466,5.5124592781066895,0.984179437160492,-0.5974177031264084,0.3390788435935974,5.601071357727051,7.60959529876709,-3.622696204398805,3.235107421875,0.5951878767341188,0.0171494267341487,0.5953927201816207,5.52,0.0829014751999999,0.9643065206,0.4575453775999999,1.156800000000001,0.13686553826,0.6751120090484619,0.0377200469374656,0.637391984462738,0.2183915078639984,1.4999535096766858,2.918575,30.0,0.9998971325089866,low,True,https://di-india-collab.flow-analytics.io/tools/replay/2025-06-01T19:31:24Z,1,0.008590760108872776,-4.757068059255515,3.2671882371185204
10982697_10982834,2025-06-01 19:31:53.171367884,4,4,1,0.0446662653658729,6.455848217010498,0.7630439400672913,-0.7992045695760343,0.357307493686676,8.460650444030762,6.714348793029785,-13.081650452068311,3.138427734375,1.302094553564897,0.0295022347649256,1.3025360152231371,8.16,0.00154367736,1.547720361999999,0.3679502158000001,1.1520000000000008,0.12880822122,0.7184841632843018,2.302903413772583,-1.5844192504882812,-0.5307156443595886,0.2698296806098503,2.985439,31.0,0.9820520652143658,low,True,https://di-india-collab.flow-analytics.io/tools/replay/2025-06-01T19:31:53Z,1,0.7533671173065704,-0.28320263040729315,2.6293257768512657
10983395_10983417,2025-06-01 19:32:51.918236017,4,4,1,0.072841487872148,7.476664543151855,0.8878923654556274,0.2654822444175372,1.1153197288513184,8.420687675476074,0.4476232528686523,2.187905538794254,3.224853515625,0.7006623842353886,0.0158512220463491,0.7022707484308048,8.4,0.06062762846,1.1060221706000002,0.4393449327999997,1.166400000000001,0.12874216066,1.705357551574707,0.0794075727462768,1.6259499788284302,0.5420975089073181,1.60218362908337,2.999368,31.0,0.9995936890899028,low,True,https://di-india-collab.flow-analytics.io/tools/replay/2025-06-01T19:32:51Z,1,0.3190744157438832,-1.1423309252084284,2.570876100526354
10983417_10983441,2025-06-01 19:32:53.534041882,4,4,1,0.1610354838691211,7.425726890563965,1.330173134803772,-0.2712391183012147,1.2260642051696775,5.582526683807373,2.90955114364624,2.539129653061683,3.089599609375,0.5958693514138204,0.0172031697626827,0.5969241482137434,5.52,0.09885033036,0.8899296978,0.3902637799999999,1.156800000000001,0.1429594552,1.729804277420044,0.0961712449789047,1.633633017539978,0.5465480089187622,1.567150097151972,2.989002,31.0,0.997654992505418,low,True,https://di-india-collab.flow-analytics.io/tools/replay/2025-06-01T19:32:53Z,1,7.479445474147871,2.0121586547660804,2.210018291391984
10984123_10984467,2025-06-01 19:34:40.565259933,4,4,1,0.0777261021266352,7.487977027893066,0.9186535477638244,0.5383022112215674,0.8276944160461426,8.151034355163574,7.050065994262695,-3.9694084043915248,3.003662109375,2.8920668698636134,0.0673746522257353,2.892172956515635,6.96,0.00144582128,1.8078425299999996,0.3567133946,1.1376000000000008,0.1372910486,5.45578145980835,4.069686412811279,1.3860950469970703,0.4649720191955566,1.601593385659165,2.981029,31.0,0.9955029587042596,low,True,https://di-india-collab.flow-analytics.io/tools/replay/2025-06-01T19:34:40Z,1,0.43878685357044034,-0.8237415109878459,3.1899679360952495
10984457_10984493,2025-06-01 19:34:29.464739084,4,4,1,0.0695406782154121,7.459170341491699,0.9485885500907898,-0.4196166927319975,1.335464596748352,7.863441467285156,4.70004415512085,-5.249426795757223,3.27001953125,2.1454176692843,0.0509553539473763,2.145455885594307,7.199999999999999,0.00145561094,1.8033415019999997,0.383610505,1.1520000000000008,0.1377504962999999,2.821704149246216,0.0128531055524945,2.8088510036468506,0.965412437915802,2.517921925215933,2.909483,30.0,0.9975721144867096,moderate,True,https://di-india-collab.flow-analytics.io/tools/replay/2025-06-01T19:34:29Z,1,1.7059097970322736,0.5340985737163195,2.2688162209411553
10984742_10984810,2025-06-01 19:34:57.745872021,4,4,1,1.334455163685743,7.4613752365112305,3.1263177394866943,-3.104555087144268,2.8500070571899414,2.3866336345672607,3.1333627700805664,-10.041117155527374,3.06689453125,0.4603307388390681,0.0220137325538236,0.4656710403517332,2.4,0.1939938401999999,0.9421087158,0.4006765032,1.1232000000000009,0.3224857142,4.1380696296691895,4.226684093475342,-0.0886144638061523,-0.0297118015587329,3.292253303019696,2.982467,31.0,0.9983900579682512,moderate,True,https://di-india-collab.flow-analytics.io/tools/replay/2025-06-01T19:34:57Z,1,8.11132675449337e-07,-14.024834201329138,6.09898658515373
10984867_10984894,2025-06-01 19:35:10.638391972,4,4,1,0.297106970213327,6.75652551651001,1.5898417234420776,0.0103717359649923,1.9597193002700808,4.249810218811035,0.8952465057373047,2.8810050103151,2.865478515625,0.6511091904847777,0.0221301159579885,0.6742561593402046,4.32,0.0868883514,0.9100657174,0.3736636693999998,1.1664000000000008,0.1426986183,2.4049174785614014,0.0410715416073799,2.3638458251953125,0.7928577065467834,2.9903766063928647,2.981425,31.0,0.9955673545532616,moderate,True,https://di-india-collab.flow-analytics.io/tools/replay/2025-06-01T19:35:10Z,1,1.5120230804128922,0.41344854246417645,2.65204053319105
10984894_10984912,2025-06-01 19:35:11.725446939,4,4,1,0.3645044493126149,7.4120001792907715,1.764248013496399,0.3877656108006139,2.625706195831299,4.201223373413086,4.476232528686523,0.0,2.961181640625,0.487663929976797,0.0166551308463748,0.5205811011959264,4.08,0.12109194828,0.8717746088000001,0.3993140636,1.152000000000001,0.1708673019999999,3.2093615531921387,0.0795756354928016,3.1297860145568848,1.046360969543457,2.641192995972641,2.991115,31.0,0.997453407502682,moderate,True,https://di-india-collab.flow-analytics.io/tools/replay/2025-06-01T19:35:11Z,1,1.6447817180897706,0.4976076812423327,2.4171680472664723
10986019_10986291,2025-06-01 19:37:37.743920088,4,4,1,1.2043013011592811,7.292893409729004,3.233325242996216,-6.125132903577193,3.519519805908203,2.255539655685425,13.316791534423828,10.476620459672771,3.1259765625,2.4776327155758726,0.123993933678713,2.491087046422016,1.92,0.00147934522,1.874413549999999,0.2968089440000001,1.1472000000000009,0.3250495992000001,7.218255043029785,4.362163066864014,2.8560919761657715,0.9539324641227722,3.5603762986231686,2.994019,31.0,0.9771629092708568,moderate,True,https://di-india-collab.flow-analytics.io/tools/replay/2025-06-01T19:37:37Z,1,1.3441509112120427e-08,-18.124918223026903,6.357592341488846
10986159_10986167,2025-06-01 19:37:22.643273115,4,4,1,0.0643553130008857,6.534726619720459,0.7963191270828247,-0.2618519963814379,0.5782392621040344,8.206165313720703,0.4476232528686523,0.0,3.24072265625,0.5887164319359433,0.0135086029202076,0.5889431918716381,8.16,0.0825755927999999,0.9687335974,0.4524223221999998,1.156800000000001,0.1209499300999999,0.977112352848053,0.01255071349442,0.964561641216278,0.3311239182949066,1.6582765946506413,2.912993,30.0,0.9990908685981558,low,True,https://di-india-collab.flow-analytics.io/tools/replay/2025-06-01T19:37:22Z,1,0.23590272005971497,-1.4443357620723942,2.4379900776000243
10986346_10986392,2025-06-01 19:38:08.873053074,4,4,1,0.2320488158934517,6.657009601593018,1.4524493217468262,-0.3289438941898147,1.73002827167511,4.583299160003662,1.7904930114746094,-4.582324090682795,3.062255859375,2.588202241446492,0.0849120873533251,2.589425675699404,3.84,0.00144582128,1.8065270399999995,0.3367167162000001,1.1472000000000009,0.147633858,2.6804897785186768,2.054063558578491,0.6264262199401855,0.2094768285751342,2.5562306623860795,2.990432,31.0,0.9809036079769956,moderate,True,https://di-india-collab.flow-analytics.io/tools/replay/2025-06-01T19:38:08Z,1,0.860786629033767,-0.14990862288093784,2.8636375986365326
10990040_10990160,2025-06-01 19:45:30.983582973,4,4,1,0.0895764166290945,6.005419731140137,0.9514679312705994,-0.0111522275517658,0.7612861394882202,6.311741828918457,18.8001766204834,5.15957040414731,3.122802734375,2.237580895678537,0.0606011392535279,2.23925724700508,5.52,0.00130964452,1.8078425299999996,0.3572236528,1.1472000000000009,0.1391263526999999,1.3162156343460083,0.010723534040153,1.3054920434951782,0.4525765776634216,1.598288993724699,2.884577,30.0,0.9846296581045936,low,True,https://di-india-collab.flow-analytics.io/tools/replay/2025-06-01T19:45:30Z,1,1.537844532613883,0.4303817818478937,2.8717948835640064
10990823_10990899,2025-06-01 19:46:49.273242950,4,4,1,0.063093551357488,7.31056022644043,0.9750957489013672,-0.5830566471840636,0.7389085292816162,7.497274398803711,2.461927890777588,-6.931370559765694,3.3017578125,0.2624029070809454,0.0063183186318917,0.2664840257162033,7.439999999999999,0.1152756980199999,0.4725842432999999,0.4508391901999997,1.1376000000000008,0.13356064798,1.0477226972579956,3.499591588973999,-2.451869010925293,-0.843450129032135,0.6740439885970934,2.906952,30.0,0.9999956189220758,low,True,https://di-india-collab.flow-analytics.io/tools/replay/2025-06-01T19:46:49Z,1,0.056495693439094136,-2.873590866051728,3.340731023252047
10991385_10991393,2025-06-01 19:47:52.823833942,4,4,1,0.1646804324053656,7.439145088195801,1.4412320852279663,-0.8842203284098242,1.8890581130981443,5.161656379699707,2.90955114364624,12.03502550557931,3.03759765625,1.2091141559131005,0.0367590949992131,1.2093047990162893,5.04,0.00154367736,1.5607465839999992,0.3483447366000001,1.1520000000000008,0.1478296563999999,3.859975576400757,0.332315057516098,3.527660608291626,1.176311492919922,3.315628507457737,2.998917,31.0,0.9988982787075577,moderate,True,https://di-india-collab.flow-analytics.io/tools/replay/2025-06-01T19:47:52Z,1,0.7853744252225748,-0.24159470011022505,2.968724332702608
10991501_10991531,2025-06-01 19:48:14.273789883,4,4,1,0.2392287526212539,7.445718288421631,1.6339151859283447,-1.0313541469122314,0.948082149028778,4.556979656219482,3.804797649383545,16.015889668488747,3.1220703125,0.4516869199315796,0.0146890044512638,0.4528471754024971,4.56,0.1146222450399999,0.8631931210000003,0.39391104,1.132800000000001,0.15484880656,1.3558977842330933,0.0167347528040409,1.339163064956665,0.4538570940494537,1.3045826780116494,2.950627,31.0,0.9999251612290484,low,True,https://di-india-collab.flow-analytics.io/tools/replay/2025-06-01T19:48:14Z,1,0.5403725433332679,-0.6154964822304113,3.1648208110489953
10991554_10991562,2025-06-01 19:48:20.975992918,4,4,1,0.0740728556956292,7.126524448394775,0.9121240973472596,-0.0053761729660163,0.9408546090126038,7.813108444213867,0.8952465057373047,-1.9400392918933569,3.17431640625,0.2889872361719585,0.0067939809874318,0.3089685323056023,7.92,0.1072030359799999,0.4206510361,0.4060373251999999,1.1280000000000008,0.1282246027,1.6767950057983398,0.0514761693775653,1.6253188848495483,0.5579053163528442,2.0420867778715057,2.913252,30.0,0.9996700604269916,moderate,True,https://di-india-collab.flow-analytics.io/tools/replay/2025-06-01T19:48:20Z,1,2.360917078503541,0.8590501361412199,2.84731087838666
10992309_10992317,2025-06-01 19:50:17.024219990,4,4,1,0.0900591073702074,7.494692325592041,1.1118789911270142,-0.7652402892092549,1.388715744018555,6.740564823150635,2.461927890777588,0.0,2.922607421875,2.576657747750388,0.0671697412732233,2.577515316167515,6.0,0.00144582128,1.8078425299999996,0.348003984,1.1424000000000007,0.14539571,4.993422031402588,1.865138053894043,3.128283977508545,1.0780160427093506,3.685234483896706,2.90189,30.0,0.9762768066939342,moderate,True,https://di-india-collab.flow-analytics.io/tools/replay/2025-06-01T19:50:17Z,1,0.6873443241505298,-0.374919912681504,2.471658411408562
10993953_10993974,2025-06-01 19:54:11.328161955,4,4,1,0.0993717200698942,7.45842981338501,1.138874650001526,-0.6047420853837895,1.4794554710388184,6.548946857452393,2.126210451126098,-1.907019175541524,3.23828125,0.0407564969388411,0.0010499595400101,0.0882722962826711,6.48,0.12437407928,0.4574647478400001,0.4357084339999998,1.132800000000001,0.13944566712,3.913290023803711,0.658898115158081,3.25439190864563,1.1191037893295288,2.80161224209752,2.908034,30.0,0.9985894098848744,moderate,True,https://di-india-collab.flow-analytics.io/tools/replay/2025-06-01T19:54:11Z,1,0.9299604012266312,-0.07261327306756374,3.315894979584283
10994346_10994369,2025-06-01 19:55:03.746314049,4,4,1,0.2357968342852388,7.397278308868408,1.450417399406433,0.4167699993762347,2.193809986114502,5.10010290145874,1.5666813850402832,8.702960915249081,2.927734375,0.0424801674229521,0.0012706004558707,0.0967561408565732,5.04,0.14196487854,0.4902022078399999,0.3899084661999999,1.132800000000001,0.13966858842,3.0157151222229004,0.1552929580211639,2.860422134399414,0.9831217527389526,2.295762021600749,2.90953,30.0,0.9999703816192672,moderate,True,https://di-india-collab.flow-analytics.io/tools/replay/2025-06-01T19:55:03Z,1,0.4802251774690835,-0.7335001653552009,2.957390653924471
10994369_10994403,2025-06-01 19:55:10.150561094,4,4,1,0.056355912926503,6.841198921203613,0.934411644935608,-0.5765259468368018,0.4919967651367187,7.321397304534912,2.90955114364624,0.0,3.112548828125,0.0420219978873901,0.0010131775435615,0.1187668035564398,7.439999999999999,0.1144817635599999,0.4574647478400001,0.3981930727999999,1.1376000000000008,0.1268276696,0.8205245733261108,0.1155361011624336,0.7049884796142578,0.2435862272977829,0.7004082161078279,2.894205,30.0,0.9996861308864988,low,True,https://di-india-collab.flow-analytics.io/tools/replay/2025-06-01T19:55:10Z,1,0.10995022848065919,-2.20772748394206,3.342356706884649
10994391_10994407,2025-06-01 19:55:03.462063074,6,4,1,0.1799964104837361,7.458217144012451,1.4842454195022583,-0.1092934341107819,2.499090671539306,5.024921894073486,2.126210451126098,-5.59406897213533,3.46044921875,0.810053145308995,0.0249541376369689,0.8176253159158922,5.04,0.0518883325799999,1.0250297479999997,0.4115662741999998,1.1616000000000009,0.1472136696999999,5.536898612976074,0.0950240194797515,5.441874504089356,1.8839083909988403,4.144485356967603,2.888609,30.0,0.9992937275584888,serious,True,https://di-india-collab.flow-analytics.io/tools/replay/2025-06-01T19:55:03Z,1,0.26765601701673775,-1.318052641481044,3.869848859099377
10994424_10994434,2025-06-01 19:55:08.050517082,4,4,1,0.0622246254779624,7.064228057861328,0.8357157111167908,-0.2050949043273645,0.8532226085662842,8.452908515930176,0.7833406925201416,1.2805184355519506,3.1513671875,0.0117035855745797,0.0002567107301521,0.0457202325086447,8.4,0.1130234123799999,0.45704802878,0.4069802085999999,1.132800000000001,0.1193397852799999,1.2738691568374634,0.022818611934781,1.251050591468811,0.4311593174934387,1.348832235678346,2.901597,30.0,0.9999649985239312,low,True,https://di-india-collab.flow-analytics.io/tools/replay/2025-06-01T19:55:08Z,1,1.366239180520246,0.3120618413703902,3.0584563735748223
10994753_10994783,2025-06-01 19:56:06.053204060,4,4,1,0.0619204211329576,7.475219249725342,0.9611510038375854,-0.8058372393671926,1.0170373916625977,7.777361869812012,0.3357174396514892,1.9902347016131663,3.052978515625,0.427178287252854,0.010097873146764,0.4327600374341421,7.68,0.1073845215599999,0.8718854616,0.4041237089999998,1.132800000000001,0.14454279892,5.243968486785889,3.743151187896729,1.5008172988891602,0.6466704607009888,2.1033997772278537,2.320838,24.0,0.9992236590772448,moderate,True,https://di-india-collab.flow-analytics.io/tools/replay/2025-06-01T19:56:06Z,1,0.006987326319205242,-4.9636572967375265,3.632043741790249
10995982_10996005,2025-06-01 19:57:48.889085054,4,4,1,0.1783667591813618,7.457847595214844,2.2203309535980225,-10.568177855095636,1.3563175201416016,3.3588900566101074,3.469080209732056,3.432726545156054,3.080078125,0.5073321463414288,0.0198042896351033,0.5086841411280486,3.36,0.13414016746,0.8881814926000001,0.4002930353999999,1.152000000000001,0.2480517068,10.818982124328612,7.487588405609131,3.3313937187194824,1.1513557434082031,7.878045967375379,2.893453,24.0,0.9760819529905426,critical,True,https://di-india-collab.flow-analytics.io/tools/replay/2025-06-01T19:57:48Z,1,1.5592470516481131e-18,-41.00232862834875,9.370440907399505
10995982_10996005,2025-06-01 19:57:53.784935951,4,4,1,0.091582211744949,7.425156593322754,1.0607799291610718,0.0203248076050078,0.7817182540893555,6.999714374542236,1.7904930114746094,-1.3123144764005263,3.080078125,0.0345511945593637,0.0008544899703724,0.0543606302851612,6.96,0.12437407928,0.4569205569999999,0.3922550085999999,1.132800000000001,0.13964106622,6.783395290374756,1.848710894584656,4.9346842765808105,1.6484483480453491,6.920408191756508,2.993533,31.0,0.99994041776593,critical,True,https://di-india-collab.flow-analytics.io/tools/replay/2025-06-01T19:57:53Z,1,0.005423124137652381,-5.217083220429577,4.370493335423264
10997345_10997372,2025-06-01 20:00:07.379991055,4,4,1,0.1072303288612588,6.903072357177734,1.0448864698410034,-0.1639750072596614,0.8405685424804688,6.6065287590026855,0.2238116264343261,-2.6188774494002365,3.1025390625,0.1118520540172814,0.0028868412208553,0.1643332958621176,6.72,0.11750195776,0.4691041384600001,0.3995519253999998,1.1424000000000007,0.14003309322,1.1626006364822388,0.0934986695647239,1.0691019296646118,0.3678568005561828,1.1986342642711898,2.906299,30.0,0.9995724632774724,low,True,https://di-india-collab.flow-analytics.io/tools/replay/2025-06-01T20:00:07Z,1,1.4379109039059499,0.3631912990385718,2.8560146060716147
10998292_10998313,2025-06-01 20:01:51.891849995,4,4,1,0.3639470844557338,7.461162567138672,1.962682127952576,-0.9961862600982144,2.134657859802246,3.801513433456421,0.2238116264343261,-1.2646015979864869,3.28466796875,0.0099201990710642,0.000349932653084,0.0761987532706408,3.84,0.18970857298,0.4994097845199999,0.4222886299999999,1.132800000000001,0.1755036187999999,3.034535646438598,1.317774772644043,1.7167608737945557,0.5729812979698181,2.4251828503561623,2.99619,31.0,0.999747410484257,moderate,True,https://di-india-collab.flow-analytics.io/tools/replay/2025-06-01T20:01:51Z,1,0.3757079730243172,-0.9789431048432107,2.924567679675889
10998313_10998344,2025-06-01 20:01:51.980340958,4,4,1,0.1985061500319781,7.3623433113098145,1.5341062545776367,-0.9403758699468922,1.9464988708496092,4.799108982086182,0.6714348793029785,1.2230934454762838,3.2763671875,0.838868443687346,0.026566266231738,0.8445251069388053,4.8,0.0435746366199999,1.0659644119999998,0.4038709903999998,1.1616000000000009,0.1436570002999999,4.817973613739014,1.1999273300170898,3.618046283721924,1.2072190046310425,3.013450275883059,2.9970090000000003,31.0,0.99927745605296,moderate,True,https://di-india-collab.flow-analytics.io/tools/replay/2025-06-01T20:01:51Z,1,1.5424545604156004,0.4333750179619429,2.855638592370121
10998326_10998353,2025-06-01 20:01:54.047677040,4,4,1,0.1382333435133092,7.480720520019531,1.3356252908706665,-0.3045045126874455,1.7512080669403076,5.600912570953369,2.90955114364624,-2.285820725717388,3.09716796875,0.2342234950792281,0.0067049904021109,0.2549867035634222,5.52,0.1330724767,0.4128713716000001,0.3974069497999998,1.1376000000000008,0.14075015422,4.331887722015381,2.4453911781311035,1.8864965438842771,0.6387113332748413,3.2501150350096832,2.953598,30.0,0.996755963035059,moderate,True,https://di-india-collab.flow-analytics.io/tools/replay/2025-06-01T20:01:54Z,1,1.8770750869954207,0.6297147605311597,2.13570094243565
10998696_10998716,2025-06-01 20:02:43.058979034,4,4,1,0.1102492661681876,7.020869255065918,1.0775103569030762,-0.1502948214483963,0.9660121202468872,6.515825271606445,3.1333627700805664,4.936051173484972,3.181884765625,1.286088758367939,0.0340449412891,1.28761515574594,6.24,0.00154367736,1.562163909999999,0.3567421708000001,1.156800000000001,0.1467284539,1.2957555055618286,0.0110283307731151,1.2847272157669067,0.4445556700229645,1.5942812498875931,2.889913,30.0,0.997275132707901,low,True,https://di-india-collab.flow-analytics.io/tools/replay/2025-06-01T20:02:43Z,1,1.2802522640254574,0.2470571397834522,3.044878857763288
10999081_10999148,2025-06-01 20:03:20.131458998,4,4,1,0.8992281581687641,7.365609169006348,2.7378478050231934,-1.5102692664515374,3.1109752655029297,2.6902916431427,6.938160419464111,-4.199569627162722,3.2197265625,0.0912052885251073,0.0040153395140455,0.1642264851963335,2.64,0.2106108955599999,0.5177697536600001,0.4266478131999999,1.132800000000001,0.278140067,3.659759521484375,0.1801058650016784,3.479653596878052,1.1635558605194092,3.162941097528115,2.990534,31.0,0.9903302905293,moderate,True,https://di-india-collab.flow-analytics.io/tools/replay/2025-06-01T20:03:20Z,1,0.015225607447175521,-4.184776568173836,3.491716855073797
10999777_10999799,2025-06-01 20:04:35.583457947,4,4,1,0.0625817120033356,7.476171493530273,1.028986930847168,-0.4422500955466965,1.2973008155822754,7.265564918518066,0.2238116264343261,-2.2693206947151845,3.2646484375,0.0787039673893322,0.0019146728438127,0.1031279592378447,7.199999999999999,0.12437407928,0.4300812361400002,0.4357618391999998,1.132800000000001,0.14016587862,3.2184457778930664,0.0215011201798915,3.1969447135925293,1.0703033208847046,2.836331590228318,2.986952,31.0,0.9997133667158726,moderate,True,https://di-india-collab.flow-analytics.io/tools/replay/2025-06-01T20:04:35Z,1,1.4807473079368814,0.3925468981330224,3.251837089447313
11000892_11000922,2025-06-01 20:06:17.563599110,6,4,1,0.219585175538467,7.481699466705322,1.6599769592285156,-0.4740556235069305,1.2186789512634275,4.507110595703125,7.60959529876709,13.414350401730903,3.318115234375,0.7655338711274028,0.0251519323720158,0.7835379242716793,4.56,0.05613329626,1.0318167267999998,0.4071946751999997,1.1616000000000009,0.1521461377,1.895363926887512,0.4476227760314941,1.447741150856018,0.4846191704273224,1.5857203940493547,2.987379,31.0,0.9901405286475258,low,True,https://di-india-collab.flow-analytics.io/tools/replay/2025-06-01T20:06:17Z,1,1.2552326901936095,0.22732096591017867,1.8715169100698825
11000922_11000947,2025-06-01 20:06:20.155637980,4,4,1,0.6481672347223102,7.240514278411865,2.2916083335876465,-0.3003894538195642,2.236732482910156,3.1595776081085205,4.923855781555176,2.409970203249819,2.975341796875,0.6374517483580957,0.0258489007217068,0.6383960760105926,3.12,0.1098188307799999,0.9332423091999996,0.3840607467999999,1.1664000000000008,0.2579598181999999,2.924625396728516,0.7652754783630371,2.1593499183654785,0.7221046686172485,10.02457903128478,2.990356,31.0,0.9985534583675816,critical,True,https://di-india-collab.flow-analytics.io/tools/replay/2025-06-01T20:06:20Z,1,8.402184116752332e-05,-9.384433779019629,5.2593040769582595
11001454_11001471,2025-06-01 20:07:24.639712095,4,4,1,0.033194334943231,7.493910312652588,0.6913684606552124,-0.4172804917614706,0.5993806719779968,10.839241981506348,0.4476232528686523,-2.249385980525874,2.969970703125,0.1605144043945794,0.0030919736861319,0.162254382622399,10.8,0.1113469686199999,0.4698401355200002,0.4062717933999999,1.1472000000000009,0.1117170962799999,1.3868305683135986,0.0283580906689167,1.358472466468811,0.4530136585235595,1.6841911119448076,2.998745,31.0,0.9974428554738786,low,True,https://di-india-collab.flow-analytics.io/tools/replay/2025-06-01T20:07:24Z,1,0.12172630303772924,-2.105980172203946,3.7252001328615756
11002047_11002067,2025-06-01 20:08:40.224921942,4,4,1,0.1530198318391444,6.2162370681762695,1.3336399793624878,-1.3329172415335746,2.6789121627807617,4.661105632781982,0.5595290660858154,3.390024719150631,3.209716796875,1.7716039253735556,0.057388955425539,1.772371348028539,4.32,0.00130964452,1.8033415019999997,0.3750714506000001,1.1472000000000009,0.1426030024999999,6.814128875732422,2.092367172241211,4.721761703491211,1.5826753377914429,8.390423800158693,2.983405,31.0,0.934514777383981,critical,True,https://di-india-collab.flow-analytics.io/tools/replay/2025-06-01T20:08:40Z,1,0.0027559664871742605,-5.893987085855942,4.118724834427645
11002067_11002083,2025-06-01 20:08:46.022110939,4,4,1,0.7286943341323885,7.284686088562012,2.3294472694396973,-0.5055038703315453,2.6826629638671875,3.1272165775299072,4.70004415512085,2.2856315034092405,3.002197265625,0.4945798966092824,0.0201430161858497,0.494865374512707,3.12,0.13126049606,0.9101957416,0.3988113741999999,1.152000000000001,0.2575939148,3.0347917079925537,0.1529034823179245,2.8818881511688232,0.9931405186653136,2.662312146784416,2.901793,30.0,0.9965273344338684,moderate,True,https://di-india-collab.flow-analytics.io/tools/replay/2025-06-01T20:08:46Z,1,0.033292678630928337,-3.40241776710178,3.8763647255189504
11002656_11002674,2025-06-01 20:10:14.220649004,4,4,1,0.1127407474344004,6.209871292114258,1.0681865215301514,0.0640190838359395,1.2130374908447266,5.813470840454102,0.7833406925201416,-2.504087388610276,3.1552734375,0.2933667621340001,0.0082266260773286,0.2965458701870591,5.76,0.10208341802,0.3950660441000002,0.4046817913999997,1.1376000000000008,0.14395419892,1.6326334476470947,0.0249494221061468,1.6076840162277222,0.552311360836029,2.388211208045841,2.910829,30.0,0.999895335018615,moderate,True,https://di-india-collab.flow-analytics.io/tools/replay/2025-06-01T20:10:14Z,1,1.0841742288060734,0.08081861778302415,3.0162512365423364
11002674_11002685,2025-06-01 20:10:15.123064041,4,4,1,0.0843475233880903,5.772459506988525,0.936271071434021,0.1801106458010524,1.2137378454208374,6.165371894836426,0.4476232528686523,1.5327047150858988,3.067626953125,0.3695662089049538,0.0100228885625691,0.3812656406883939,6.24,0.0973590697799999,0.5864893016,0.3970135153999998,1.1184000000000007,0.1341133935,1.583074688911438,0.0263291113078594,1.556745529174805,0.5190761089324951,2.3862928700240924,2.99907,31.0,0.9997773007441364,moderate,True,https://di-india-collab.flow-analytics.io/tools/replay/2025-06-01T20:10:15Z,1,0.9328751704594175,-0.06948388080578115,3.151234455400679
11003819_11004100,2025-06-01 20:13:57.653424978,4,4,1,0.0559149875510935,7.428773880004883,0.930597484111786,-0.4459058395734609,1.0385046005249023,7.982800483703613,15.49895477294922,21.96932536645905,3.087646484375,2.7344753666247974,0.0644748173702902,2.73510872026784,6.96,0.00144582128,1.8078425299999996,0.3562895288000001,1.1424000000000007,0.1353491088,3.950657606124878,3.986018419265747,-0.0353608131408691,-0.011796535924077,1.5032951935263763,2.997559,31.0,0.9926334599716036,low,True,https://di-india-collab.flow-analytics.io/tools/replay/2025-06-01T20:13:57Z,1,0.5459428460652029,-0.6052409862525661,3.393305646680053
11004127_11004162,2025-06-01 20:13:48.655126095,4,4,1,0.0235325115016274,4.209944725036621,0.3969321548938751,0.1105345638135391,0.0976650714874267,10.606206893920898,135.0703125,221.2984395567368,3.030029296875,3.6742215679225807,0.0732875518075972,3.675358632578812,2.64,0.00129985486,1.7949644339999995,0.3594081578,1.156800000000001,0.1175345369999999,0.4031368196010589,0.0236751977354288,0.3794616162776947,0.1269260346889495,0.677691592563888,2.989628,31.0,0.5909673307799572,low,True,https://di-india-collab.flow-analytics.io/tools/replay/2025-06-01T20:13:48Z,1,7.997691590662365e-23,-50.88030418998932,10.227799783880641
11006049_11009047,2025-06-01 20:23:54.630466938,4,4,1,0.0216951551702981,2.22072982788086,0.2280336171388626,0.1904436090117102,-0.2829128503799438,9.738607406616213,174.90777587890625,40.17630264354708,2.43212890625,1.71875,0.0358804270615659,1.7189097937082825,3.84,0.00123717028,1.7848578199999994,0.3417627946000001,1.180800000000001,0.11465384476,0.3798089027404785,0.178505390882492,0.2013035118579864,0.0674861297011375,1.2574488832296429,2.982887,30.0,0.1620579663700822,low,True,https://di-india-collab.flow-analytics.io/tools/replay/2025-06-01T20:23:54Z,1,3.6951367760370504e-31,-70.07312031258152,12.059649439200086
11006507_11006540,2025-06-01 20:17:41.993936062,4,4,1,0.0946028981381862,6.716387748718262,0.89055997133255,-0.5127222123557287,0.3952647149562835,7.541758060455322,0.8952465057373047,0.0,3.35693359375,0.3200489962653795,0.0076899204734854,0.3288236354268534,7.439999999999999,0.1065428544399999,0.4040515459,0.4407412023999998,1.1232000000000009,0.1236111978399999,0.74565190076828,0.0244514867663383,0.7212004065513611,0.2411674559116363,2.544944102682662,2.990455,31.0,0.9998241037698016,moderate,True,https://di-india-collab.flow-analytics.io/tools/replay/2025-06-01T20:17:41Z,1,1.65965804061009,0.5066115815151373,1.9901707981019165
11006650_11006941,2025-06-01 20:18:35.547302008,4,4,1,1.211465903083632,5.990115165710449,2.613529682159424,-0.9791367327103913,2.1399247646331787,2.291963815689087,11.414392471313477,-2.189738186764306,3.078857421875,0.5426390771541214,0.0266140734301741,0.6185784351546881,2.16,0.12251931812,0.9016931234,0.3944621107999999,1.171200000000001,0.2874083299999999,2.4501914978027344,1.2514376640319824,1.198753833770752,0.4009919762611389,2.2751890843913665,2.989471,31.0,0.990592844313796,moderate,True,https://di-india-collab.flow-analytics.io/tools/replay/2025-06-01T20:18:35Z,1,0.0010429070850466187,-6.865743191259053,4.5130823365334045
11006659_11006675,2025-06-01 20:17:57.065836906,4,4,1,0.1607983233714982,6.129960536956787,1.3070294857025146,0.2999660017441324,1.4088164567947388,4.689993858337402,2.0143046379089355,0.1244317043144029,3.18798828125,0.706980607253999,0.0226713410047203,0.712555858898642,4.56,0.06185158252,1.1063223990000004,0.3886770843999998,1.1712000000000011,0.1433625031,1.7168219089508057,0.0074024400673806,1.7094194889068604,0.5881608724594116,2.280493210841573,2.906381,30.0,0.9999570431026196,moderate,True,https://di-india-collab.flow-analytics.io/tools/replay/2025-06-01T20:17:57Z,1,5.169728669702479,1.6428202054608203,2.136987353388403
11007550_11007650,2025-06-01 20:19:52.743679047,4,4,1,0.0646624184576858,7.263742923736572,0.9919784665107728,-0.9723019540432056,0.5758190155029297,7.32248067855835,5.707196235656738,-7.176675176979896,3.1435546875,0.1788654675200422,0.0043561257764186,0.2138038130274758,7.199999999999999,0.11379450984,0.5955005790600001,0.4081098495999998,1.1328000000000007,0.13420051468,0.9445074200630188,2.623699903488159,-1.6791925430297852,-0.5727705359458923,0.9275898812292211,2.931702,30.0,0.9996393265116384,low,True,https://di-india-collab.flow-analytics.io/tools/replay/2025-06-01T20:19:52Z,1,0.4157774544553003,-0.87760512711752,2.195382891298855
11007571_11007627,2025-06-01 20:19:54.767514944,4,4,1,0.0330984760219399,7.346805095672607,0.646597683429718,0.4624686666582012,0.8316760063171387,11.36225128173828,12.981074333190918,2.984561804665923,3.1728515625,5.779288265489766,0.1109923974881143,5.779300314320749,4.32,0.00141674468,1.8616069539999995,0.3402086322,1.1424000000000007,0.12779928474,3.861120223999024,1.065684795379639,2.7954354286193848,0.9601756930351256,2.383681923173065,2.911379,30.0,0.985787476308174,moderate,True,https://di-india-collab.flow-analytics.io/tools/replay/2025-06-01T20:19:54Z,1,1.6224401444828281e-06,-13.331579279968327,5.719723464281439
11007650_11007681,2025-06-01 20:19:53.948523998,4,4,1,0.923264553036478,7.437303066253662,2.724431276321411,-0.8252815279308346,2.892205715179444,2.729855298995972,2.350022077560425,4.160262002484302,3.051025390625,0.5439768469166711,0.0240399074603666,0.58152294944814,2.64,0.14013080292,0.903576351,0.3908373047999999,1.1472000000000009,0.2894805734,3.38564395904541,2.421614646911621,0.9640293121337892,0.3291935920715332,1.8684741636197288,2.928457,30.0,0.996320034204123,low,True,https://di-india-collab.flow-analytics.io/tools/replay/2025-06-01T20:19:53Z,1,0.033620827564926216,-3.392609536048038,3.6557001009513193
11007785_11007827,2025-06-01 20:20:15.357202053,4,4,1,0.1042254196528349,7.4721527099609375,1.0589367151260376,0.0371049345902589,0.7625718116760254,7.056278705596924,16.953731536865234,23.01536123347678,3.05419921875,6.48641169840256,0.165607476739979,6.487630602630026,1.68,0.00140664828,1.991698517999999,0.3204386248,1.1424000000000007,0.1455655599,5.621147632598877,3.662488460540772,1.9586591720581052,0.6529368758201599,1.935071274662432,2.999768,31.0,0.9998187834333884,low,True,https://di-india-collab.flow-analytics.io/tools/replay/2025-06-01T20:20:15Z,1,1.590908777848124e-05,-11.04862005362033,5.420547315357465
11007906_11007930,2025-06-01 20:20:26.242866993,4,4,1,0.4672764504635077,7.459820747375488,2.15274977684021,-0.8338507720235153,2.8861050605773926,3.465252161026001,2.461927890777588,-5.899609116309756,2.990234375,0.3646616663776802,0.0139406783697835,0.4203110188170926,3.36,0.1530781833399999,0.6438296276000003,0.3929193652,1.1136000000000008,0.2326395071999999,3.734642267227173,1.7280361652374268,2.006606101989746,0.6916440725326538,3.5124582720944515,2.901212,30.0,0.9998931971342628,moderate,True,https://di-india-collab.flow-analytics.io/tools/replay/2025-06-01T20:20:26Z,1,0.3529337781430346,-1.041474836975934,2.91785991554783
11009047_11009930,2025-06-01 20:25:32.513861895,4,4,1,0.0480612411663667,2.450286865234375,0.2661023736000061,0.7791622094625626,0.0199423134326934,9.20806121826172,160.02430725097656,9.49807004777708,2.392333984375,1.719300902158572,0.0371105712276385,1.7198327721278066,4.56,0.00119872172,1.7848578199999994,0.3499689694,1.171200000000001,0.11465384476,0.328789621591568,0.9545117020606996,-0.6257220506668091,-0.2086439728736877,2.163415246354195,2.998994,13.0,0.304754352192168,moderate,True,https://di-india-collab.flow-analytics.io/tools/replay/2025-06-01T20:25:32Z,1,3.499615029025612e-48,-109.27143149297532,14.96979501333413
11009047_11009930,2025-06-01 20:25:41.709642887,4,4,1,1.274037593143,1.7483251094818115,0.2278944998979568,0.9172242150870416,-0.099406361579895,7.671642303466797,179.94454956054688,-179.82636276164396,2.392333984375,0.7184386765959804,0.0171843658189073,0.7189072335793446,6.48,0.0386788500999999,0.9146458469999998,0.4055547425999998,1.1712000000000011,0.1107964161199999,0.3829099833965301,0.2247990518808365,0.1581109315156936,0.0532756485044956,2.026157882796844,2.96779,30.0,-0.1938731001516317,moderate,True,https://di-india-collab.flow-analytics.io/tools/replay/2025-06-01T20:25:41Z,1,9.073417303074624e-53,-119.83166096560834,15.524017076633324
11009047_11009930,2025-06-01 20:26:45.763782024,4,4,1,0.0395467508106458,2.048484563827514,0.3156455457210541,-0.2427342588147448,-0.1841118335723877,6.48982572555542,54.94575500488281,16.88167389372256,2.392333984375,1.4967938253729942,0.0397593942537173,1.4974392169786677,3.12,0.00119872172,1.7174634859999995,0.3509553214000001,1.171200000000001,0.11450254076,0.3629335165023803,0.934392511844635,-0.5714589953422546,-0.1907788664102554,0.4106328630865995,2.9954,31.0,0.5219646727215627,low,True,https://di-india-collab.flow-analytics.io/tools/replay/2025-06-01T20:26:45Z,1,5.915194434964328e-14,-30.458666933519474,8.026756078273015
11009517_11009526,2025-06-01 20:24:07.304235935,4,4,1,0.1293885931328783,7.469011306762695,1.1290138959884644,0.3208273626124693,1.2930723428726196,6.615517616271973,2.0143046379089355,-7.142916573068134,3.357421875,1.2702943928175732,0.0333210132993086,1.2719043781158674,6.48,0.00154367736,1.562163909999999,0.3805691852000001,1.156800000000001,0.1473683206,1.8705509901046755,0.0575525648891925,1.812998414039612,0.6079697012901306,2.4440202887658398,2.982054,31.0,0.9985579555426098,moderate,True,https://di-india-collab.flow-analytics.io/tools/replay/2025-06-01T20:24:07Z,1,1.8753863378741495,0.6288146850638472,2.6043429947247443
11010050_11010123,2025-06-01 20:25:48.654983044,4,4,1,1.7248393321338744,6.518303394317627,2.966700315475464,-1.5049520050990104,2.872768878936768,2.1971559524536133,1.342869758605957,1.6624086317173676,3.03173828125,0.5534303257608579,0.027839269671773,0.5570581651688236,2.16,0.1322990995,0.8457093954000001,0.3983990548,1.1472000000000009,0.2980294563999999,3.21282696723938,1.0495951175689695,2.16323184967041,0.7397204637527466,2.55571221094798,2.924391,30.0,0.9990674917051088,moderate,True,https://di-india-collab.flow-analytics.io/tools/replay/2025-06-01T20:25:48Z,1,0.0033236997571532054,-5.706676731834737,4.181140438421347
11010084_11010109,2025-06-01 20:25:51.169871092,4,4,1,0.0133245413066789,3.1151797771453857,0.2729377746582031,0.1029746077973876,0.6516790390014648,11.4135160446167,0.6714348793029785,-1.7054961934335715,3.2373046875,2.6162597217650565,0.0498339322862907,2.616260205361501,3.36,0.00127878426,1.7848578199999994,0.3834089588,1.166400000000001,0.11068504886,1.8972617387771609,10.419313430786133,-8.522051811218262,-2.8554847240448,0.0,2.98445,22.0,0.5750847838257349,none,True,https://di-india-collab.flow-analytics.io/tools/replay/2025-06-01T20:25:51Z,1,2.7452451427017665e-32,-72.67285259966175,10.120165844501335
11010363_11010385,2025-06-01 20:26:46.166047096,4,4,1,0.3043542486492133,6.358170509338379,1.6021230220794678,-0.0370282036377628,1.449721097946167,3.96859073638916,1.7904930114746094,-1.070675474514584,3.027587890625,0.0794355564735668,0.0027712157239775,0.1962894025960988,4.08,0.1284887414199999,0.6432495769600002,0.3917158612,1.1472000000000009,0.14622352542,1.753093123435974,0.0085361935198307,1.744556903839111,0.5841124057769775,1.1901163688523075,2.98668,31.0,0.9995682633551858,low,True,https://di-india-collab.flow-analytics.io/tools/replay/2025-06-01T20:26:46Z,1,0.0146510105688851,-4.223245965086858,3.7984538591248342
11010456_11010484,2025-06-01 20:27:36.375700951,4,4,1,0.0871988594046861,7.487335681915283,1.180538535118103,-1.17473598795626,1.4040114879608154,6.3423051834106445,7.385783672332764,8.306731963790487,3.087158203125,3.163062639783212,0.0856272083319243,3.1643612088937574,5.279999999999999,0.00144582128,1.8065270399999995,0.3367242038000001,1.1424000000000007,0.1462054266,3.795114278793335,2.545931339263916,1.249182939529419,0.4166469275951385,1.193049966652615,2.998181,31.0,0.9839961134984184,low,True,https://di-india-collab.flow-analytics.io/tools/replay/2025-06-01T20:27:36Z,1,0.5785399517383661,-0.5472476738196627,2.7987541318611933
11010484_11010643,2025-06-01 20:27:36.470002890,4,4,1,0.0396371539022077,7.472932815551758,0.8205965757369995,-0.4965092567213042,0.898813009262085,9.106707572937012,1.7904930114746094,9.901607544423282,3.085205078125,0.99575231925563,0.0215526922563279,0.9972064618418106,8.879999999999999,0.00218439716,1.1755512766,0.4019284517999999,1.156800000000001,0.12614498838,4.6053900718688965,2.728020429611206,1.8773696422576904,0.6260221004486084,2.0445581822916234,2.998887,31.0,0.9983505550787224,moderate,True,https://di-india-collab.flow-analytics.io/tools/replay/2025-06-01T20:27:36Z,1,0.3057476260119632,-1.184995268919363,3.812793508588738
11010938_11010965,2025-06-01 20:28:15.133021116,4,4,1,0.2008466466230181,6.849704742431641,1.3856624364852903,-0.2096999586157817,1.198939561843872,4.943270683288574,4.252420902252197,2.977702526185135,3.240234375,0.522142171306941,0.0161928482332661,0.5458687729529471,4.8,0.1043854683799999,0.949008362,0.4275842909999998,1.152000000000001,0.143160131,1.5381308794021606,0.0475141108036041,1.490616798400879,0.5006448030471802,1.2751686349221487,2.977394,31.0,0.9976732633759436,low,True,https://di-india-collab.flow-analytics.io/tools/replay/2025-06-01T20:28:15Z,1,2.095325065710779,0.7397087039680685,1.9153056077269346
11011576_11011608,2025-06-01 20:30:19.010046959,6,4,1,0.1917753175667655,7.207412242889404,1.5824639797210691,-1.9528963063738585,0.5278550982475281,4.554550647735596,1.342869758605957,2.29536152490817,3.406982421875,0.3081667494849013,0.0099980722207221,0.3089382042804446,4.56,0.1245722976799999,0.3833652306,0.4338144141999999,1.1136000000000008,0.14331595902,0.8866295218467712,3.744861602783203,-2.858232021331787,-0.9570507407188416,2.5035992935899847,2.9865,31.0,0.9986453082718036,moderate,True,https://di-india-collab.flow-analytics.io/tools/replay/2025-06-01T20:30:19Z,1,0.0011109273652738806,-6.802560148253152,5.767544068197063
11011576_11011608,2025-06-01 20:30:27.152666092,6,4,1,0.1008367697439475,6.506414890289307,1.033552646636963,-0.2022677332000717,0.9770203232765198,6.295194625854492,9.623899459838867,14.534560704873366,3.406982421875,1.8535074776070932,0.0502115205840829,1.8536929598551384,5.76,0.00144582128,1.8033415019999997,0.3752533728000001,1.1472000000000009,0.1411800508999999,1.8316633701324463,0.0645773038268089,1.7670860290527344,0.6005720496177673,3.528334057585249,2.942338,30.0,0.9640724152129994,moderate,True,https://di-india-collab.flow-analytics.io/tools/replay/2025-06-01T20:30:27Z,1,1.734117334530473,0.5504985430416349,2.61687000352324
11011931_11012037,2025-06-01 20:31:59.432574987,4,4,1,0.0475888780944957,5.962596416473389,0.6771166920661926,-0.0383648104404317,0.5607144832611084,8.805862426757812,7.833406925201416,-5.4228316773930025,3.2041015625,0.5349237431055004,0.0117611123557399,0.5388077806257909,8.64,0.0817386258799999,0.9479196432,0.4500284193999999,1.1520000000000008,0.1173277048799999,0.8765021562576294,0.0323124900460243,0.8441896438598633,0.2814927101135254,0.9481598144428268,2.998975,31.0,0.9973878252940162,low,True,https://di-india-collab.flow-analytics.io/tools/replay/2025-06-01T20:31:59Z,1,0.1705686584535893,-1.768617374438615,2.675983391504337
11012084_11012323,2025-06-01 20:32:21.373927116,4,4,1,0.152094462489976,7.084630489349365,0.9480165243148804,-2.5621892679028484,0.2688360214233398,7.473108768463135,63.81428909301758,-62.08275223338725,2.979736328125,6.778641239941961,0.1673001776913116,6.784768682379569,0.72,0.00138706896,1.998920291999999,0.3408066815999999,1.1232000000000009,0.14274849684,3.941154003143311,4.8576741218566895,-0.9165201187133788,-0.3056696355342865,1.98530249007672,2.998401,31.0,0.9512033483763928,low,True,https://di-india-collab.flow-analytics.io/tools/replay/2025-06-01T20:32:21Z,1,1.3896067435895141e-08,-18.091659955119617,6.801388945210611
11012121_11012272,2025-06-01 20:33:02.763463974,4,4,1,0.0498092575616026,7.472267150878906,0.817400336265564,-0.2799806182768584,1.0209367275238037,9.141502380371094,5.763149261474609,-3.12455570601786,3.113037109375,3.2050031486509525,0.0697823057034129,3.2050528230643582,7.439999999999999,0.00144582128,1.8078425299999996,0.3567133946,1.1376000000000008,0.1291431453199999,3.3180203437805176,0.7369382381439209,2.5810821056365967,0.8615306615829468,2.0898594357463414,2.995926,31.0,0.996328367269289,moderate,True,https://di-india-collab.flow-analytics.io/tools/replay/2025-06-01T20:33:02Z,1,0.5592740010228794,-0.5811157630859708,2.4539773627336747
11014209_11014238,2025-06-01 20:39:03.619019985,4,4,1,0.040086409762709,7.421463966369629,0.6669870018959045,0.2497982799714047,0.764589786529541,11.126849174499512,6.154819488525391,2.170121473933747,3.10986328125,2.483973669251988,0.04801950909199,2.484137976360352,9.84,0.0015052288,1.8033415019999997,0.3573520922,1.1520000000000008,0.1211100676,1.9735115766525269,0.7523314952850342,1.221180081367493,0.4083710312843323,2.205134329257373,2.9903690000000003,31.0,0.9940037694018722,moderate,True,https://di-india-collab.flow-analytics.io/tools/replay/2025-06-01T20:39:03Z,1,0.18667108291086434,-1.6784071257498496,3.442564009016729
11014209_11014238,2025-06-01 20:39:14.108644009,4,4,1,0.1023800290475519,7.418769836425781,1.0598713159561155,0.07787298860921,0.9634987115859984,6.999689102172852,0.2238116264343261,3.526105991749086,3.10986328125,0.5725801834546991,0.0144416482573089,0.572584155698047,6.96,0.0962678814199999,0.9171406056,0.3908600425999999,1.1472000000000009,0.14251569296,1.6371828317642212,0.0834175273776054,1.5537652969360352,0.5356134176254272,1.6149684589710875,2.9009080000000003,30.0,0.9999979881584048,low,True,https://di-india-collab.flow-analytics.io/tools/replay/2025-06-01T20:39:14Z,1,3.4908938153744478,1.250157810981542,2.9043461792312546
11014220_11014249,2025-06-01 20:37:56.176830053,4,4,1,0.0816174389759886,7.471646308898926,0.9918508529663086,-0.0035332798523183,0.7126643657684326,7.533034324645996,8.952465057373047,-4.550588137727602,3.2021484375,0.9801457866555526,0.023751889005197,0.980829565861504,7.439999999999999,0.0101521773999999,1.1836770086,0.4082910453999999,1.156800000000001,0.13955472606,1.6588183641433716,0.0375140830874443,1.621304273605347,0.5594713091850281,1.247231427285968,2.897922,30.0,0.9959630262468032,low,True,https://di-india-collab.flow-analytics.io/tools/replay/2025-06-01T20:37:56Z,1,0.7817481950710566,-0.24622259147824715,2.0846489833804855
11014372_11014401,2025-06-01 20:37:51.075225115,4,4,1,0.0390181932218298,5.224945068359375,0.7011352181434631,-1.3064801741648784,-0.0241519510746002,7.452121734619141,4.476232528686523,4.486602098053607,3.04736328125,1.9747604854173235,0.0484001509157081,1.975999284267296,6.48,0.00136905204,1.7951407239999997,0.3554721866000001,1.1520000000000008,0.12194699728,0.3474816083908081,2.604640483856201,-2.2571587562561035,-0.7524076104164124,0.1380920205635398,2.999915,31.0,0.9094952040535824,low,True,https://di-india-collab.flow-analytics.io/tools/replay/2025-06-01T20:37:51Z,1,0.02646657734073537,-3.63187257443804,4.619193702875567
11016385_11016434,2025-06-01 20:42:49.164680958,4,4,1,0.0544195319894127,7.454680919647217,0.6700153946876526,0.1154404636550678,0.4421520233154297,11.126133918762209,0.111905813217163,0.0,3.060302734375,1.09480509890947,0.0210442526640737,1.0963596100419108,10.8,0.00154367736,1.2036391146,0.4036929771999999,1.156800000000001,0.12306269876,7.236093044281006,6.9768595695495605,0.2592334747314453,0.0892694443464279,3.5993897207333987,2.903944,30.0,0.9789644309562004,moderate,True,https://di-india-collab.flow-analytics.io/tools/replay/2025-06-01T20:42:49Z,1,0.001213739203381085,-6.714049433655905,5.76922848995207
11016863_11016890,2025-06-01 20:43:25.236053944,4,4,1,0.0301867355011314,6.437428951263428,0.5460905432701111,0.1854084626574629,0.7892816066741943,11.7882080078125,2.0143046379089355,-1.608859792882532,3.251953125,0.6665693144638442,0.0123359295955809,0.6687454822423338,11.76,0.0743796631799999,1.1482185768000002,0.4384269655999998,1.1664000000000008,0.1086987093399999,1.5107190608978271,0.0030869788024574,1.5076321363449097,0.5186716318130493,1.4539122737244006,2.906718,30.0,0.9997939757828896,low,True,https://di-india-collab.flow-analytics.io/tools/replay/2025-06-01T20:43:25Z,1,0.003011570144673831,-5.805293693480854,4.224259563516429
11017070_11017086,2025-06-01 20:43:39.438679934,4,4,1,0.1766372381298975,7.450684070587158,1.337216854095459,0.0765587808004977,1.8032615184783936,5.571784496307373,4.252420902252197,2.599075295588826,3.202392578125,1.1610062825193217,0.0337146250184419,1.166497090322542,5.52,0.00154367736,1.33119187,0.3879289032,1.156800000000001,0.1487336805,2.6004080772399902,0.0436706766486167,2.5567374229431152,0.8830199241638184,3.5166798326720388,2.895447,30.0,0.9931046538971726,moderate,True,https://di-india-collab.flow-analytics.io/tools/replay/2025-06-01T20:43:39Z,1,1.7472572857920405,0.5580472932287859,2.383313841095825
11017633_11017650,2025-06-01 20:44:51.121211052,4,4,1,0.1927242264151213,7.486201286315918,1.4495174884796145,-0.2062664203906997,1.3988841772079468,5.164616107940674,0.8952465057373047,-1.112971989533227,3.23046875,0.3211191462342715,0.009669070344094,0.3619542716634112,5.04,0.1281306736799999,0.4437001333999999,0.4315830813999999,1.1280000000000008,0.14394149722,2.0769364833831787,0.0577078908681869,2.01922869682312,0.6733201742172241,2.227213820935509,2.998913,31.0,0.9999251042898304,moderate,True,https://di-india-collab.flow-analytics.io/tools/replay/2025-06-01T20:44:51Z,1,2.1513391696497575,0.7660905178413508,2.270605727168115
11017650_11017670,2025-06-01 20:44:52.430131912,4,4,1,0.1547172894247417,6.664461135864258,1.2781740427017212,0.3013432652930248,1.5763485431671145,5.214048385620117,1.6785871982574463,1.5619176935447807,3.22021484375,0.2465648092362358,0.0073685291681824,0.2636920941321756,5.279999999999999,0.1241089023999999,0.3919538966000001,0.4344141731999998,1.1424000000000007,0.14343579712,2.014606475830078,0.0423809811472892,1.972225546836853,0.6812320947647095,2.289181540916995,2.895086,30.0,0.9998487330430984,moderate,True,https://di-india-collab.flow-analytics.io/tools/replay/2025-06-01T20:44:52Z,1,4.65919842388649,1.5388434213002609,1.7808352095362119
11017659_11017706,2025-06-01 20:44:51.923808098,4,4,1,0.099392095233591,7.452256679534912,1.1140272617340088,-0.2047810425775891,0.916301727294922,6.689474105834961,0.3357174396514892,-3.265358618386481,3.26025390625,0.6073100294373697,0.0157435707167378,0.6130611667204384,6.72,0.0943254115199999,1.4361077098,0.4439800567999998,1.1616000000000009,0.14315555966,1.3837968111038208,0.0191538259387016,1.3646429777145386,0.457158088684082,1.469748905870947,2.985057,31.0,0.9999748872663032,low,True,https://di-india-collab.flow-analytics.io/tools/replay/2025-06-01T20:44:51Z,1,9.774284525177532e-05,-9.233170556132876,4.949489650915335
11020570_11020773,2025-06-01 20:51:26.553024054,4,4,1,0.2451626043619802,7.3797197341918945,1.5265167951583862,-0.3556668987753977,1.9435145854949951,4.834352016448975,17.457305908203125,-2.6899654487738056,3.284912109375,1.7884244983555522,0.0566910924852486,1.788487888754815,4.56,0.00145561094,1.8033415019999997,0.3613835740000001,1.1520000000000008,0.1400785869999999,2.5906572341918945,0.0502788871526718,2.540378332138061,0.8750384449958801,2.277691725786226,2.903162,30.0,0.9807691172506008,moderate,True,https://di-india-collab.flow-analytics.io/tools/replay/2025-06-01T20:51:26Z,1,0.7506784650664675,-0.28677786128531574,2.243861142982988
11021365_11021423,2025-06-01 20:52:29.777734041,4,4,1,0.0791767679128942,2.164386749267578,0.5587620735168457,-0.5354807859550755,-0.8513741493225098,3.8735392093658447,169.87303161621094,-468.56309841032873,2.95654296875,1.8882674117238605,0.0683323145668298,1.888684497053383,0.96,0.00122738322,1.7893588479999998,0.3498628114000001,1.152000000000001,0.1171194963999999,0.5840537548065186,0.5049244165420532,0.0791293382644653,0.0983417853713035,2.955404499684247,0.804636,9.0,-0.6070959912582776,moderate,True,https://di-india-collab.flow-analytics.io/tools/replay/2025-06-01T20:52:29Z,1,1.5257635529094148e-103,-236.74376960319856,21.961754569462688
11021423_11021456,2025-06-01 20:52:40.868156910,4,4,1,0.1349119362561357,3.4700167179107666,0.6748617887496948,0.9622840287692696,2.289233446121216,5.141818523406982,23.05259704589844,4.317829887269202,3.034423828125,0.2583267307714179,0.0077870234858498,0.2630490821902128,5.04,0.0933271041999999,0.3154307215,0.4115469209999999,1.132800000000001,0.1143218114799999,3.0244178771972656,0.2243309617042541,2.800086975097656,0.9659262895584106,22.979951732530434,2.8988620000000003,28.0,0.9890944870784923,critical,True,https://di-india-collab.flow-analytics.io/tools/replay/2025-06-01T20:52:40Z,1,5.0620861950488986e-23,-51.33767844902083,10.5257799095886
11022574_11022804,2025-06-01 20:55:50.041596889,4,4,1,0.8703108745673432,6.751753807067871,2.5767900943756104,-1.2327614557918571,2.249814748764038,2.6202187538146973,0.5595290660858154,4.304973866421564,3.4462890625,0.2497046867276767,0.0112466202561991,0.2568700566245416,2.64,0.1694320720399999,0.3531560274,0.4296368376,1.1424000000000007,0.2831696011999999,2.5501925945281982,2.6777069568634038,-0.127514362335205,-0.0425572879612445,1.698298143581922,2.996299,31.0,0.998793355565961,low,True,https://di-india-collab.flow-analytics.io/tools/replay/2025-06-01T20:55:50Z,1,0.00014267634435438496,-8.854931819091519,5.037240136106567
11022649_11022666,2025-06-01 20:55:23.175853968,4,4,1,0.1693766273399432,7.365625858306885,1.2356352806091309,0.3652008338615163,1.762706279754639,5.961003303527832,4.923855781555176,15.313810158873292,3.10498046875,1.4734564077824628,0.0411687654490678,1.4742169531653069,5.76,0.00154367736,1.7406244859999995,0.3366691234000001,1.1520000000000008,0.1474942607999999,2.4165425300598145,0.0529678724706172,2.363574743270874,0.7937196493148804,2.084575975656982,2.977846,31.0,0.9974693035262764,moderate,True,https://di-india-collab.flow-analytics.io/tools/replay/2025-06-01T20:55:23Z,1,0.4950149102671745,-0.70316739511523,3.537061473608371
11022850_11022859,2025-06-01 20:55:58.140419960,4,4,1,0.1178931801612552,7.277215003967285,1.2527804374694824,-0.2946621030927435,1.3435001373291016,5.80885124206543,11.63820457458496,5.5654033783521,2.97802734375,5.93033654368502,0.1699165316196833,5.930720970236809,1.92,0.00140664828,2.013645017999999,0.311775859,1.1472000000000009,0.1462054266,7.224519729614258,3.7061104774475098,3.518409252166748,1.1751059293746948,3.214670121951509,2.994121,31.0,0.9881681826302692,moderate,True,https://di-india-collab.flow-analytics.io/tools/replay/2025-06-01T20:55:58Z,1,2.381006452873581e-05,-10.645402187316474,5.236580309043466
11023405_11023488,2025-06-01 20:57:22.685141087,4,4,1,0.0476303735191615,6.809937000274658,0.7742688655853271,-0.1506120878891693,0.6201695203781128,8.795312881469727,1.342869758605957,-2.3787519068678598,3.047607421875,0.2306529978171872,0.0050450860417393,0.2420578049436601,8.879999999999999,0.1087947923,0.55965091938,0.3971223687999998,1.1376000000000008,0.1149450947999999,0.9900566339492798,1.3134154081344604,-0.3233587741851806,-0.1079510971903801,0.7129761639885835,2.995419,31.0,0.9994627590305308,low,True,https://di-india-collab.flow-analytics.io/tools/replay/2025-06-01T20:57:22Z,1,1.972627479333588,0.6793663999555748,2.767362199724586
11024918_11024922,2025-06-01 21:01:28.458585978,4,4,1,0.1876131002142011,7.434955596923828,1.5159958600997925,-0.945710324858385,1.8868935108184812,4.9043378829956055,2.0143046379089355,4.387642903243575,2.865234375,0.9144716877769044,0.0286058646009957,0.9156303327489758,4.8,0.0289626493399999,1.1246483891999997,0.3752622347999998,1.166400000000001,0.1444827439999999,4.516262054443359,0.8386351466178894,3.677626848220825,1.2594366073608398,2.658155201134481,2.920057,30.0,0.9999333336111842,moderate,True,https://di-india-collab.flow-analytics.io/tools/replay/2025-06-01T21:01:28Z,1,0.41973135661168837,-0.8681403994684445,3.4240455815860225
11025617_11025647,2025-06-01 21:03:20.087902069,6,4,1,0.0444345788848248,7.467479228973389,0.8854719996452332,-1.169081974439265,0.5374734997749329,8.433331489562988,2.2381162643432617,-19.640087598400743,3.4794921875,0.3285292418678849,0.0073864723164527,0.3288749480586376,8.4,0.1119683262399999,0.4040515459,0.4407412023999998,1.1184000000000007,0.1236111978399999,0.8898534178733826,1.694730281829834,-0.8048768639564514,-0.2688744068145752,1.0766072295329008,2.993505,31.0,0.9995329771521224,low,True,https://di-india-collab.flow-analytics.io/tools/replay/2025-06-01T21:03:20Z,1,0.20162165843465688,-1.6013623158438124,3.0860714591716603
11025629_11025682,2025-06-01 21:03:20.869596004,4,4,1,0.8937300461096072,6.743993282318115,2.616096973419189,-1.3125284695395498,2.354536771774292,2.57788348197937,0.4476232528686523,0.0,3.23486328125,0.360111228858252,0.0164195531613469,0.4034860171952459,2.64,0.1572920798799999,0.6099824614,0.4293395886,1.1136000000000008,0.2800769178,2.6575675010681152,3.4303624629974365,-0.7727949619293213,-0.2861192524433136,1.9644975537380744,2.700954,28.0,0.9990841850765312,low,True,https://di-india-collab.flow-analytics.io/tools/replay/2025-06-01T21:03:20Z,1,0.01317437185904757,-4.329481862423915,4.495503381045927
11029241_11029261,2025-06-01 21:12:08.181458950,4,4,1,0.1336339676448603,6.711319446563721,1.2575346231460571,0.3677673690680262,1.4388692378997805,5.336886405944824,0.4476232528686523,-1.377387120214097,3.065185546875,0.1057125197480719,0.0030972354191811,0.1267217844118817,5.279999999999999,0.1208613133999999,0.39255187506,0.3833436117999999,1.1472000000000009,0.14057894812,1.7403647899627686,0.0664816945791244,1.673883080482483,0.5599246621131897,1.315763801807473,2.989479,31.0,0.999623172115027,low,True,https://di-india-collab.flow-analytics.io/tools/replay/2025-06-01T21:12:08Z,1,1.1278894027000834,0.12034810101722207,3.254168054087983
11029444_11029465,2025-06-01 21:13:36.663216114,4,4,1,0.100676075584661,7.494750022888184,1.3874173164367676,-0.0825644322233668,1.5341343879699707,5.401943683624268,2.573833703994751,1.5095712999204547,3.19482421875,0.0008138505931411,2.288027273483128e-05,0.1637953926826462,5.52,0.14052303582,0.60635379812,0.4358592125999997,1.142400000000001,0.14042410182,7.342217445373535,7.805721759796143,-0.4635043144226074,-0.1549157351255417,0.9006627647141984,2.991977,31.0,0.9995948849334284,low,True,https://di-india-collab.flow-analytics.io/tools/replay/2025-06-01T21:13:36Z,1,2.0669532420580537e-08,-17.69460508467064,7.501598879780893
11032066_11032131,2025-06-01 21:19:44.568399906,4,4,1,0.0782381914194909,3.0120201110839844,0.4946851730346679,-0.2104115303471188,-0.1575535237789154,6.088761806488037,0.2238116264343261,-20.62162305947513,2.5943603515625,0.6322308509328067,0.0173398393764239,0.6329713583397875,5.76,0.0761735135799999,0.9124818018000002,0.3847743871999998,1.156800000000001,0.1122215822199999,0.3478488028049469,0.6083399057388306,-0.2604911029338836,-0.0898369401693344,4.405318214464974,2.8995990000000003,26.0,0.9415368707735552,serious,True,https://di-india-collab.flow-analytics.io/tools/replay/2025-06-01T21:19:44Z,1,6.227707211760668e-08,-16.591672502684816,6.531056194145708
11033470_11033482,2025-06-01 21:25:00.335789919,4,4,1,0.2843459266215595,7.379037380218506,1.67292058467865,-0.0050985621667404,2.1083033084869385,4.410871505737305,0.5595290660858154,16.532620576970547,3.012451171875,0.075226497250939,0.0024632666160894,0.1689353727206049,4.32,0.1448354060599999,0.5985527129600001,0.392429859,1.1424000000000007,0.1554399734199999,6.056493759155273,0.7257993221282959,5.330694198608398,1.839808464050293,3.369503379358373,2.897418,30.0,0.999906702237192,moderate,True,https://di-india-collab.flow-analytics.io/tools/replay/2025-06-01T21:25:00Z,1,0.022054627965195726,-3.814232814069176,4.8659611414249815
11033470_11033482,2025-06-01 21:25:53.166084051,4,4,1,0.1013501956346437,7.255402565002441,0.9804032444953918,1.2431002358192178,0.5162301063537598,7.400426864624023,0.2238116264343261,1.4497485050298116,3.012451171875,0.5599288634576354,0.013659515042096,0.5659382765041611,7.439999999999999,0.0926483719399999,0.8914513587999998,0.3899412123999998,1.1472000000000009,0.13627651942,4.967525959014893,6.232203960418701,-1.2646780014038086,-0.4346308410167694,2.7454057651762205,2.909775,30.0,0.9999998493789432,moderate,True,https://di-india-collab.flow-analytics.io/tools/replay/2025-06-01T21:25:53Z,1,0.12499797889049555,-2.0794577106865892,2.62454528178452
11033550_11033568,2025-06-01 21:25:20.572626114,4,6,1,0.2141282323014246,7.455994606018066,1.456816792488098,0.1488936026451555,1.487823486328125,5.118004322052002,2.90955114364624,2.532895160340641,3.38525390625,0.3647852987575156,0.0110532535750002,0.3771819375172379,5.04,0.1212253837199999,0.59470832,0.4315830813999999,1.1136000000000008,0.14446113382,1.934615135192871,0.0220478642731905,1.9125672578811648,0.6403965353965759,2.138329212788191,2.986536,31.0,0.9998589252192258,moderate,True,https://di-india-collab.flow-analytics.io/tools/replay/2025-06-01T21:25:20Z,1,0.7115278549168947,-0.3403407126515905,2.400373641532499
11033584_11033605,2025-06-01 21:25:25.562753916,4,4,1,0.0503491825726605,2.3782873153686523,0.4540513157844543,0.6119447896416196,0.3071091771125793,5.237926483154297,130.14544677734375,33.33187584797636,3.259765625,1.1698446602127377,0.0352475247265648,1.1712349510243871,4.08,0.00135460828,1.2885276790000004,0.3926213058,1.1712000000000011,0.11651629686,0.8654990792274475,1.9652289152145384,-1.0997297763824463,-0.5503309965133667,2.784844965380947,1.998306,21.0,0.223049703983509,moderate,True,https://di-india-collab.flow-analytics.io/tools/replay/2025-06-01T21:25:25Z,1,2.1363571111922543e-20,-45.292599765869376,9.696881096841691
11033682_11033690,2025-06-01 21:25:46.540132046,4,4,1,0.1612841678500856,6.638547420501709,1.321548581123352,0.3708931403623921,1.0981433391571045,5.023309230804443,1.1190581321716309,-3.673177878337501,3.29541015625,0.4283679067895867,0.0131399038405672,0.4312532357357099,5.04,0.1023378329399999,0.8799166732000002,0.4411911767999998,1.1376000000000008,0.15081702706,1.4131313562393188,0.0248546358197927,1.3882766962051392,0.4636407494544983,2.310535087410918,2.994294,31.0,0.9999916697960928,moderate,True,https://di-india-collab.flow-analytics.io/tools/replay/2025-06-01T21:25:46Z,1,1.2217455990773853,0.2002806550150344,2.095395093816514
11033920_11033935,2025-06-01 21:27:22.783078909,4,4,1,0.0393731050636866,6.829197406768799,0.7609824538230896,-0.4149131894159208,0.7936129570007324,8.9741849899292,1.1190581321716309,9.924687438886354,3.042724609375,0.4087961078734727,0.0088704325928784,0.4115220414813769,8.879999999999999,0.1029727816799999,0.6516062008,0.3950614643999999,1.132800000000001,0.1216100786999999,5.048067569732666,3.997497081756592,1.0505704879760742,0.3521098792552948,1.8285636618791976,2.983644,31.0,0.9997814594760728,low,True,https://di-india-collab.flow-analytics.io/tools/replay/2025-06-01T21:27:22Z,1,0.6474469413484268,-0.4347184326294595,1.9418662798888566
11034055_11034146,2025-06-01 21:27:20.079811096,4,4,1,0.88785747465041,7.481242656707764,2.805459976196289,-1.6784560154254573,2.377432346343994,2.666672468185425,3.0214569568634038,-9.224022058882255,2.919921875,0.5729441182406313,0.0256852415736578,0.5737843914154791,2.64,0.1394482154,0.8344416936000002,0.3970825088,1.1424000000000007,0.2823451566,3.1733548641204834,2.6866369247436523,0.486717939376831,0.1628449410200119,1.444081285689205,2.988843,31.0,0.9992717747236596,low,True,https://di-india-collab.flow-analytics.io/tools/replay/2025-06-01T21:27:20Z,1,0.004161416776992091,-5.481899691297908,4.516441599543515
11035802_11035852,2025-06-01 21:33:26.836127996,4,4,1,0.2170179602569047,7.450356483459473,1.499232292175293,-0.1760823714564308,1.3897101879119873,4.969447612762451,14.771567344665527,-21.00111284017167,2.9326171875,0.7250139630391339,0.0224652723912361,0.7463469549994416,5.04,0.06145138948,1.0301980144,0.3774887143999998,1.1616000000000009,0.1450831785,1.8325731754302976,1.9424803256988523,-0.1099071502685546,-0.0368277467787265,1.166118138937084,2.984357,31.0,0.978765232943466,low,True,https://di-india-collab.flow-analytics.io/tools/replay/2025-06-01T21:33:26Z,1,1.2933208348240388,0.25721320112453133,2.5406319677353744
11038390_11038523,2025-06-01 21:41:34.231607914,4,4,1,1.1098696291613357,6.409393310546875,2.701481819152832,-0.7459554209932194,2.123048782348633,2.372547149658203,16.673965454101562,-14.207868364885098,3.20751953125,1.249634812131457,0.0603913970360496,1.290959797400911,2.4,0.00151649894,1.5666649379999993,0.3625691470000001,1.1376000000000008,0.2694722754,2.461482524871826,3.09879207611084,-0.6373095512390137,-0.2128817290067672,1.6806903432415987,2.993726,31.0,0.9159745934493736,low,True,https://di-india-collab.flow-analytics.io/tools/replay/2025-06-01T21:41:34Z,1,0.007241283995425401,-4.9279567408742615,3.7855305553561998
11042147_11042160,2025-06-01 21:53:23.520112038,4,4,1,0.165385590235224,7.371351718902588,1.5154985189437866,0.1466108477568153,1.4563865661621094,4.863978385925293,2.797645330429077,31.7626020405836,2.865966796875,2.1710086294198603,0.068661564717608,2.1790492191016657,4.56,0.00144582128,1.8078425299999996,0.3368422282000001,1.1376000000000008,0.143131179,8.268731117248535,7.460466384887695,0.8082647323608398,0.2699550092220306,2.528653974466798,2.994072,31.0,0.9995679546517444,moderate,True,https://di-india-collab.flow-analytics.io/tools/replay/2025-06-01T21:53:23Z,1,0.0004942771606066293,-7.61241414424865,5.60104331983825
11044756_11044765,2025-06-01 22:01:48.467991114,4,4,1,0.4899615362729319,7.355376243591309,2.060779094696045,-0.8242245299569797,2.471012592315674,3.569221019744873,1.6785871982574463,-4.423942239249354,3.15771484375,0.1004976534315232,0.0037409316416277,0.1195818226859514,3.6,0.19823653034,0.4062620799600002,0.3963235162,1.1424000000000007,0.1763251483999999,2.9360451698303223,3.0132195949554443,-0.077174425125122,-0.0265985988080501,2.329106853845087,2.901447,30.0,0.9999873673498858,moderate,True,https://di-india-collab.flow-analytics.io/tools/replay/2025-06-01T22:01:48Z,1,0.004668889447274019,-5.366834041304504,4.832288789366303
11045142_11045150,2025-06-01 22:02:50.564448118,4,4,1,0.1793168954979575,6.538811683654785,1.3017767667770386,-0.1363490966425027,1.3398919105529783,5.0229902267456055,7.399771690368652,3.470604510590893,3.0068359375,0.594859917558934,0.0182896161110311,0.5997686830308256,5.04,0.08764241688,0.8899296978,0.3804007107999998,1.1616000000000009,0.1433625031,1.668545126914978,0.0306795854121446,1.6378655433654783,0.5462813377380371,1.99006505736668,2.998209,31.0,0.9998827715837884,low,True,https://di-india-collab.flow-analytics.io/tools/replay/2025-06-01T22:02:50Z,1,7.231975596338139,1.9785122486840354,2.2219898862392613
11047683_11047697,2025-06-01 22:09:25.665471077,4,4,1,0.1400613045454398,7.191371440887451,1.2747379541397097,0.1068256356615455,-0.1544079780578613,5.641450881958008,4.140515327453613,-9.361545930371124,2.9892578125,0.704886240726637,0.0202474098517419,0.7101301219065862,5.52,0.06149879428,0.9279557522,0.3709598965999998,1.1712000000000011,0.1433625031,3.226025342941284,2.9990227222442627,0.2270026206970214,0.0781971961259841,1.4979191159170646,2.902951,30.0,0.9975816905809192,low,True,https://di-india-collab.flow-analytics.io/tools/replay/2025-06-01T22:09:25Z,1,0.07808996215955764,-2.5498937558824224,3.2618821095131088
11053769_11054214,2025-06-01 22:33:06.293327093,4,4,1,0.286274221651106,7.462823867797852,1.7013269662857056,-0.3464316183164707,1.7758431434631348,4.386472225189209,5.707196235656738,-1.2513089845646368,2.975341796875,0.0319329680561109,0.0010428232944579,0.1173826565098789,4.32,0.14977946602,0.4902022078399999,0.3912607086,1.1376000000000008,0.15501271362,2.44460678100586,0.1336531937122345,2.3109536170959477,0.797666072845459,2.309195922470415,2.897144,30.0,0.9991441737488452,moderate,True,https://di-india-collab.flow-analytics.io/tools/replay/2025-06-01T22:33:06Z,1,0.28219970410435724,-1.2651402880956626,3.1728121120456296
11054838_11054847,2025-06-01 22:35:47.555721998,4,4,1,0.2248955812335869,7.364452838897705,1.4533206224441528,-0.0004377999736201,2.1026058197021484,5.067328453063965,5.8191022872924805,3.80534926329938,3.400390625,1.2278100814551802,0.037744122014627,1.2391593125994549,5.04,0.00154367736,1.5607465839999992,0.367032543,1.1520000000000008,0.1478296563999999,2.6935176849365234,0.0973297283053398,2.5961880683898926,0.8897334933280945,3.354660154704268,2.917939,30.0,0.9987700921791371,moderate,True,https://di-india-collab.flow-analytics.io/tools/replay/2025-06-01T22:35:47Z,1,0.8413534137831655,-0.17274347686132782,3.140659173133906
11056362_11056388,2025-06-01 22:40:09.956281900,4,4,1,0.1329211284149594,7.48672342300415,1.2191717624664309,0.1437594501183137,1.2067184448242188,6.140827655792236,0.0,2.2319561991509773,3.33203125,0.2902647550607728,0.0078775861058468,0.3189777257909735,6.24,0.1204935489799999,0.4159034336,0.4332450227999999,1.1376000000000008,0.14705697182,1.7950809001922607,0.0425815135240554,1.7524993419647217,0.6051063537597656,1.439680586773639,2.896184,30.0,0.999122293335492,low,True,https://di-india-collab.flow-analytics.io/tools/replay/2025-06-01T22:40:09Z,1,3.0416628019819827,1.1124043402183723,2.257619764479385
