{
  "validation": {
    "baseline": {
      "precision": 0.1590909090909091,
      "recall": 1.0,
      "f1": 0.27450980392156865,
      "tp": 7,
      "fp": 37,
      "fn": 0,
      "tn": 9
    },
    "filtered": {
      "precision": 0.11764705882352941,
      "recall": 0.5714285714285714,
      "f1": 0.1951219512195122,
      "tp": 4,
      "fp": 30,
      "fn": 3,
      "tn": 16
    }
  },
  "test": {
    "baseline": {
      "precision": 0.12,
      "recall": 0.8571428571428571,
      "f1": 0.21052631578947367,
      "tp": 6,
      "fp": 44,
      "fn": 1,
      "tn": 3
    },
    "filtered": {
      "precision": 0.1282051282051282,
      "recall": 0.7142857142857143,
      "f1": 0.21739130434782608,
      "tp": 5,
      "fp": 34,
      "fn": 2,
      "tn": 13
    }
  }
}